# Generated graphics lab wavy beach strip
mtllib graphicsBeach.mtl
o graphics_beach_strip
v -760.000000 -0.013714 -430.000000
v -747.333333 -0.005459 -430.000000
v -734.666667 0.003048 -430.000000
v -722.000000 0.011414 -430.000000
v -709.333333 0.019252 -430.000000
v -696.666667 0.026202 -430.000000
v -684.000000 0.031941 -430.000000
v -671.333333 0.036205 -430.000000
v -658.666667 0.038797 -430.000000
v -646.000000 0.039596 -430.000000
v -633.333333 0.038567 -430.000000
v -620.666667 0.035756 -430.000000
v -608.000000 0.031294 -430.000000
v -595.333333 0.025386 -430.000000
v -582.666667 0.018306 -430.000000
v -570.000000 0.010380 -430.000000
v -557.333333 0.001975 -430.000000
v -544.666667 -0.006522 -430.000000
v -532.000000 -0.014717 -430.000000
v -519.333333 -0.022233 -430.000000
v -506.666667 -0.028721 -430.000000
v -494.000000 -0.033883 -430.000000
v -481.333333 -0.037480 -430.000000
v -468.666667 -0.039346 -430.000000
v -456.000000 -0.039394 -430.000000
v -443.333333 -0.037623 -430.000000
v -430.666667 -0.034114 -430.000000
v -418.000000 -0.029029 -430.000000
v -405.333333 -0.022604 -430.000000
v -392.666667 -0.015134 -430.000000
v -380.000000 -0.006965 -430.000000
v -367.333333 0.001525 -430.000000
v -354.666667 0.009945 -430.000000
v -342.000000 0.017906 -430.000000
v -329.333333 0.025039 -430.000000
v -316.666667 0.031016 -430.000000
v -304.000000 0.035560 -430.000000
v -291.333333 0.038462 -430.000000
v -278.666667 0.039588 -430.000000
v -266.000000 0.038884 -430.000000
v -253.333333 0.036385 -430.000000
v -240.666667 0.032205 -430.000000
v -228.000000 0.026538 -430.000000
v -215.333333 0.019645 -430.000000
v -202.666667 0.011844 -430.000000
v -190.000000 0.003496 -430.000000
v -177.333333 -0.005013 -430.000000
v -164.666667 -0.013290 -430.000000
v -152.000000 -0.020954 -430.000000
v -139.333333 -0.027650 -430.000000
v -126.666667 -0.033069 -430.000000
v -114.000000 -0.036960 -430.000000
v -101.333333 -0.039144 -430.000000
v -88.666667 -0.039520 -430.000000
v -76.000000 -0.038071 -430.000000
v -63.333333 -0.034863 -430.000000
v -50.666667 -0.030045 -430.000000
v -38.000000 -0.023839 -430.000000
v -25.333333 -0.016532 -430.000000
v -12.666667 -0.008461 -430.000000
v 0.000000 0.000000 -430.000000
v 12.666667 0.008461 -430.000000
v 25.333333 0.016532 -430.000000
v 38.000000 0.023839 -430.000000
v 50.666667 0.030045 -430.000000
v 63.333333 0.034863 -430.000000
v 76.000000 0.038071 -430.000000
v 88.666667 0.039520 -430.000000
v 101.333333 0.039144 -430.000000
v 114.000000 0.036960 -430.000000
v 126.666667 0.033069 -430.000000
v 139.333333 0.027650 -430.000000
v 152.000000 0.020954 -430.000000
v 164.666667 0.013290 -430.000000
v 177.333333 0.005013 -430.000000
v 190.000000 -0.003496 -430.000000
v 202.666667 -0.011844 -430.000000
v 215.333333 -0.019645 -430.000000
v 228.000000 -0.026538 -430.000000
v 240.666667 -0.032205 -430.000000
v 253.333333 -0.036385 -430.000000
v 266.000000 -0.038884 -430.000000
v 278.666667 -0.039588 -430.000000
v 291.333333 -0.038462 -430.000000
v 304.000000 -0.035560 -430.000000
v 316.666667 -0.031016 -430.000000
v 329.333333 -0.025039 -430.000000
v 342.000000 -0.017906 -430.000000
v 354.666667 -0.009945 -430.000000
v 367.333333 -0.001525 -430.000000
v 380.000000 0.006965 -430.000000
v 392.666667 0.015134 -430.000000
v 405.333333 0.022604 -430.000000
v 418.000000 0.029029 -430.000000
v 430.666667 0.034114 -430.000000
v 443.333333 0.037623 -430.000000
v 456.000000 0.039394 -430.000000
v 468.666667 0.039346 -430.000000
v 481.333333 0.037480 -430.000000
v 494.000000 0.033883 -430.000000
v 506.666667 0.028721 -430.000000
v 519.333333 0.022233 -430.000000
v 532.000000 0.014717 -430.000000
v 544.666667 0.006522 -430.000000
v 557.333333 -0.001975 -430.000000
v 570.000000 -0.010380 -430.000000
v 582.666667 -0.018306 -430.000000
v 595.333333 -0.025386 -430.000000
v 608.000000 -0.031294 -430.000000
v 620.666667 -0.035756 -430.000000
v 633.333333 -0.038567 -430.000000
v 646.000000 -0.039596 -430.000000
v 658.666667 -0.038797 -430.000000
v 671.333333 -0.036205 -430.000000
v 684.000000 -0.031941 -430.000000
v 696.666667 -0.026202 -430.000000
v 709.333333 -0.019252 -430.000000
v 722.000000 -0.011414 -430.000000
v 734.666667 -0.003048 -430.000000
v 747.333333 0.005459 -430.000000
v 760.000000 0.013714 -430.000000
v -760.000000 -0.006800 -416.494563
v -747.333333 0.001292 -416.645418
v -734.666667 0.009490 -416.866995
v -722.000000 0.017414 -417.117125
v -709.333333 0.024698 -417.349856
v -696.666667 0.031007 -417.526946
v -684.000000 0.036049 -417.627223
v -671.333333 0.039590 -417.651366
v -658.666667 0.041468 -417.620874
v -646.000000 0.041595 -417.571525
v -633.333333 0.039966 -417.543071
v -620.666667 0.036656 -417.567916
v -608.000000 0.031818 -417.661789
v -595.333333 0.025675 -417.818901
v -582.666667 0.018511 -418.012874
v -570.000000 0.010658 -418.203223
v -557.333333 0.002476 -418.345703
v -544.666667 -0.005654 -418.403783
v -532.000000 -0.013359 -418.358254
v -519.333333 -0.020281 -418.212408
v -506.666667 -0.026102 -417.991451
v -494.000000 -0.030552 -417.736267
v -481.333333 -0.033426 -417.493184
v -468.666667 -0.034591 -417.302415
v -456.000000 -0.033994 -417.188201
v -443.333333 -0.031661 -417.153240
v -430.666667 -0.027701 -417.178832
v -418.000000 -0.022296 -417.230688
v -405.333333 -0.015697 -417.268833
v -392.666667 -0.008207 -417.258977
v -380.000000 -0.000174 -417.182313
v -367.333333 0.008032 -417.041149
v -354.666667 0.016033 -416.858864
v -342.000000 0.023458 -416.674171
v -329.333333 0.029964 -416.531207
v -316.666667 0.035251 -416.468038
v -304.000000 0.039075 -416.506604
v -291.333333 0.041259 -416.646772
v -278.666667 0.041702 -416.866057
v -266.000000 0.040384 -417.125095
v -253.333333 0.037366 -417.377442
v -240.666667 0.032787 -417.581142
v -228.000000 0.026858 -417.709015
v -215.333333 0.019854 -417.754991
v -202.666667 0.012097 -417.734847
v -190.000000 0.003947 -417.681170
v -177.333333 -0.004221 -417.633908
v -164.666667 -0.012028 -417.629026
v -152.000000 -0.019115 -417.688287
v -139.333333 -0.025154 -417.812870
v -126.666667 -0.029867 -417.982530
v -114.000000 -0.033035 -418.160545
v -101.333333 -0.034512 -418.303144
v -88.666667 -0.034230 -418.370954
v -76.000000 -0.032202 -418.339434
v -63.333333 -0.028521 -418.205560
v -50.666667 -0.023359 -417.988972
v -38.000000 -0.016952 -417.727293
v -25.333333 -0.009597 -417.466813
v -12.666667 -0.001635 -417.250999
v 0.000000 0.006569 -417.109822
v 12.666667 0.014634 -417.052699
v 25.333333 0.022187 -417.066883
v 38.000000 0.028881 -417.121693
v 50.666667 0.034406 -417.177455
v 63.333333 0.038507 -417.196750
v 76.000000 0.040994 -417.154999
v 88.666667 0.041753 -417.047549
v 101.333333 0.040748 -416.891398
v 114.000000 0.038026 -416.721065
v 126.666667 0.033712 -416.579695
v 139.333333 0.028006 -416.507741
v 152.000000 0.021172 -416.532192
v 164.666667 0.013524 -416.659209
v 177.333333 0.005417 -416.872105
v 190.000000 -0.002775 -417.135212
v 202.666667 -0.010674 -417.402654
v 215.333333 -0.017916 -417.629698
v 228.000000 -0.024164 -417.783749
v 240.666667 -0.029132 -417.852083
v 253.333333 -0.032589 -417.844332
v 266.000000 -0.034376 -417.789075
v 278.666667 -0.034410 -417.725470
v 291.333333 -0.032690 -417.692156
v 304.000000 -0.029294 -417.716378
v 316.666667 -0.024381 -417.806225
v 329.333333 -0.018177 -417.948042
v 342.000000 -0.010968 -418.109716
v 354.666667 -0.003088 -418.248977
v 367.333333 0.005100 -418.324537
v 380.000000 0.013218 -418.307117
v 392.666667 0.020890 -418.187462
v 405.333333 0.027762 -417.979218
v 418.000000 0.033516 -417.715893
v 430.666667 0.037888 -417.442694
v 443.333333 0.040674 -417.205363
v 456.000000 0.041747 -417.038944
v 468.666667 0.041056 -416.959402
v 481.333333 0.038634 -416.960292
v 494.000000 0.034592 -417.015315
v 506.666667 0.029118 -417.086073
v 519.333333 0.022464 -417.132944
v 532.000000 0.014937 -417.126185
v 544.666667 0.006885 -417.054325
v 557.333333 -0.001320 -416.927601
v 570.000000 -0.009299 -416.775535
v 582.666667 -0.016684 -416.639268
v 595.333333 -0.023133 -416.560683
v 608.000000 -0.028348 -416.571170
v 620.666667 -0.032090 -416.683015
v 633.333333 -0.034184 -416.885689
v 646.000000 -0.034534 -417.148029
v 658.666667 -0.033124 -417.425756
v 671.333333 -0.030019 -417.672372
v 684.000000 -0.025362 -417.850582
v 696.666667 -0.019369 -417.941258
v 709.333333 -0.012317 -417.947611
v 722.000000 -0.004531 -417.893490
v 734.666667 0.003630 -417.816298
v 747.333333 0.011788 -417.756398
v 760.000000 0.019566 -417.745845
v -760.000000 -0.000036 -402.989126
v -747.333333 0.007836 -403.290835
v -734.666667 0.015676 -403.733991
v -722.000000 0.023121 -404.234250
v -709.333333 0.029829 -404.699712
v -696.666667 0.035488 -405.053892
v -684.000000 0.039839 -405.254447
v -671.333333 0.042679 -405.302732
v -658.666667 0.043878 -405.241748
v -646.000000 0.043380 -405.143050
v -633.333333 0.041208 -405.086142
v -620.666667 0.037463 -405.135831
v -608.000000 0.032317 -405.323578
v -595.333333 0.026009 -405.637803
v -582.666667 0.018829 -406.025747
v -570.000000 0.011109 -406.406446
v -557.333333 0.003207 -406.691405
v -544.666667 -0.004514 -406.807567
v -532.000000 -0.011697 -406.716507
v -519.333333 -0.018009 -406.424816
v -506.666667 -0.023160 -405.982902
v -494.000000 -0.026911 -405.472534
v -481.333333 -0.029089 -404.986368
v -468.666667 -0.029593 -404.604829
v -456.000000 -0.028401 -404.376402
v -443.333333 -0.025567 -404.306481
v -430.666667 -0.021222 -404.357665
v -418.000000 -0.015567 -404.461375
v -405.333333 -0.008863 -404.537666
v -392.666667 -0.001419 -404.517954
v -380.000000 0.006420 -404.364626
v -367.333333 0.014292 -404.082299
v -354.666667 0.021834 -403.717727
v -342.000000 0.028697 -403.348341
v -329.333333 0.034565 -403.062414
v -316.666667 0.039166 -402.936075
v -304.000000 0.042289 -403.013207
v -291.333333 0.043787 -403.293544
v -278.666667 0.043593 -403.732115
v -266.000000 0.041716 -404.250189
v -253.333333 0.038242 -404.754884
v -240.666667 0.033331 -405.162285
v -228.000000 0.027210 -405.418029
v -215.333333 0.020163 -405.509981
v -202.666667 0.012514 -405.469694
v -190.000000 0.004617 -405.362340
v -177.333333 -0.003163 -405.267816
v -164.666667 -0.010467 -405.258052
v -152.000000 -0.016958 -405.376574
v -139.333333 -0.022335 -405.625739
v -126.666667 -0.026351 -405.965060
v -114.000000 -0.028820 -406.321089
v -101.333333 -0.029628 -406.606288
v -88.666667 -0.028737 -406.741908
v -76.000000 -0.026189 -406.678869
v -63.333333 -0.022102 -406.411120
v -50.666667 -0.016664 -405.977944
v -38.000000 -0.010126 -405.454585
v -25.333333 -0.002790 -404.933625
v -12.666667 0.005004 -404.501997
v 0.000000 0.012897 -404.219644
v 12.666667 0.020525 -404.105399
v 25.333333 0.027534 -404.133765
v 38.000000 0.033601 -404.243386
v 50.666667 0.038447 -404.354909
v 63.333333 0.041846 -404.393500
v 76.000000 0.043643 -404.309997
v 88.666667 0.043753 -404.095098
v 101.333333 0.042173 -403.782797
v 114.000000 0.038974 -403.442130
v 126.666667 0.034305 -403.159391
v 139.333333 0.028382 -403.015482
v 152.000000 0.021478 -403.064384
v 164.666667 0.013911 -403.318419
v 177.333333 0.006032 -403.744209
v 190.000000 -0.001796 -404.270425
v 202.666667 -0.009211 -404.805308
v 215.333333 -0.015870 -405.259397
v 228.000000 -0.021467 -405.567498
v 240.666667 -0.025742 -405.704166
v 253.333333 -0.028498 -405.688664
v 266.000000 -0.029608 -405.578151
v 278.666667 -0.029021 -405.450941
v 291.333333 -0.026763 -405.384312
v 304.000000 -0.022939 -405.432756
v 316.666667 -0.017725 -405.612450
v 329.333333 -0.011363 -405.896084
v 342.000000 -0.004146 -406.219431
v 354.666667 0.003592 -406.497954
v 367.333333 0.011495 -406.649074
v 380.000000 0.019196 -406.614233
v 392.666667 0.026341 -406.374924
v 405.333333 0.032598 -405.958436
v 418.000000 0.037681 -405.431787
v 430.666667 0.041352 -404.885388
v 443.333333 0.043444 -404.410726
v 456.000000 0.043858 -404.077888
v 468.666667 0.042577 -403.918805
v 481.333333 0.039659 -403.920584
v 494.000000 0.035240 -404.030630
v 506.666667 0.029522 -404.172146
v 519.333333 0.022771 -404.265888
v 532.000000 0.015298 -404.252371
v 544.666667 0.007448 -404.108650
v 557.333333 -0.000416 -403.855202
v 570.000000 -0.007930 -403.551069
v 582.666667 -0.014749 -403.278536
v 595.333333 -0.020556 -403.121366
v 608.000000 -0.025084 -403.142340
v 620.666667 -0.028124 -403.366030
v 633.333333 -0.029534 -403.771379
v 646.000000 -0.029250 -404.296058
v 658.666667 -0.027286 -404.851512
v 671.333333 -0.023731 -405.344745
v 684.000000 -0.018750 -405.701164
v 696.666667 -0.012573 -405.882516
v 709.333333 -0.005485 -405.895221
v 722.000000 0.002185 -405.786981
v 734.666667 0.010085 -405.632597
v 747.333333 0.017849 -405.512797
v 760.000000 0.025119 -405.491690
v -760.000000 0.006555 -389.483689
v -747.333333 0.014153 -389.936253
v -734.666667 0.021593 -390.600986
v -722.000000 0.028530 -391.351376
v -709.333333 0.034644 -392.049568
v -696.666667 0.039653 -392.580839
v -684.000000 0.043325 -392.881670
v -671.333333 0.045491 -392.954098
v -658.666667 0.046051 -392.862621
v -646.000000 0.044978 -392.714575
v -633.333333 0.042323 -392.629213
v -620.666667 0.038208 -392.703747
v -608.000000 0.032823 -392.985368
v -595.333333 0.026417 -393.456704
v -582.666667 0.019285 -394.038621
v -570.000000 0.011757 -394.609669
v -557.333333 0.004182 -395.037108
v -544.666667 -0.003092 -395.211350
v -532.000000 -0.009728 -395.074761
v -519.333333 -0.015420 -394.637224
v -506.666667 -0.019905 -393.974353
v -494.000000 -0.022976 -393.208801
v -481.333333 -0.024490 -392.479552
v -468.666667 -0.024378 -391.907244
v -456.000000 -0.022646 -391.564604
v -443.333333 -0.019372 -391.459721
v -430.666667 -0.014709 -391.536497
v -418.000000 -0.008872 -391.692063
v -405.333333 -0.002130 -391.806499
v -392.666667 0.005206 -391.776931
v -380.000000 0.012796 -391.546938
v -367.333333 0.020289 -391.123448
v -354.666667 0.027341 -390.576591
v -342.000000 0.033624 -390.022512
v -329.333333 0.038849 -389.593622
v -316.666667 0.042775 -389.404113
v -304.000000 0.045220 -389.519811
v -291.333333 0.046071 -389.940317
v -278.666667 0.045289 -390.598172
v -266.000000 0.042910 -391.375284
v -253.333333 0.039044 -392.132326
v -240.666667 0.033869 -392.743427
v -228.000000 0.027625 -393.127044
v -215.333333 0.020600 -393.264972
v -202.666667 0.013118 -393.204541
v -190.000000 0.005525 -393.043510
v -177.333333 -0.001828 -392.901723
v -164.666667 -0.008602 -392.887078
v -152.000000 -0.014484 -393.064861
v -139.333333 -0.019202 -393.438609
v -126.666667 -0.022538 -393.947590
v -114.000000 -0.024338 -394.481634
v -101.333333 -0.024519 -394.909432
v -88.666667 -0.023072 -395.112862
v -76.000000 -0.020065 -395.018303
v -63.333333 -0.015637 -394.616679
v -50.666667 -0.009991 -393.966916
v -38.000000 -0.003389 -393.181878
v -25.333333 0.003865 -392.400438
v -12.666667 0.011435 -391.752996
v 0.000000 0.018972 -391.329466
v 12.666667 0.026127 -391.158098
v 25.333333 0.032570 -391.200648
v 38.000000 0.038004 -391.365079
v 50.666667 0.042177 -391.532364
v 63.333333 0.044897 -391.590251
v 76.000000 0.046039 -391.464996
v 88.666667 0.045548 -391.142647
v 101.333333 0.043449 -390.674195
v 114.000000 0.039837 -390.163196
v 126.666667 0.034881 -389.739086
v 139.333333 0.028808 -389.523222
v 152.000000 0.021899 -389.596575
v 164.666667 0.014474 -389.977628
v 177.333333 0.006875 -390.616314
v 190.000000 -0.000546 -391.405637
v 202.666667 -0.007448 -392.207962
v 215.333333 -0.013510 -392.889095
v 228.000000 -0.018454 -393.351247
v 240.666667 -0.022050 -393.556248
v 253.333333 -0.024133 -393.532996
v 266.000000 -0.024607 -393.367226
v 278.666667 -0.023449 -393.176411
v 291.333333 -0.020713 -393.076468
v 304.000000 -0.016525 -393.149134
v 316.666667 -0.011079 -393.418676
v 329.333333 -0.004627 -393.844127
v 342.000000 0.002534 -394.329147
v 354.666667 0.010073 -394.746931
v 367.333333 0.017641 -394.973611
v 380.000000 0.024890 -394.921350
v 392.666667 0.031484 -394.562385
v 405.333333 0.037118 -393.937654
v 418.000000 0.041533 -393.147680
v 430.666667 0.044524 -392.328081
v 443.333333 0.045954 -391.616089
v 456.000000 0.045756 -391.116832
v 468.666667 0.043939 -390.878207
v 481.333333 0.040588 -390.880877
v 494.000000 0.035857 -391.045945
v 506.666667 0.029964 -391.258219
v 519.333333 0.023183 -391.398831
v 532.000000 0.015825 -391.378556
v 544.666667 0.008232 -391.162976
v 557.333333 0.000753 -390.782803
v 570.000000 -0.006266 -390.326604
v 582.666667 -0.012500 -389.917804
v 595.333333 -0.017663 -389.682049
v 608.000000 -0.021514 -389.713510
v 620.666667 -0.023877 -390.049045
v 633.333333 -0.024642 -390.657068
v 646.000000 -0.023774 -391.444087
v 658.666667 -0.021313 -392.277269
v 671.333333 -0.017373 -393.017117
v 684.000000 -0.012135 -393.551746
v 696.666667 -0.005842 -393.823774
v 709.333333 0.001216 -393.842832
v 722.000000 0.008712 -393.680471
v 734.666667 0.016301 -393.448895
v 747.333333 0.023632 -393.269195
v 760.000000 0.030366 -393.237534
v -760.000000 0.012951 -375.978252
v -747.333333 0.020229 -376.581671
v -734.666667 0.027232 -377.467982
v -722.000000 0.033637 -378.468501
v -709.333333 0.039149 -379.399424
v -696.666667 0.043512 -380.107785
v -684.000000 0.046525 -380.508894
v -671.333333 0.048049 -380.605464
v -658.666667 0.048014 -380.483495
v -646.000000 0.046421 -380.286100
v -633.333333 0.043343 -380.172284
v -620.666667 0.038923 -380.271663
v -608.000000 0.033365 -380.647157
v -595.333333 0.026926 -381.275606
v -582.666667 0.019903 -382.051495
v -570.000000 0.012621 -382.812892
v -557.333333 0.005416 -383.382810
v -544.666667 -0.001380 -383.615133
v -532.000000 -0.007452 -383.433015
v -519.333333 -0.012521 -382.849632
v -506.666667 -0.016351 -381.965804
v -494.000000 -0.018765 -380.945068
v -481.333333 -0.019654 -379.972736
v -468.666667 -0.018974 -379.209659
v -456.000000 -0.016759 -378.752805
v -443.333333 -0.013109 -378.612961
v -430.666667 -0.008194 -378.715329
v -418.000000 -0.002241 -378.922751
v -405.333333 0.004476 -379.075332
v -392.666667 0.011646 -379.035908
v -380.000000 0.018937 -378.729251
v -367.333333 0.026014 -378.164598
v -354.666667 0.032549 -377.435455
v -342.000000 0.038241 -376.696682
v -329.333333 0.042826 -376.124829
v -316.666667 0.046093 -375.872151
v -304.000000 0.047890 -376.026414
v -291.333333 0.048136 -376.587089
v -278.666667 0.046818 -377.464230
v -266.000000 0.043997 -378.500378
v -253.333333 0.039804 -379.509768
v -240.666667 0.034432 -380.324570
v -228.000000 0.028130 -380.836059
v -215.333333 0.021188 -381.019963
v -202.666667 0.013928 -380.939388
v -190.000000 0.006684 -380.724680
v -177.333333 -0.000209 -380.535631
v -164.666667 -0.006432 -380.516104
v -152.000000 -0.011699 -380.753149
v -139.333333 -0.015765 -381.251479
v -126.666667 -0.018443 -381.930120
v -114.000000 -0.019610 -382.642178
v -101.333333 -0.019210 -383.212576
v -88.666667 -0.017264 -383.483816
v -76.000000 -0.013860 -383.357737
v -63.333333 -0.009157 -382.822239
v -50.666667 -0.003370 -381.955888
v -38.000000 0.003232 -380.909170
v -25.333333 0.010344 -379.867250
v -12.666667 0.017639 -379.003995
v 0.000000 0.024779 -378.439288
v 12.666667 0.031434 -378.210798
v 25.333333 0.037297 -378.267531
v 38.000000 0.042097 -378.486772
v 50.666667 0.045613 -378.709819
v 63.333333 0.047681 -378.787001
v 76.000000 0.048207 -378.619994
v 88.666667 0.047166 -378.190196
v 101.333333 0.044607 -377.565593
v 114.000000 0.040647 -376.884261
v 126.666667 0.035469 -376.318782
v 139.333333 0.029313 -376.030963
v 152.000000 0.022463 -376.128767
v 164.666667 0.015235 -376.636838
v 177.333333 0.007963 -377.488419
v 190.000000 0.000984 -378.540850
v 202.666667 -0.005382 -379.610616
v 215.333333 -0.010839 -380.518794
v 228.000000 -0.015135 -381.134996
v 240.666667 -0.018072 -381.408331
v 253.333333 -0.019515 -381.377328
v 266.000000 -0.019397 -381.156302
v 278.666667 -0.017723 -380.901882
v 291.333333 -0.014570 -380.768624
v 304.000000 -0.010085 -380.865512
v 316.666667 -0.004474 -381.224901
v 329.333333 0.002004 -381.792169
v 342.000000 0.009049 -382.438863
v 354.666667 0.016336 -382.995908
v 367.333333 0.023528 -383.298148
v 380.000000 0.030293 -383.228466
v 392.666667 0.036319 -382.749847
v 405.333333 0.041327 -381.916872
v 418.000000 0.045086 -380.863573
v 430.666667 0.047423 -379.770775
v 443.333333 0.048228 -378.821452
v 456.000000 0.047466 -378.155776
v 468.666667 0.045172 -377.837610
v 481.333333 0.041451 -377.841169
v 494.000000 0.036475 -378.061260
v 506.666667 0.030474 -378.344293
v 519.333333 0.023726 -378.531775
v 532.000000 0.016541 -378.504741
v 544.666667 0.009252 -378.217301
v 557.333333 0.002196 -377.710405
v 570.000000 -0.004302 -377.102138
v 582.666667 -0.009941 -376.557072
v 595.333333 -0.014461 -376.242732
v 608.000000 -0.017654 -376.284680
v 620.666667 -0.019371 -376.732060
v 633.333333 -0.019534 -377.542757
v 646.000000 -0.018134 -378.592116
v 658.666667 -0.015237 -379.703025
v 671.333333 -0.010976 -380.689489
v 684.000000 -0.005549 -381.402328
v 696.666667 0.000795 -381.765032
v 709.333333 0.007761 -381.790442
v 722.000000 0.015030 -381.573961
v 734.666667 0.022263 -381.265194
v 747.333333 0.029129 -381.025594
v 760.000000 0.035308 -380.983379
v -760.000000 0.019133 -362.472815
v -747.333333 0.026049 -363.227089
v -734.666667 0.032586 -364.334977
v -722.000000 0.038443 -365.585626
v -709.333333 0.043349 -366.749279
v -696.666667 0.047078 -367.634731
v -684.000000 0.049457 -368.136117
v -671.333333 0.050376 -368.256830
v -658.666667 0.049794 -368.104369
v -646.000000 0.047736 -367.857625
v -633.333333 0.044298 -367.715355
v -620.666667 0.039639 -367.839578
v -608.000000 0.033974 -368.308946
v -595.333333 0.027564 -369.094507
v -582.666667 0.020706 -370.064368
v -570.000000 0.013717 -371.016115
v -557.333333 0.006918 -371.728513
v -544.666667 0.000625 -372.018917
v -532.000000 -0.004872 -371.791268
v -519.333333 -0.009319 -371.062040
v -506.666667 -0.012511 -369.957254
v -494.000000 -0.014301 -368.681335
v -481.333333 -0.014604 -367.465920
v -468.666667 -0.013409 -366.512073
v -456.000000 -0.010769 -365.941006
v -443.333333 -0.006808 -365.766202
v -430.666667 -0.001707 -365.894162
v -418.000000 0.004298 -366.153438
v -405.333333 0.010929 -366.344165
v -392.666667 0.017880 -366.294884
v -380.000000 0.024830 -365.911564
v -367.333333 0.031458 -365.205747
v -354.666667 0.037458 -364.294319
v -342.000000 0.042552 -363.370853
v -329.333333 0.046506 -362.656036
v -316.666667 0.049136 -362.340189
v -304.000000 0.050322 -362.533018
v -291.333333 0.050008 -363.233861
v -278.666667 0.048209 -364.330287
v -266.000000 0.045008 -365.625473
v -253.333333 0.040553 -366.887210
v -240.666667 0.035050 -367.905712
v -228.000000 0.028753 -368.545074
v -215.333333 0.021952 -368.774953
v -202.666667 0.014962 -368.674235
v -190.000000 0.008106 -368.405850
v -177.333333 0.001700 -368.169539
v -164.666667 -0.003959 -368.145130
v -152.000000 -0.008611 -368.441436
v -139.333333 -0.012040 -369.064349
v -126.666667 -0.014088 -369.912649
v -114.000000 -0.014661 -370.802723
v -101.333333 -0.013731 -371.515720
v -88.666667 -0.011343 -371.854769
v -76.000000 -0.007606 -371.697172
v -63.333333 -0.002693 -371.027799
v -50.666667 0.003170 -369.944860
v -38.000000 0.009710 -368.636463
v -25.333333 0.016628 -367.334063
v -12.666667 0.023601 -366.254994
v 0.000000 0.030310 -365.549110
v 12.666667 0.036443 -365.263497
v 25.333333 0.041718 -365.334414
v 38.000000 0.045891 -365.608464
v 50.666667 0.048769 -365.887273
v 63.333333 0.050219 -365.983751
v 76.000000 0.050174 -365.774993
v 88.666667 0.048637 -365.237745
v 101.333333 0.045678 -364.456992
v 114.000000 0.041434 -363.605326
v 126.666667 0.036101 -362.898477
v 139.333333 0.029925 -362.538704
v 152.000000 0.023192 -362.660959
v 164.666667 0.016212 -363.296047
v 177.333333 0.009308 -364.360524
v 190.000000 0.002800 -365.676062
v 202.666667 -0.003014 -367.013270
v 215.333333 -0.007863 -368.148492
v 228.000000 -0.011524 -368.918744
v 240.666667 -0.013828 -369.260414
v 253.333333 -0.014669 -369.221660
v 266.000000 -0.014007 -368.945377
v 278.666667 -0.011873 -368.627352
v 291.333333 -0.008367 -368.460780
v 304.000000 -0.003649 -368.581890
v 316.666667 0.002063 -369.031126
v 329.333333 0.008504 -369.740211
v 342.000000 0.015377 -370.548579
v 354.666667 0.022364 -371.244886
v 367.333333 0.029144 -371.622685
v 380.000000 0.035402 -371.535583
v 392.666667 0.040849 -370.937309
v 405.333333 0.045235 -369.896090
v 418.000000 0.048356 -368.579466
v 430.666667 0.050068 -367.213469
v 443.333333 0.050293 -366.026815
v 456.000000 0.049019 -365.194720
v 468.666667 0.046306 -364.797012
v 481.333333 0.042279 -364.801461
v 494.000000 0.037124 -365.076575
v 506.666667 0.031079 -365.430366
v 519.333333 0.024423 -365.664719
v 532.000000 0.017464 -365.630927
v 544.666667 0.010523 -365.271626
v 557.333333 0.003921 -364.638006
v 570.000000 -0.002037 -363.877673
v 582.666667 -0.007077 -363.196339
v 595.333333 -0.010965 -362.803415
v 608.000000 -0.013521 -362.855849
v 620.666667 -0.014628 -363.415076
v 633.333333 -0.014235 -364.428446
v 646.000000 -0.012360 -365.740146
v 658.666667 -0.009088 -367.128781
v 671.333333 -0.004572 -368.361861
v 684.000000 0.000979 -369.252910
v 696.666667 0.007311 -369.706290
v 709.333333 0.014130 -369.738053
v 722.000000 0.021120 -369.467452
v 734.666667 0.027960 -369.081492
v 747.333333 0.034334 -368.781992
v 760.000000 0.039946 -368.729224
v -760.000000 0.025085 -348.967379
v -747.333333 0.031603 -349.872506
v -734.666667 0.037651 -351.201973
v -722.000000 0.042949 -352.702751
v -709.333333 0.047254 -354.099135
v -696.666667 0.050365 -355.161677
v -684.000000 0.052140 -355.763341
v -671.333333 0.052497 -355.908196
v -658.666667 0.051418 -355.725243
v -646.000000 0.048955 -355.429150
v -633.333333 0.045219 -355.258426
v -620.666667 0.040385 -355.407494
v -608.000000 0.034676 -355.970735
v -595.333333 0.028354 -356.913408
v -582.666667 0.021713 -358.077242
v -570.000000 0.015058 -359.219338
v -557.333333 0.008698 -360.074215
v -544.666667 0.002925 -360.422700
v -532.000000 -0.001992 -360.149522
v -519.333333 -0.005828 -359.274448
v -506.666667 -0.008405 -357.948705
v -494.000000 -0.009604 -356.417601
v -481.333333 -0.009369 -354.959104
v -468.666667 -0.007712 -353.814488
v -456.000000 -0.004709 -353.129207
v -443.333333 -0.000499 -352.919442
v -430.666667 0.004724 -353.072994
v -418.000000 0.010719 -353.384126
v -405.333333 0.017208 -353.612998
v -392.666667 0.023893 -353.553861
v -380.000000 0.030463 -353.093877
v -367.333333 0.036616 -352.246897
v -354.666667 0.042068 -351.153182
v -342.000000 0.046566 -350.045023
v -329.333333 0.049904 -349.187243
v -316.666667 0.051926 -348.808226
v -304.000000 0.052539 -349.039621
v -291.333333 0.051715 -349.880633
v -278.666667 0.049493 -351.196345
v -266.000000 0.045974 -352.750567
v -253.333333 0.041321 -354.264653
v -240.666667 0.035750 -355.486854
v -228.000000 0.029517 -356.254088
v -215.333333 0.022910 -356.529944
v -202.666667 0.016236 -356.409082
v -190.000000 0.009800 -356.087020
v -177.333333 0.003902 -355.803447
v -164.666667 -0.001186 -355.774156
v -152.000000 -0.005230 -356.129723
v -139.333333 -0.008043 -356.877218
v -126.666667 -0.009494 -357.895179
v -114.000000 -0.009517 -358.963268
v -101.333333 -0.008111 -359.818864
v -88.666667 -0.005340 -360.225723
v -76.000000 -0.001333 -360.036606
v -63.333333 0.003726 -359.233359
v -50.666667 0.009602 -357.933832
v -38.000000 0.016024 -356.363755
v -25.333333 0.022696 -354.800875
v -12.666667 0.029310 -353.505992
v 0.000000 0.035559 -352.658932
v 12.666667 0.041156 -352.316196
v 25.333333 0.045842 -352.401296
v 38.000000 0.049400 -352.730157
v 50.666667 0.051666 -353.064728
v 63.333333 0.052535 -353.180501
v 76.000000 0.051967 -352.929991
v 88.666667 0.049989 -352.285293
v 101.333333 0.046692 -351.348390
v 114.000000 0.042228 -350.326391
v 126.666667 0.036803 -349.478173
v 139.333333 0.030668 -349.046445
v 152.000000 0.024106 -349.193151
v 164.666667 0.017421 -349.955257
v 177.333333 0.010920 -351.232628
v 190.000000 0.004905 -352.811275
v 202.666667 -0.000346 -354.415924
v 215.333333 -0.004592 -355.778191
v 228.000000 -0.007636 -356.702493
v 240.666667 -0.009338 -357.112497
v 253.333333 -0.009619 -357.065992
v 266.000000 -0.008465 -356.734453
v 278.666667 -0.005931 -356.352823
v 291.333333 -0.002133 -356.152936
v 304.000000 0.002754 -356.298268
v 316.666667 0.008503 -356.837351
v 329.333333 0.014848 -357.688253
v 342.000000 0.021498 -358.658294
v 354.666667 0.028145 -359.493863
v 367.333333 0.034481 -359.947222
v 380.000000 0.040215 -359.842699
v 392.666667 0.045081 -359.124771
v 405.333333 0.048854 -357.875308
v 418.000000 0.051361 -356.295360
v 430.666667 0.052485 -354.656163
v 443.333333 0.052174 -353.232178
v 456.000000 0.050443 -352.233664
v 468.666667 0.047373 -351.756415
v 481.333333 0.043104 -351.761753
v 494.000000 0.037833 -352.091890
v 506.666667 0.031805 -352.516439
v 519.333333 0.025298 -352.797663
v 532.000000 0.018612 -352.757112
v 544.666667 0.012056 -352.325951
v 557.333333 0.005933 -351.565607
v 570.000000 0.000526 -350.653207
v 582.666667 -0.003916 -349.835607
v 595.333333 -0.007187 -349.364098
v 608.000000 -0.009137 -349.427019
v 620.666667 -0.009674 -350.098091
v 633.333333 -0.008775 -351.314136
v 646.000000 -0.006481 -352.888175
v 658.666667 -0.002898 -354.554537
v 671.333333 0.001809 -356.034234
v 684.000000 0.007422 -357.103492
v 696.666667 0.013682 -357.647548
v 709.333333 0.020300 -357.685664
v 722.000000 0.026970 -357.360942
v 734.666667 0.033384 -356.897791
v 747.333333 0.039246 -356.538391
v 760.000000 0.044285 -356.475069
v -760.000000 0.030795 -335.461942
v -747.333333 0.036885 -336.517924
v -734.666667 0.042426 -338.068968
v -722.000000 0.047163 -339.819877
v -709.333333 0.050876 -341.448991
v -696.666667 0.053393 -342.688623
v -684.000000 0.054599 -343.390564
v -671.333333 0.054438 -343.559562
v -658.666667 0.052917 -343.346117
v -646.000000 0.050107 -343.000675
v -633.333333 0.046137 -342.801497
v -620.666667 0.041191 -342.975410
v -608.000000 0.035497 -343.632524
v -595.333333 0.029318 -344.732310
v -582.666667 0.022939 -346.090116
v -570.000000 0.016656 -347.422561
v -557.333333 0.010758 -348.419918
v -544.666667 0.005518 -348.826483
v -532.000000 0.001178 -348.507776
v -519.333333 -0.002062 -347.486856
v -506.666667 -0.004052 -345.940156
v -494.000000 -0.004699 -344.153868
v -481.333333 -0.003976 -342.452288
v -468.666667 -0.001913 -341.116903
v -456.000000 0.001392 -340.317408
v -443.333333 0.005788 -340.072682
v -430.666667 0.011071 -340.251826
v -418.000000 0.016998 -340.614813
v -405.333333 0.023294 -340.881830
v -392.666667 0.029669 -340.812838
v -380.000000 0.035828 -340.276190
v -367.333333 0.041487 -339.288046
v -354.666667 0.046385 -338.012046
v -342.000000 0.050295 -336.719194
v -329.333333 0.053036 -335.718451
v -316.666667 0.054483 -335.276264
v -304.000000 0.054568 -335.546225
v -291.333333 0.053287 -336.527405
v -278.666667 0.050699 -338.062402
v -266.000000 0.046925 -339.875662
v -253.333333 0.042137 -341.642095
v -240.666667 0.036559 -343.067997
v -228.000000 0.030446 -343.963103
v -215.333333 0.024082 -344.284935
v -202.666667 0.017760 -344.143928
v -190.000000 0.011772 -343.768190
v -177.333333 0.006396 -343.437354
v -164.666667 0.001879 -343.403182
v -152.000000 -0.001570 -343.818010
v -139.333333 -0.003792 -344.690088
v -126.666667 -0.004684 -345.877709
v -114.000000 -0.004205 -347.123812
v -101.333333 -0.002377 -348.122008
v -88.666667 0.000716 -348.596677
v -76.000000 0.004930 -348.376041
v -63.333333 0.010071 -347.438918
v -50.666667 0.015902 -345.922804
v -38.000000 0.022153 -344.091048
v -25.333333 0.028536 -342.267688
v -12.666667 0.034755 -340.756991
v 0.000000 0.040524 -339.768754
v 12.666667 0.045575 -339.368896
v 25.333333 0.049677 -339.468179
v 38.000000 0.052638 -339.851850
v 50.666667 0.054323 -340.242182
v 63.333333 0.054654 -340.377251
v 76.000000 0.053614 -340.084990
v 88.666667 0.051254 -339.332842
v 101.333333 0.047680 -338.239788
v 114.000000 0.043059 -337.047456
v 126.666667 0.037604 -336.057868
v 139.333333 0.031566 -335.554185
v 152.000000 0.025225 -335.725343
v 164.666667 0.018874 -336.614466
v 177.333333 0.012806 -338.104733
v 190.000000 0.007301 -339.946487
v 202.666667 0.002614 -341.818578
v 215.333333 -0.001040 -343.407889
v 228.000000 -0.003490 -344.486242
v 240.666667 -0.004625 -344.964580
v 253.333333 -0.004391 -344.910324
v 266.000000 -0.002800 -344.523528
v 278.666667 0.000075 -344.078293
v 291.333333 0.004102 -343.845092
v 304.000000 0.009094 -344.014646
v 316.666667 0.014820 -344.643576
v 329.333333 0.021017 -345.636295
v 342.000000 0.027398 -346.768010
v 354.666667 0.033668 -347.742840
v 367.333333 0.039537 -348.271759
v 380.000000 0.044735 -348.149816
v 392.666667 0.049022 -347.312233
v 405.333333 0.052199 -345.854526
v 418.000000 0.054120 -344.011253
v 430.666667 0.054696 -342.098856
v 443.333333 0.053900 -340.437541
v 456.000000 0.051769 -339.272608
v 468.666667 0.048402 -338.715817
v 481.333333 0.043953 -338.722045
v 494.000000 0.038630 -339.107205
v 506.666667 0.032677 -339.602512
v 519.333333 0.026369 -339.930607
v 532.000000 0.019998 -339.883297
v 544.666667 0.013858 -339.380277
v 557.333333 0.008233 -338.493208
v 570.000000 0.003382 -337.428742
v 582.666667 -0.000470 -336.474875
v 595.333333 -0.003146 -335.924781
v 608.000000 -0.004522 -335.998189
v 620.666667 -0.004534 -336.781106
v 633.333333 -0.003182 -338.199825
v 646.000000 -0.000528 -340.036204
v 658.666667 0.003304 -341.980293
v 671.333333 0.008139 -343.706606
v 684.000000 0.013753 -344.954074
v 696.666667 0.019886 -345.588806
v 709.333333 0.026256 -345.633274
v 722.000000 0.032567 -345.254432
v 734.666667 0.038529 -344.714089
v 747.333333 0.043866 -344.294789
v 760.000000 0.048332 -344.220914
v -760.000000 0.036251 -321.956505
v -747.333333 0.041890 -323.163342
v -734.666667 0.046915 -324.935964
v -722.000000 0.051092 -326.937002
v -709.333333 0.054229 -328.798847
v -696.666667 0.056180 -330.215570
v -684.000000 0.056857 -331.017788
v -671.333333 0.056227 -331.210928
v -658.666667 0.054320 -330.966990
v -646.000000 0.051223 -330.572200
v -633.333333 0.047080 -330.344568
v -620.666667 0.042082 -330.543325
v -608.000000 0.036460 -331.294314
v -595.333333 0.030474 -332.551211
v -582.666667 0.024400 -334.102989
v -570.000000 0.018518 -335.625784
v -557.333333 0.013101 -336.765621
v -544.666667 0.008399 -337.230267
v -532.000000 0.004628 -336.866029
v -519.333333 0.001963 -335.699264
v -506.666667 0.000527 -333.931607
v -494.000000 0.000387 -331.890135
v -481.333333 0.001548 -329.945472
v -468.666667 0.003958 -328.419317
v -456.000000 0.007504 -327.505610
v -443.333333 0.012024 -327.225923
v -430.666667 0.017307 -327.430659
v -418.000000 0.023112 -327.845501
v -405.333333 0.029168 -328.150663
v -392.666667 0.035197 -328.071815
v -380.000000 0.040919 -327.458503
v -367.333333 0.046072 -326.329196
v -354.666667 0.050416 -324.870910
v -342.000000 0.053751 -323.393364
v -329.333333 0.055923 -322.249658
v -316.666667 0.056832 -321.744302
v -304.000000 0.056435 -322.052828
v -291.333333 0.054751 -323.174177
v -278.666667 0.051859 -324.928459
v -266.000000 0.047890 -327.000757
v -253.333333 0.043029 -329.019537
v -240.666667 0.037501 -330.649139
v -228.000000 0.031559 -331.672118
v -215.333333 0.025480 -332.039925
v -202.666667 0.019544 -331.878775
v -190.000000 0.014025 -331.449360
v -177.333333 0.009177 -331.071262
v -164.666667 0.005226 -331.032207
v -152.000000 0.002352 -331.506297
v -139.333333 0.000690 -332.502958
v -126.666667 0.000316 -333.860239
v -114.000000 0.001246 -335.284357
v -101.333333 0.003439 -336.425152
v -88.666667 0.006793 -336.967631
v -76.000000 0.011152 -336.715475
v -63.333333 0.016317 -335.644478
v -50.666667 0.022047 -333.911776
v -38.000000 0.028078 -331.818340
v -25.333333 0.034133 -329.734500
v -12.666667 0.039930 -328.007990
v 0.000000 0.045203 -326.878576
v 12.666667 0.049708 -326.421595
v 25.333333 0.053236 -326.535062
v 38.000000 0.055625 -326.973543
v 50.666667 0.056765 -327.419637
v 63.333333 0.056602 -327.574001
v 76.000000 0.055144 -327.239988
v 88.666667 0.052460 -326.380391
v 101.333333 0.048671 -325.131187
v 114.000000 0.043955 -323.768521
v 126.666667 0.038527 -322.637564
v 139.333333 0.032640 -322.061926
v 152.000000 0.026565 -322.257535
v 164.666667 0.020583 -323.273676
v 177.333333 0.014970 -324.976838
v 190.000000 0.009985 -327.081699
v 202.666667 0.005858 -329.221232
v 215.333333 0.002781 -331.037588
v 228.000000 0.000894 -332.269991
v 240.666667 0.000287 -332.816663
v 253.333333 0.000985 -332.754657
v 266.000000 0.002958 -332.312604
v 278.666667 0.006114 -331.803763
v 291.333333 0.010307 -331.537248
v 304.000000 0.015344 -331.731024
v 316.666667 0.020992 -332.449802
v 329.333333 0.026990 -333.584337
v 342.000000 0.033061 -334.877726
v 354.666667 0.038924 -335.991817
v 367.333333 0.044310 -336.596296
v 380.000000 0.048968 -336.456933
v 392.666667 0.052685 -335.499694
v 405.333333 0.055287 -333.833744
v 418.000000 0.056656 -331.727146
v 430.666667 0.056727 -329.541550
v 443.333333 0.055498 -327.642904
v 456.000000 0.053025 -326.311552
v 468.666667 0.049423 -325.675220
v 481.333333 0.044857 -325.682338
v 494.000000 0.039540 -326.122520
v 506.666667 0.033715 -326.688585
v 519.333333 0.027653 -327.063550
v 532.000000 0.021634 -327.009483
v 544.666667 0.015935 -326.434602
v 557.333333 0.010819 -325.420809
v 570.000000 0.006524 -324.204276
v 582.666667 0.003247 -323.114143
v 595.333333 0.001140 -322.485464
v 608.000000 0.000299 -322.569359
v 620.666667 0.000765 -323.464121
v 633.333333 0.002515 -325.085514
v 646.000000 0.005468 -327.184233
v 658.666667 0.009489 -329.406050
v 671.333333 0.014391 -331.378978
v 684.000000 0.019948 -332.804656
v 696.666667 0.025903 -333.530064
v 709.333333 0.031982 -333.580885
v 722.000000 0.037903 -333.147923
v 734.666667 0.043393 -332.530388
v 747.333333 0.048198 -332.051188
v 760.000000 0.052097 -331.966759
v -760.000000 0.041446 -308.451068
v -747.333333 0.046617 -309.808760
v -734.666667 0.051121 -311.802959
v -722.000000 0.054747 -314.054127
v -709.333333 0.057330 -316.148703
v -696.666667 0.058749 -317.742516
v -684.000000 0.058939 -318.645011
v -671.333333 0.057892 -318.862294
v -658.666667 0.055655 -318.587864
v -646.000000 0.052332 -318.143725
v -633.333333 0.048077 -317.887639
v -620.666667 0.043086 -318.111241
v -608.000000 0.037589 -318.956103
v -595.333333 0.031840 -320.370112
v -582.666667 0.026106 -322.115863
v -570.000000 0.020651 -323.829007
v -557.333333 0.015726 -325.111323
v -544.666667 0.011559 -325.634050
v -532.000000 0.008344 -325.224283
v -519.333333 0.006227 -323.911672
v -506.666667 0.005308 -321.923058
v -494.000000 0.005628 -319.626402
v -481.333333 0.007173 -317.438656
v -468.666667 0.009871 -315.721732
v -456.000000 0.013598 -314.693811
v -443.333333 0.018181 -314.379163
v -430.666667 0.023410 -314.609491
v -418.000000 0.029042 -315.076189
v -405.333333 0.034816 -315.419496
v -392.666667 0.040468 -315.330792
v -380.000000 0.045735 -314.640815
v -367.333333 0.050374 -313.370345
v -354.666667 0.054171 -311.729773
v -342.000000 0.056951 -310.067535
v -329.333333 0.058584 -308.780865
v -316.666667 0.058997 -308.212339
v -304.000000 0.058169 -308.559432
v -291.333333 0.056139 -309.820950
v -278.666667 0.053000 -311.794517
v -266.000000 0.048898 -314.125851
v -253.333333 0.044023 -316.396979
v -240.666667 0.038598 -318.230281
v -228.000000 0.032875 -319.381132
v -215.333333 0.027119 -319.794916
v -202.666667 0.021594 -319.613622
v -190.000000 0.016557 -319.130530
v -177.333333 0.012240 -318.705170
v -164.666667 0.008842 -318.661233
v -152.000000 0.006520 -319.194584
v -139.333333 0.005382 -320.315828
v -126.666667 0.005480 -321.842769
v -114.000000 0.006809 -323.444901
v -101.333333 0.009309 -324.728296
v -88.666667 0.012863 -325.338585
v -76.000000 0.017308 -325.054909
v -63.333333 0.022438 -323.850038
v -50.666667 0.028016 -321.900748
v -38.000000 0.033785 -319.545633
v -25.333333 0.039478 -317.201313
v -12.666667 0.044832 -315.258988
v 0.000000 0.049600 -313.988398
v 12.666667 0.053562 -313.474295
v 25.333333 0.056534 -313.601945
v 38.000000 0.058380 -314.095236
v 50.666667 0.059014 -314.597092
v 63.333333 0.058407 -314.770752
v 76.000000 0.056587 -314.394987
v 88.666667 0.053637 -313.427940
v 101.333333 0.049695 -312.022585
v 114.000000 0.044942 -310.489587
v 126.666667 0.039598 -309.217259
v 139.333333 0.033909 -308.569667
v 152.000000 0.028139 -308.789726
v 164.666667 0.022554 -309.932885
v 177.333333 0.017412 -311.848943
v 190.000000 0.012950 -314.216912
v 202.666667 0.009375 -316.623886
v 215.333333 0.006851 -318.667286
v 228.000000 0.005496 -320.053740
v 240.666667 0.005371 -320.668745
v 253.333333 0.006483 -320.598989
v 266.000000 0.008780 -320.101679
v 278.666667 0.012156 -319.529234
v 291.333333 0.016456 -319.229404
v 304.000000 0.021480 -319.447402
v 316.666667 0.026996 -320.256027
v 329.333333 0.032751 -321.532380
v 342.000000 0.038477 -322.987442
v 354.666667 0.043911 -324.240794
v 367.333333 0.048801 -324.920833
v 380.000000 0.052921 -324.764049
v 392.666667 0.056082 -323.687156
v 405.333333 0.058137 -321.812962
v 418.000000 0.058992 -319.443039
v 430.666667 0.058606 -316.984244
v 443.333333 0.056998 -314.848267
v 456.000000 0.054242 -313.350496
v 468.666667 0.050465 -312.634622
v 481.333333 0.045842 -312.642630
v 494.000000 0.040586 -313.137835
v 506.666667 0.034941 -313.774658
v 519.333333 0.029165 -314.196494
v 532.000000 0.023528 -314.135668
v 544.666667 0.018288 -313.488927
v 557.333333 0.013688 -312.348410
v 570.000000 0.009941 -310.979811
v 582.666667 0.007219 -309.753411
v 595.333333 0.005649 -309.046147
v 608.000000 0.005302 -309.140529
v 620.666667 0.006195 -310.147136
v 633.333333 0.008286 -311.971203
v 646.000000 0.011480 -314.332262
v 658.666667 0.015627 -316.831806
v 671.333333 0.020538 -319.051350
v 684.000000 0.025985 -320.655238
v 696.666667 0.031716 -321.471323
v 709.333333 0.037467 -321.528495
v 722.000000 0.042972 -321.041413
v 734.666667 0.047976 -320.346686
v 747.333333 0.052250 -319.807586
v 760.000000 0.055594 -319.712603
v -760.000000 0.046375 -294.945631
v -747.333333 0.051068 -296.454177
v -734.666667 0.055052 -298.669955
v -722.000000 0.058143 -301.171252
v -709.333333 0.060198 -303.498559
v -696.666667 0.061122 -305.269462
v -684.000000 0.060873 -306.272234
v -671.333333 0.059461 -306.513660
v -658.666667 0.056953 -306.208738
v -646.000000 0.053463 -305.715250
v -633.333333 0.049154 -305.430710
v -620.666667 0.044224 -305.679157
v -608.000000 0.038901 -306.617892
v -595.333333 0.033431 -308.189014
v -582.666667 0.028066 -310.128737
v -570.000000 0.023054 -312.032230
v -557.333333 0.018627 -313.457026
v -544.666667 0.014990 -314.037833
v -532.000000 0.012310 -313.582537
v -519.333333 0.010710 -312.124080
v -506.666667 0.010266 -309.914509
v -494.000000 0.010997 -307.362669
v -481.333333 0.012870 -304.931840
v -468.666667 0.015798 -303.024147
v -456.000000 0.019646 -301.882012
v -443.333333 0.024236 -301.532404
v -430.666667 0.029356 -301.788323
v -418.000000 0.034770 -302.306876
v -405.333333 0.040228 -302.688329
v -392.666667 0.045477 -302.589769
v -380.000000 0.050275 -301.823128
v -367.333333 0.054401 -300.411495
v -354.666667 0.057663 -298.588637
v -342.000000 0.059912 -296.741705
v -329.333333 0.061043 -295.312072
v -316.666667 0.061004 -294.680377
v -304.000000 0.059797 -295.066035
v -291.333333 0.057478 -296.467722
v -278.666667 0.054153 -298.660574
v -266.000000 0.049977 -301.250946
v -253.333333 0.045142 -303.774421
v -240.666667 0.039871 -305.811424
v -228.000000 0.034409 -307.090147
v -215.333333 0.029007 -307.549907
v -202.666667 0.023914 -307.348469
v -190.000000 0.019367 -306.811700
v -177.333333 0.015575 -306.339078
v -164.666667 0.012713 -306.290259
v -152.000000 0.010913 -306.882872
v -139.333333 0.010259 -308.128697
v -126.666667 0.010781 -309.825299
v -114.000000 0.012454 -311.605446
v -101.333333 0.015202 -313.031440
v -88.666667 0.018897 -313.709539
v -76.000000 0.023369 -313.394344
v -63.333333 0.028412 -312.055598
v -50.666667 0.033791 -309.889721
v -38.000000 0.039259 -307.272926
v -25.333333 0.044564 -304.668126
v -12.666667 0.049460 -302.509987
v 0.000000 0.053721 -301.098220
v 12.666667 0.057150 -300.526994
v 25.333333 0.059589 -300.668827
v 38.000000 0.060926 -301.216929
v 50.666667 0.061097 -301.774546
v 63.333333 0.060097 -301.967502
v 76.000000 0.057970 -301.549985
v 88.666667 0.054815 -300.475489
v 101.333333 0.050778 -298.913983
v 114.000000 0.046045 -297.210652
v 126.666667 0.040835 -295.796954
v 139.333333 0.035389 -295.077408
v 152.000000 0.029957 -295.321918
v 164.666667 0.024792 -296.592095
v 177.333333 0.020130 -298.721047
v 190.000000 0.016189 -301.352124
v 202.666667 0.013150 -304.026540
v 215.333333 0.011153 -306.296985
v 228.000000 0.010290 -307.837489
v 240.666667 0.010601 -308.520828
v 253.333333 0.012073 -308.443321
v 266.000000 0.014637 -307.890755
v 278.666667 0.018174 -307.254704
v 291.333333 0.022521 -306.921560
v 304.000000 0.027478 -307.163780
v 316.666667 0.032815 -308.062252
v 329.333333 0.038286 -309.480422
v 342.000000 0.043638 -311.097157
v 354.666667 0.048625 -312.489771
v 367.333333 0.053015 -313.245370
v 380.000000 0.056605 -313.071166
v 392.666667 0.059231 -311.874618
v 405.333333 0.060771 -309.792180
v 418.000000 0.061153 -307.158933
v 430.666667 0.060361 -304.426938
v 443.333333 0.058429 -302.053630
v 456.000000 0.055449 -300.389440
v 468.666667 0.051557 -299.594025
v 481.333333 0.046934 -299.602922
v 494.000000 0.041792 -300.153150
v 506.666667 0.036369 -300.860731
v 519.333333 0.030916 -301.329438
v 532.000000 0.025685 -301.261853
v 544.666667 0.020917 -300.543252
v 557.333333 0.016833 -299.276012
v 570.000000 0.013620 -297.755345
v 582.666667 0.011428 -296.392679
v 595.333333 0.010358 -295.606830
v 608.000000 0.010459 -295.711699
v 620.666667 0.011727 -296.830151
v 633.333333 0.014103 -298.856893
v 646.000000 0.017476 -301.480291
v 658.666667 0.021692 -304.257562
v 671.333333 0.026556 -306.723723
v 684.000000 0.031843 -308.505820
v 696.666667 0.037309 -309.412581
v 709.333333 0.042701 -309.476106
v 722.000000 0.047770 -308.934903
v 734.666667 0.052283 -308.162985
v 747.333333 0.056030 -307.563985
v 760.000000 0.058839 -307.458448
v -760.000000 0.051037 -281.440194
v -747.333333 0.055247 -283.099595
v -734.666667 0.058720 -285.536950
v -722.000000 0.061296 -288.288377
v -709.333333 0.062855 -290.848415
v -696.666667 0.063325 -292.796408
v -684.000000 0.062685 -293.899458
v -671.333333 0.060964 -294.165026
v -658.666667 0.058242 -293.829612
v -646.000000 0.054644 -293.286775
v -633.333333 0.050337 -292.973781
v -620.666667 0.045519 -293.247073
v -608.000000 0.040414 -294.279681
v -595.333333 0.035256 -296.007915
v -582.666667 0.030284 -298.141610
v -570.000000 0.025729 -300.235453
v -557.333333 0.021799 -301.802728
v -544.666667 0.018677 -302.441617
v -532.000000 0.016507 -301.940790
v -519.333333 0.015389 -300.336487
v -506.666667 0.015375 -297.905960
v -494.000000 0.016465 -295.098936
v -481.333333 0.018610 -292.425024
v -468.666667 0.021709 -290.326561
v -456.000000 0.025620 -289.070213
v -443.333333 0.030163 -288.685644
v -430.666667 0.035127 -288.967156
v -418.000000 0.040283 -289.537564
v -405.333333 0.045392 -289.957162
v -392.666667 0.050220 -289.848746
v -380.000000 0.054543 -289.005441
v -367.333333 0.058161 -287.452644
v -354.666667 0.060907 -285.447501
v -342.000000 0.062655 -283.415876
v -329.333333 0.063323 -281.843280
v -316.666667 0.062881 -281.148415
v -304.000000 0.061349 -281.572639
v -291.333333 0.058798 -283.114494
v -278.666667 0.055345 -285.526632
v -266.000000 0.051151 -288.376040
v -253.333333 0.046409 -291.151863
v -240.666667 0.041338 -293.392566
v -228.000000 0.036172 -294.799162
v -215.333333 0.031150 -295.304897
v -202.666667 0.026503 -295.083316
v -190.000000 0.022447 -294.492870
v -177.333333 0.019169 -293.972985
v -164.666667 0.016820 -293.919285
v -152.000000 0.015509 -294.571159
v -139.333333 0.015296 -295.941567
v -126.666667 0.016191 -297.807829
v -114.000000 0.018153 -299.765991
v -101.333333 0.021090 -301.334584
v -88.666667 0.024869 -302.080493
v -76.000000 0.029313 -301.733778
v -63.333333 0.034218 -300.261157
v -50.666667 0.039357 -297.878693
v -38.000000 0.044492 -295.000218
v -25.333333 0.049388 -292.134938
v -12.666667 0.053816 -289.760986
v 0.000000 0.057573 -288.208042
v 12.666667 0.060486 -287.579693
v 25.333333 0.062420 -287.735710
v 38.000000 0.063285 -288.338622
v 50.666667 0.063041 -288.952001
v 63.333333 0.061700 -289.164252
v 76.000000 0.059324 -288.704984
v 88.666667 0.056022 -287.523038
v 101.333333 0.051948 -285.805382
v 114.000000 0.047288 -283.931717
v 126.666667 0.042259 -282.376650
v 139.333333 0.037092 -281.585148
v 152.000000 0.032027 -281.854110
v 164.666667 0.027297 -283.251304
v 177.333333 0.023121 -285.593152
v 190.000000 0.019691 -288.487337
v 202.666667 0.017167 -291.429194
v 215.333333 0.015664 -293.926683
v 228.000000 0.015252 -295.621238
v 240.666667 0.015951 -296.372911
v 253.333333 0.017727 -296.287653
v 266.000000 0.020499 -295.679830
v 278.666667 0.024138 -294.980175
v 291.333333 0.028478 -294.613716
v 304.000000 0.033316 -294.880158
v 316.666667 0.038431 -295.868477
v 329.333333 0.043585 -297.428464
v 342.000000 0.048540 -299.206873
v 354.666667 0.053068 -300.738748
v 367.333333 0.056959 -301.569907
v 380.000000 0.060034 -301.378282
v 392.666667 0.062150 -300.062080
v 405.333333 0.063211 -297.771398
v 418.000000 0.063166 -294.874826
v 430.666667 0.062018 -291.869632
v 443.333333 0.059821 -289.258993
v 456.000000 0.056675 -287.428384
v 468.666667 0.052725 -286.553427
v 481.333333 0.048155 -286.563214
v 494.000000 0.043175 -287.168465
v 506.666667 0.038016 -287.946805
v 519.333333 0.032915 -288.462382
v 532.000000 0.028108 -288.388038
v 544.666667 0.023818 -287.597577
v 557.333333 0.020242 -286.203613
v 570.000000 0.017546 -284.530880
v 582.666667 0.015854 -283.031947
v 595.333333 0.015244 -282.167513
v 608.000000 0.015745 -282.282869
v 620.666667 0.017333 -283.513166
v 633.333333 0.019935 -285.742582
v 646.000000 0.023431 -288.628320
v 658.666667 0.027659 -291.683318
v 671.333333 0.032424 -294.396095
v 684.000000 0.037506 -296.356402
v 696.666667 0.042670 -297.353839
v 709.333333 0.047678 -297.423717
v 722.000000 0.052299 -296.828394
v 734.666667 0.056318 -295.979283
v 747.333333 0.059551 -295.320383
v 760.000000 0.061847 -295.204293
v -760.000000 0.055432 -267.934757
v -747.333333 0.059162 -269.745013
v -734.666667 0.062138 -272.403946
v -722.000000 0.064224 -275.405503
v -709.333333 0.065322 -278.198271
v -696.666667 0.065383 -280.323355
v -684.000000 0.064404 -281.526681
v -671.333333 0.062430 -281.816392
v -658.666667 0.059551 -281.450486
v -646.000000 0.055901 -280.858300
v -633.333333 0.051649 -280.516853
v -620.666667 0.046991 -280.814988
v -608.000000 0.042141 -281.941470
v -595.333333 0.037325 -283.826817
v -582.666667 0.032765 -286.154484
v -570.000000 0.028670 -288.438676
v -557.333333 0.025231 -290.148431
v -544.666667 0.022606 -290.845400
v -532.000000 0.020916 -290.299044
v -519.333333 0.020240 -288.548895
v -506.666667 0.020609 -285.897411
v -494.000000 0.022005 -282.835203
v -481.333333 0.024364 -279.918208
v -468.666667 0.027577 -277.628976
v -456.000000 0.031497 -276.258414
v -443.333333 0.035941 -275.838884
v -430.666667 0.040704 -276.145988
v -418.000000 0.045567 -276.768252
v -405.333333 0.050305 -277.225995
v -392.666667 0.054698 -277.107723
v -380.000000 0.058545 -276.187754
v -367.333333 0.061667 -274.493794
v -354.666667 0.063921 -272.306364
v -342.000000 0.065201 -270.090046
v -329.333333 0.065450 -268.374487
v -316.666667 0.064654 -267.616452
v -304.000000 0.062852 -268.079242
v -291.333333 0.060127 -269.761266
v -278.666667 0.056604 -272.392689
v -266.000000 0.052445 -275.501135
v -253.333333 0.047844 -278.529305
v -240.666667 0.043013 -280.973709
v -228.000000 0.038174 -282.508177
v -215.333333 0.033552 -283.059888
v -202.666667 0.029360 -282.818163
v -190.000000 0.025790 -282.174040
v -177.333333 0.023010 -281.606893
v -164.666667 0.021146 -281.548311
v -152.000000 0.020285 -282.259446
v -139.333333 0.020466 -283.754437
v -126.666667 0.021682 -285.790359
v -114.000000 0.023875 -287.926535
v -101.333333 0.026946 -289.637728
v -88.666667 0.030751 -290.451447
v -76.000000 0.035116 -290.073212
v -63.333333 0.039838 -288.466717
v -50.666667 0.044700 -285.867665
v -38.000000 0.049476 -282.727511
v -25.333333 0.053947 -279.601751
v -12.666667 0.057906 -277.011985
v 0.000000 0.061169 -275.317864
v 12.666667 0.063587 -274.632393
v 25.333333 0.065047 -274.802593
v 38.000000 0.065482 -275.460315
v 50.666667 0.064872 -276.129456
v 63.333333 0.063245 -276.361002
v 76.000000 0.060677 -275.859982
v 88.666667 0.057286 -274.570587
v 101.333333 0.053228 -272.696780
v 114.000000 0.048691 -270.652782
v 126.666667 0.043884 -268.956345
v 139.333333 0.039030 -268.092889
v 152.000000 0.034353 -268.386302
v 164.666667 0.030069 -269.910514
v 177.333333 0.026375 -272.465257
v 190.000000 0.023443 -275.622549
v 202.666667 0.021407 -278.831848
v 215.333333 0.020363 -281.556382
v 228.000000 0.020357 -283.404987
v 240.666667 0.021390 -284.224994
v 253.333333 0.023415 -284.131985
v 266.000000 0.026338 -283.468906
v 278.666667 0.030024 -282.705645
v 291.333333 0.034303 -282.305872
v 304.000000 0.038977 -282.596537
v 316.666667 0.043830 -283.674702
v 329.333333 0.048638 -285.376506
v 342.000000 0.053179 -287.316589
v 354.666667 0.057244 -288.987725
v 367.333333 0.060644 -289.894444
v 380.000000 0.063222 -289.685399
v 392.666667 0.064860 -288.249541
v 405.333333 0.065481 -285.750616
v 418.000000 0.065057 -282.590719
v 430.666667 0.063608 -279.312325
v 443.333333 0.061201 -276.464356
v 456.000000 0.057946 -274.467328
v 468.666667 0.053994 -273.512830
v 481.333333 0.049528 -273.523507
v 494.000000 0.044754 -274.183780
v 506.666667 0.039892 -275.032878
v 519.333333 0.035167 -275.595325
v 532.000000 0.030797 -275.514224
v 544.666667 0.026985 -274.651903
v 557.333333 0.023905 -273.131214
v 570.000000 0.021701 -271.306414
v 582.666667 0.020474 -269.671215
v 595.333333 0.020281 -268.728196
v 608.000000 0.021130 -268.854039
v 620.666667 0.022984 -270.196181
v 633.333333 0.025755 -272.628271
v 646.000000 0.029316 -275.776349
v 658.666667 0.033503 -279.109074
v 671.333333 0.038121 -282.068467
v 684.000000 0.042959 -284.206984
v 696.666667 0.047791 -285.295097
v 709.333333 0.052396 -285.371327
v 722.000000 0.056560 -284.721884
v 734.666667 0.060092 -283.795582
v 747.333333 0.062827 -283.076782
v 760.000000 0.064640 -282.950138
v -760.000000 0.059566 -254.429320
v -747.333333 0.062822 -256.390431
v -734.666667 0.065320 -259.270941
v -722.000000 0.066946 -262.522628
v -709.333333 0.067624 -265.548127
v -696.666667 0.067324 -267.850301
v -684.000000 0.066058 -269.153905
v -671.333333 0.063885 -269.467758
v -658.666667 0.060907 -269.071360
v -646.000000 0.057259 -268.429825
v -633.333333 0.053111 -268.059924
v -620.666667 0.048655 -268.382904
v -608.000000 0.044095 -269.603260
v -595.333333 0.039644 -271.645718
v -582.666667 0.035506 -274.167358
v -570.000000 0.031872 -276.641899
v -557.333333 0.028911 -278.494133
v -544.666667 0.026759 -279.249183
v -532.000000 0.025515 -278.657298
v -519.333333 0.025237 -276.761303
v -506.666667 0.025939 -273.888862
v -494.000000 0.027586 -270.571470
v -481.333333 0.030104 -267.411392
v -468.666667 0.033376 -264.931391
v -456.000000 0.037251 -263.446616
v -443.333333 0.041550 -262.992125
v -430.666667 0.046074 -263.324820
v -418.000000 0.050614 -263.998939
v -405.333333 0.054962 -264.494828
v -392.666667 0.058915 -264.366699
v -380.000000 0.062291 -263.370067
v -367.333333 0.064934 -261.534943
v -354.666667 0.066723 -259.165228
v -342.000000 0.067575 -256.764217
v -329.333333 0.067449 -254.905694
v -316.666667 0.066353 -254.084490
v -304.000000 0.064337 -254.585846
v -291.333333 0.061493 -256.408038
v -278.666667 0.057953 -259.258746
v -266.000000 0.053882 -262.626229
v -253.333333 0.049465 -265.906747
v -240.666667 0.044909 -268.554851
v -228.000000 0.040423 -270.217191
v -215.333333 0.036214 -270.814879
v -202.666667 0.032477 -270.553010
v -190.000000 0.029385 -269.855210
v -177.333333 0.027079 -269.240801
v -164.666667 0.025668 -269.177337
v -152.000000 0.025215 -269.947733
v -139.333333 0.025742 -271.567306
v -126.666667 0.027225 -273.772888
v -114.000000 0.029595 -276.087080
v -101.333333 0.032742 -277.940872
v -88.666667 0.036521 -278.822400
v -76.000000 0.040758 -278.412647
v -63.333333 0.045257 -276.672277
v -50.666667 0.049810 -273.856637
v -38.000000 0.054207 -270.454803
v -25.333333 0.058245 -267.068563
v -12.666667 0.061737 -264.262983
v 0.000000 0.064521 -262.427686
v 12.666667 0.066470 -261.685092
v 25.333333 0.067494 -261.869476
v 38.000000 0.067544 -262.582007
v 50.666667 0.066619 -263.306910
v 63.333333 0.064761 -263.557752
v 76.000000 0.062057 -263.014981
v 88.666667 0.058631 -261.618136
v 101.333333 0.054641 -259.588178
v 114.000000 0.050272 -257.373847
v 126.666667 0.045725 -255.536041
v 139.333333 0.041211 -254.600630
v 152.000000 0.036938 -254.918494
v 164.666667 0.033103 -256.569723
v 177.333333 0.029884 -259.337362
v 190.000000 0.027429 -262.757762
v 202.666667 0.025851 -266.234502
v 215.333333 0.025224 -269.186080
v 228.000000 0.025576 -271.188736
v 240.666667 0.026892 -272.077077
v 253.333333 0.029110 -271.976317
v 266.000000 0.032128 -271.257981
v 278.666667 0.035806 -270.431116
v 291.333333 0.039975 -269.998028
v 304.000000 0.044443 -270.312915
v 316.666667 0.049001 -271.480928
v 329.333333 0.053441 -273.324548
v 342.000000 0.057558 -275.426305
v 354.666667 0.061160 -277.236703
v 367.333333 0.064081 -278.218981
v 380.000000 0.066188 -277.992515
v 392.666667 0.067381 -276.437003
v 405.333333 0.067607 -273.729834
v 418.000000 0.066855 -270.306612
v 430.666667 0.065159 -266.755019
v 443.333333 0.062598 -263.669719
v 456.000000 0.059290 -261.506272
v 468.666667 0.055388 -260.472232
v 481.333333 0.051072 -260.483799
v 494.000000 0.046542 -261.199096
v 506.666667 0.042007 -262.118951
v 519.333333 0.037675 -262.728269
v 532.000000 0.033748 -262.640409
v 544.666667 0.030407 -261.706228
v 557.333333 0.027806 -260.058815
v 570.000000 0.026065 -258.081949
v 582.666667 0.025264 -256.310483
v 595.333333 0.025442 -255.288879
v 608.000000 0.026588 -255.425209
v 620.666667 0.028651 -256.879196
v 633.333333 0.031535 -259.513961
v 646.000000 0.035107 -262.924378
v 658.666667 0.039202 -266.534831
v 671.333333 0.043631 -269.740839
v 684.000000 0.048189 -272.057566
v 696.666667 0.052665 -273.236355
v 709.333333 0.056854 -273.318938
v 722.000000 0.060561 -272.615374
v 734.666667 0.063615 -271.611880
v 747.333333 0.065876 -270.833180
v 760.000000 0.067238 -270.695983
v -760.000000 0.063444 -240.923883
v -747.333333 0.066239 -243.035848
v -734.666667 0.068285 -246.137937
v -722.000000 0.069486 -249.639753
v -709.333333 0.069787 -252.897982
v -696.666667 0.069173 -255.377247
v -684.000000 0.067675 -256.781128
v -671.333333 0.065360 -257.119124
v -658.666667 0.062335 -256.692233
v -646.000000 0.058741 -256.001350
v -633.333333 0.054743 -255.602995
v -620.666667 0.050526 -255.950820
v -608.000000 0.046284 -257.265049
v -595.333333 0.042215 -259.464619
v -582.666667 0.038504 -262.180231
v -570.000000 0.035325 -264.845122
v -557.333333 0.032824 -266.839836
v -544.666667 0.031116 -267.652966
v -532.000000 0.030280 -267.015551
v -519.333333 0.030355 -264.973711
v -506.666667 0.031338 -261.880313
v -494.000000 0.033182 -258.307737
v -481.333333 0.035804 -254.904576
v -468.666667 0.039081 -252.233805
v -456.000000 0.042862 -250.634817
v -443.333333 0.046973 -250.145365
v -430.666667 0.051224 -250.503653
v -418.000000 0.055418 -251.229627
v -405.333333 0.059362 -251.763661
v -392.666667 0.062874 -251.625676
v -380.000000 0.065791 -250.552380
v -367.333333 0.067979 -248.576093
v -354.666667 0.069336 -246.024092
v -342.000000 0.069800 -243.438387
v -329.333333 0.069350 -241.436901
v -316.666667 0.068005 -240.552528
v -304.000000 0.065829 -241.092449
v -291.333333 0.062922 -243.054811
v -278.666667 0.059419 -246.124804
v -266.000000 0.055480 -249.751324
v -253.333333 0.051288 -253.284189
v -240.666667 0.047036 -256.135993
v -228.000000 0.042921 -257.926206
v -215.333333 0.039134 -258.569869
v -202.666667 0.035848 -258.287857
v -190.000000 0.033216 -257.536380
v -177.333333 0.031359 -256.874709
v -164.666667 0.030363 -256.806363
v -152.000000 0.030275 -257.636020
v -139.333333 0.031097 -259.380176
v -126.666667 0.032792 -261.755418
v -114.000000 0.035283 -264.247624
v -101.333333 0.038453 -266.244016
v -88.666667 0.042156 -267.193354
v -76.000000 0.046222 -266.752081
v -63.333333 0.050462 -264.877837
v -50.666667 0.054681 -261.845609
v -38.000000 0.058684 -258.182096
v -25.333333 0.062285 -254.535376
v -12.666667 0.065319 -251.513982
v 0.000000 0.067646 -249.537508
v 12.666667 0.069157 -248.737792
v 25.333333 0.069784 -248.936358
v 38.000000 0.069497 -249.703700
v 50.666667 0.068309 -250.484365
v 63.333333 0.066276 -250.754503
v 76.000000 0.063491 -250.169979
v 88.666667 0.060082 -248.665685
v 101.333333 0.056208 -246.479577
v 114.000000 0.052047 -244.094913
v 126.666667 0.047792 -242.115736
v 139.333333 0.043639 -241.108371
v 152.000000 0.039779 -241.450685
v 164.666667 0.036392 -243.228933
v 177.333333 0.033633 -246.209466
v 190.000000 0.031630 -249.892974
v 202.666667 0.030476 -253.637156
v 215.333333 0.030223 -256.815778
v 228.000000 0.030884 -258.972484
v 240.666667 0.032428 -259.929160
v 253.333333 0.034783 -259.820649
v 266.000000 0.037842 -259.047056
v 278.666667 0.041462 -258.156586
v 291.333333 0.045476 -257.690185
v 304.000000 0.049699 -258.029293
v 316.666667 0.053937 -259.287153
v 329.333333 0.057992 -261.272591
v 342.000000 0.061678 -263.536020
v 354.666667 0.064825 -265.485680
v 367.333333 0.067287 -266.543518
v 380.000000 0.068951 -266.299632
v 392.666667 0.069739 -264.624465
v 405.333333 0.069615 -261.709052
v 418.000000 0.068586 -258.022506
v 430.666667 0.066698 -254.197713
v 443.333333 0.064039 -250.875082
v 456.000000 0.060731 -248.545216
v 468.666667 0.056928 -247.431635
v 481.333333 0.052804 -247.444091
v 494.000000 0.048551 -248.214411
v 506.666667 0.044366 -249.205024
v 519.333333 0.040440 -249.861213
v 532.000000 0.036956 -249.766594
v 544.666667 0.034074 -248.760553
v 557.333333 0.031928 -246.986416
v 570.000000 0.030617 -244.857484
v 582.666667 0.030201 -242.949751
v 595.333333 0.030699 -241.849562
v 608.000000 0.032090 -241.996379
v 620.666667 0.034307 -243.562211
v 633.333333 0.037249 -246.399650
v 646.000000 0.040780 -250.072407
v 658.666667 0.044737 -253.960587
v 671.333333 0.048937 -257.413212
v 684.000000 0.053186 -259.908148
v 696.666667 0.057288 -261.177613
v 709.333333 0.061054 -261.266548
v 722.000000 0.064308 -260.508865
v 734.666667 0.066902 -259.428179
v 747.333333 0.068716 -258.589579
v 760.000000 0.069664 -258.441828
v -760.000000 0.067076 -227.418446
v -747.333333 0.069430 -229.681266
v -734.666667 0.071051 -233.004932
v -722.000000 0.071866 -236.756878
v -709.333333 0.071835 -240.247838
v -696.666667 0.070960 -242.904193
v -684.000000 0.069283 -244.408352
v -671.333333 0.066879 -244.770490
v -658.666667 0.063861 -244.313107
v -646.000000 0.060368 -243.572875
v -633.333333 0.056561 -243.146066
v -620.666667 0.052616 -243.518735
v -608.000000 0.048714 -244.926838
v -595.333333 0.045038 -247.283521
v -582.666667 0.041755 -250.193105
v -570.000000 0.039018 -253.048345
v -557.333333 0.036954 -255.185539
v -544.666667 0.035656 -256.056750
v -532.000000 0.035187 -255.373805
v -519.333333 0.035567 -253.186119
v -506.666667 0.036778 -249.871763
v -494.000000 0.038765 -246.044004
v -481.333333 0.041436 -242.397760
v -468.666667 0.044667 -239.536220
v -456.000000 0.048310 -237.823018
v -443.333333 0.052195 -237.298605
v -430.666667 0.056145 -237.682485
v -418.000000 0.059975 -238.460315
v -405.333333 0.063510 -239.032494
v -392.666667 0.066585 -238.884653
v -380.000000 0.069060 -237.734692
v -367.333333 0.070819 -235.617242
v -354.666667 0.071781 -232.882956
v -342.000000 0.071903 -230.112558
v -329.333333 0.071177 -227.968109
v -316.666667 0.069639 -227.020566
v -304.000000 0.067358 -227.599053
v -291.333333 0.064440 -229.701583
v -278.666667 0.061021 -232.990861
v -266.000000 0.057257 -236.876418
v -253.333333 0.053323 -240.661631
v -240.666667 0.049401 -243.717136
v -228.000000 0.045671 -245.635221
v -215.333333 0.042306 -246.324860
v -202.666667 0.039462 -246.022704
v -190.000000 0.037269 -245.217550
v -177.333333 0.035829 -244.508616
v -164.666667 0.035209 -244.435389
v -152.000000 0.035437 -245.324307
v -139.333333 0.036502 -247.193046
v -126.666667 0.038356 -249.737948
v -114.000000 0.040913 -252.408169
v -101.333333 0.044054 -254.547160
v -88.666667 0.047635 -255.564308
v -76.000000 0.051490 -255.091516
v -63.333333 0.055442 -253.083396
v -50.666667 0.059307 -249.834581
v -38.000000 0.062907 -245.909388
v -25.333333 0.066076 -242.002188
v -12.666667 0.068667 -238.764981
v 0.000000 0.070561 -236.647330
v 12.666667 0.071670 -235.790491
v 25.333333 0.071944 -236.003241
v 38.000000 0.071368 -236.825393
v 50.666667 0.069971 -237.661820
v 63.333333 0.067816 -237.951253
v 76.000000 0.065003 -237.324978
v 88.666667 0.061663 -235.713234
v 101.333333 0.057948 -233.370975
v 114.000000 0.054031 -230.815978
v 126.666667 0.050093 -228.695432
v 139.333333 0.046316 -227.616111
v 152.000000 0.042874 -227.982877
v 164.666667 0.039926 -229.888142
v 177.333333 0.037608 -233.081571
v 190.000000 0.036028 -237.028187
v 202.666667 0.035258 -241.039810
v 215.333333 0.035333 -244.445477
v 228.000000 0.036252 -246.756233
v 240.666667 0.037970 -247.781242
v 253.333333 0.040409 -247.664981
v 266.000000 0.043455 -246.836132
v 278.666667 0.046970 -245.882056
v 291.333333 0.050789 -245.382341
v 304.000000 0.054736 -245.745671
v 316.666667 0.058630 -247.093378
v 329.333333 0.062290 -249.220633
v 342.000000 0.065547 -251.645736
v 354.666667 0.068252 -253.734657
v 367.333333 0.070278 -254.868055
v 380.000000 0.071532 -254.606748
v 392.666667 0.071957 -252.811927
v 405.333333 0.071533 -249.688270
v 418.000000 0.070279 -245.738399
v 430.666667 0.068253 -241.640407
v 443.333333 0.065549 -238.080445
v 456.000000 0.062292 -235.584160
v 468.666667 0.058633 -234.391037
v 481.333333 0.054739 -234.404383
v 494.000000 0.050791 -235.229726
v 506.666667 0.046972 -236.291097
v 519.333333 0.043458 -236.994157
v 532.000000 0.040411 -236.892780
v 544.666667 0.037971 -235.814878
v 557.333333 0.036253 -233.914017
v 570.000000 0.035334 -231.633018
v 582.666667 0.035257 -229.589018
v 595.333333 0.036027 -228.410244
v 608.000000 0.037607 -228.567548
v 620.666667 0.039924 -230.245227
v 633.333333 0.042872 -233.285339
v 646.000000 0.046314 -237.220437
v 658.666667 0.050091 -241.386343
v 671.333333 0.054029 -245.085584
v 684.000000 0.057945 -247.758730
v 696.666667 0.061660 -249.118871
v 709.333333 0.065001 -249.214159
v 722.000000 0.067814 -248.402355
v 734.666667 0.069970 -247.244477
v 747.333333 0.071368 -246.345977
v 760.000000 0.071943 -246.187672
v -760.000000 0.070474 -213.913010
v -747.333333 0.072410 -216.326684
v -734.666667 0.073641 -219.871928
v -722.000000 0.074110 -223.874003
v -709.333333 0.073796 -227.597694
v -696.666667 0.072712 -230.431139
v -684.000000 0.070909 -232.035575
v -671.333333 0.068470 -232.421855
v -658.666667 0.065508 -231.933981
v -646.000000 0.062160 -231.144400
v -633.333333 0.058579 -230.689137
v -620.666667 0.054933 -231.086651
v -608.000000 0.051388 -232.588627
v -595.333333 0.048110 -235.102422
v -582.666667 0.045248 -238.205979
v -570.000000 0.042936 -241.251568
v -557.333333 0.041281 -243.531241
v -544.666667 0.040357 -244.460533
v -532.000000 0.040210 -243.732059
v -519.333333 0.040844 -241.398527
v -506.666667 0.042231 -237.863214
v -494.000000 0.044307 -233.780270
v -481.333333 0.046976 -229.890944
v -468.666667 0.050114 -226.838635
v -456.000000 0.053577 -225.011219
v -443.333333 0.057205 -224.451846
v -430.666667 0.060830 -224.861317
v -418.000000 0.064284 -225.691002
v -405.333333 0.067409 -226.301327
v -392.666667 0.070060 -226.143630
v -380.000000 0.072114 -224.917005
v -367.333333 0.073476 -222.658391
v -354.666667 0.074084 -219.741819
v -342.000000 0.073909 -216.786728
v -329.333333 0.072960 -214.499316
v -316.666667 0.071281 -213.488603
v -304.000000 0.068948 -214.105656
v -291.333333 0.066070 -216.348355
v -278.666667 0.062780 -219.856919
v -266.000000 0.059230 -224.001513
v -253.333333 0.055583 -228.039074
v -240.666667 0.052008 -231.298278
v -228.000000 0.048670 -233.344235
v -215.333333 0.045723 -234.079851
v -202.666667 0.043305 -233.757551
v -190.000000 0.041525 -232.898720
v -177.333333 0.040466 -232.142524
v -164.666667 0.040178 -232.064415
v -152.000000 0.040674 -233.012594
v -139.333333 0.041930 -235.005916
v -126.666667 0.043889 -237.720478
v -114.000000 0.046460 -240.568714
v -101.333333 0.049525 -242.850304
v -88.666667 0.052941 -243.935262
v -76.000000 0.056551 -243.430950
v -63.333333 0.060189 -241.288956
v -50.666667 0.063686 -237.823553
v -38.000000 0.066881 -233.636681
v -25.333333 0.069626 -229.469001
v -12.666667 0.071795 -226.015979
v 0.000000 0.073286 -223.757152
v 12.666667 0.074032 -222.843190
v 25.333333 0.073998 -223.070124
v 38.000000 0.073186 -223.947086
v 50.666667 0.071632 -224.839274
v 63.333333 0.069409 -225.148003
v 76.000000 0.066620 -224.479976
v 88.666667 0.063392 -222.760782
v 101.333333 0.059877 -220.262373
v 114.000000 0.056234 -217.537043
v 126.666667 0.052634 -215.275127
v 139.333333 0.049242 -214.123852
v 152.000000 0.046215 -214.515069
v 164.666667 0.043693 -216.547352
v 177.333333 0.041792 -219.953676
v 190.000000 0.040600 -224.163399
v 202.666667 0.040172 -228.442464
v 215.333333 0.040528 -232.075175
v 228.000000 0.041652 -234.539982
v 240.666667 0.043491 -235.633325
v 253.333333 0.045960 -235.509313
v 266.000000 0.048946 -234.625207
v 278.666667 0.052311 -233.607527
v 291.333333 0.055899 -233.074497
v 304.000000 0.059544 -233.462049
v 316.666667 0.063078 -234.899603
v 329.333333 0.066339 -237.168675
v 342.000000 0.069174 -239.755452
v 354.666667 0.071454 -241.983634
v 367.333333 0.073073 -243.192592
v 380.000000 0.073956 -242.913865
v 392.666667 0.074062 -240.999389
v 405.333333 0.073387 -237.667488
v 418.000000 0.071962 -233.454292
v 430.666667 0.069852 -229.083100
v 443.333333 0.067155 -225.285808
v 456.000000 0.063995 -222.623104
v 468.666667 0.060520 -221.350440
v 481.333333 0.056888 -221.364675
v 494.000000 0.053268 -222.245041
v 506.666667 0.049827 -223.377170
v 519.333333 0.046724 -224.127101
v 532.000000 0.044102 -224.018965
v 544.666667 0.042082 -222.869204
v 557.333333 0.040758 -220.841619
v 570.000000 0.040191 -218.408553
v 582.666667 0.040407 -216.228286
v 595.333333 0.041396 -214.970927
v 608.000000 0.043112 -215.138718
v 620.666667 0.045477 -216.928242
v 633.333333 0.048380 -220.171028
v 646.000000 0.051688 -224.368466
v 658.666667 0.055248 -228.812099
v 671.333333 0.058895 -232.757956
v 684.000000 0.062462 -235.609312
v 696.666667 0.065783 -237.060129
v 709.333333 0.068704 -237.161769
v 722.000000 0.071092 -236.295846
v 734.666667 0.072835 -235.060776
v 747.333333 0.073854 -234.102376
v 760.000000 0.074101 -233.933517
v -760.000000 0.073652 -200.407573
v -747.333333 0.075200 -202.972102
v -734.666667 0.076078 -206.738923
v -722.000000 0.076246 -210.991129
v -709.333333 0.075697 -214.947550
v -696.666667 0.074456 -217.958086
v -684.000000 0.072580 -219.662798
v -671.333333 0.070156 -220.073221
v -658.666667 0.067296 -219.554855
v -646.000000 0.064132 -218.715925
v -633.333333 0.060810 -218.232208
v -620.666667 0.057484 -218.654567
v -608.000000 0.054307 -220.250416
v -595.333333 0.051426 -222.921323
v -582.666667 0.048974 -226.218852
v -570.000000 0.047064 -229.454790
v -557.333333 0.045785 -231.876944
v -544.666667 0.045195 -232.864316
v -532.000000 0.045322 -232.090312
v -519.333333 0.046160 -229.610935
v -506.666667 0.047670 -225.854665
v -494.000000 0.049783 -221.516537
v -481.333333 0.052401 -217.384128
v -468.666667 0.055403 -214.141049
v -456.000000 0.058650 -212.199421
v -443.333333 0.061992 -211.605086
v -430.666667 0.065276 -212.040150
v -418.000000 0.068348 -212.921690
v -405.333333 0.071068 -213.570160
v -392.666667 0.073310 -213.402607
v -380.000000 0.074970 -212.099318
v -367.333333 0.075972 -209.699541
v -354.666667 0.076269 -206.600683
v -342.000000 0.075847 -203.460899
v -329.333333 0.074726 -201.030523
v -316.666667 0.072959 -199.956641
v -304.000000 0.070625 -200.612260
v -291.333333 0.067834 -202.995127
v -278.666667 0.064714 -206.722976
v -266.000000 0.061409 -211.126608
v -253.333333 0.058072 -215.416516
v -240.666667 0.054858 -218.879420
v -228.000000 0.051913 -221.053250
v -215.333333 0.049375 -221.834841
v -202.666667 0.047361 -221.492398
v -190.000000 0.045964 -220.579890
v -177.333333 0.045248 -219.776432
v -164.666667 0.045246 -219.693441
v -152.000000 0.045959 -220.700882
v -139.333333 0.047354 -222.818785
v -126.666667 0.049365 -225.703008
v -114.000000 0.051901 -228.729258
v -101.333333 0.054844 -231.153448
v -88.666667 0.058057 -232.306216
v -76.000000 0.061394 -231.770384
v -63.333333 0.064699 -229.494516
v -50.666667 0.067821 -225.812525
v -38.000000 0.070614 -221.363973
v -25.333333 0.072949 -216.935813
v -12.666667 0.074720 -213.266978
v 0.000000 0.075844 -210.866974
v 12.666667 0.076268 -209.895890
v 25.333333 0.075975 -210.137007
v 38.000000 0.074976 -211.068779
v 50.666667 0.073319 -212.016729
v 63.333333 0.071080 -212.344753
v 76.000000 0.068362 -211.634975
v 88.666667 0.065290 -209.808331
v 101.333333 0.062007 -207.153772
v 114.000000 0.058665 -204.258108
v 126.666667 0.055417 -201.854823
v 139.333333 0.052414 -200.631593
v 152.000000 0.049794 -201.047261
v 164.666667 0.047679 -203.206561
v 177.333333 0.046165 -206.825781
v 190.000000 0.045324 -211.298611
v 202.666667 0.045194 -215.845118
v 215.333333 0.045780 -219.704874
v 228.000000 0.047057 -222.323731
v 240.666667 0.048964 -223.485408
v 253.333333 0.051414 -223.353645
v 266.000000 0.054293 -222.414283
v 278.666667 0.057469 -221.332997
v 291.333333 0.060795 -220.766653
v 304.000000 0.064117 -221.178427
v 316.666667 0.067282 -222.705828
v 329.333333 0.070144 -225.116717
v 342.000000 0.072570 -227.865167
v 354.666667 0.074449 -230.232611
v 367.333333 0.075693 -231.517129
v 380.000000 0.076245 -231.220982
v 392.666667 0.076080 -229.186850
v 405.333333 0.075205 -225.646706
v 418.000000 0.073661 -221.170185
v 430.666667 0.071519 -216.525794
v 443.333333 0.068878 -212.491171
v 456.000000 0.065859 -209.662048
v 468.666667 0.062603 -208.309842
v 481.333333 0.059260 -208.324968
v 494.000000 0.055984 -209.260356
v 506.666667 0.052927 -210.463243
v 519.333333 0.050229 -211.260044
v 532.000000 0.048015 -211.145150
v 544.666667 0.046388 -209.923529
v 557.333333 0.045423 -207.769220
v 570.000000 0.045164 -205.184087
v 582.666667 0.045624 -202.867554
v 595.333333 0.046780 -201.531610
v 608.000000 0.048580 -201.709888
v 620.666667 0.050940 -203.611257
v 633.333333 0.053752 -207.056718
v 646.000000 0.056886 -211.516495
v 658.666667 0.060196 -216.237855
v 671.333333 0.063530 -220.430328
v 684.000000 0.066734 -223.459894
v 696.666667 0.069661 -225.001387
v 709.333333 0.072173 -225.109380
v 722.000000 0.074157 -224.189336
v 734.666667 0.075520 -222.877074
v 747.333333 0.076199 -221.858774
v 760.000000 0.076162 -221.679362
v -760.000000 0.076628 -186.902136
v -747.333333 0.077818 -189.617519
v -734.666667 0.078384 -193.605919
v -722.000000 0.078298 -198.108254
v -709.333333 0.077565 -202.297406
v -696.666667 0.076219 -205.485032
v -684.000000 0.074322 -207.290022
v -671.333333 0.071961 -207.724587
v -658.666667 0.069245 -207.175729
v -646.000000 0.066300 -206.287450
v -633.333333 0.063263 -205.775279
v -620.666667 0.060272 -206.222482
v -608.000000 0.057467 -207.912205
v -595.333333 0.054977 -210.740225
v -582.666667 0.052917 -214.231726
v -570.000000 0.051382 -217.658013
v -557.333333 0.050443 -220.222646
v -544.666667 0.050143 -221.268100
v -532.000000 0.050497 -220.448566
v -519.333333 0.051488 -217.823343
v -506.666667 0.053069 -213.846116
v -494.000000 0.055169 -209.252804
v -481.333333 0.057690 -204.877312
v -468.666667 0.060515 -201.443464
v -456.000000 0.063515 -199.387622
v -443.333333 0.066550 -198.758326
v -430.666667 0.069481 -199.218982
v -418.000000 0.072172 -200.152378
v -405.333333 0.074498 -200.838993
v -392.666667 0.076353 -200.661584
v -380.000000 0.077650 -199.281631
v -367.333333 0.078330 -196.740690
v -354.666667 0.078362 -193.459547
v -342.000000 0.077743 -190.135069
v -329.333333 0.076502 -187.561730
v -316.666667 0.074698 -186.424679
v -304.000000 0.072412 -187.118863
v -291.333333 0.069751 -189.641899
v -278.666667 0.066838 -193.589034
v -266.000000 0.063807 -198.251702
v -253.333333 0.060798 -202.793958
v -240.666667 0.057949 -206.460563
v -228.000000 0.055394 -208.762265
v -215.333333 0.053249 -209.589832
v -202.666667 0.051615 -209.227245
v -190.000000 0.050565 -208.261061
v -177.333333 0.050149 -207.410340
v -164.666667 0.050386 -207.322467
v -152.000000 0.051265 -208.389169
v -139.333333 0.052746 -210.631655
v -126.666667 0.054759 -213.685538
v -114.000000 0.057213 -216.889803
v -101.333333 0.059993 -219.456592
v -88.666667 0.062972 -220.677170
v -76.000000 0.066011 -220.109819
v -63.333333 0.068970 -217.700076
v -50.666667 0.071714 -213.801497
v -38.000000 0.074114 -209.091266
v -25.333333 0.076060 -204.402626
v -12.666667 0.077462 -200.517977
v 0.000000 0.078256 -197.976796
v 12.666667 0.078404 -196.948589
v 25.333333 0.077900 -197.203889
v 38.000000 0.076768 -198.190472
v 50.666667 0.075059 -199.194183
v 63.333333 0.072852 -199.541503
v 76.000000 0.070250 -198.789974
v 88.666667 0.067372 -196.855880
v 101.333333 0.064351 -194.045170
v 114.000000 0.061328 -190.979173
v 126.666667 0.058441 -188.434518
v 139.333333 0.055824 -187.139334
v 152.000000 0.053598 -187.579453
v 164.666667 0.051866 -189.865771
v 177.333333 0.050707 -193.697885
v 190.000000 0.050176 -198.433824
v 202.666667 0.050296 -203.247772
v 215.333333 0.051062 -207.334572
v 228.000000 0.052439 -210.107480
v 240.666667 0.054364 -211.337491
v 253.333333 0.056746 -211.197977
v 266.000000 0.059477 -210.203358
v 278.666667 0.062430 -209.058468
v 291.333333 0.065469 -208.458809
v 304.000000 0.068453 -208.894805
v 316.666667 0.071245 -210.512054
v 329.333333 0.073715 -213.064759
v 342.000000 0.075749 -215.974883
v 354.666667 0.077254 -218.481588
v 367.333333 0.078160 -219.841666
v 380.000000 0.078426 -219.528098
v 392.666667 0.078038 -217.374312
v 405.333333 0.077015 -213.625924
v 418.000000 0.075404 -208.886079
v 430.666667 0.073279 -203.968488
v 443.333333 0.070739 -199.696534
v 456.000000 0.067901 -196.700992
v 468.666667 0.064896 -195.269245
v 481.333333 0.061863 -195.285260
v 494.000000 0.058941 -196.275671
v 506.666667 0.056267 -197.549317
v 519.333333 0.053963 -198.392988
v 532.000000 0.052136 -198.271336
v 544.666667 0.050870 -196.977854
v 557.333333 0.050223 -194.696821
v 570.000000 0.050226 -191.959622
v 582.666667 0.050879 -189.506822
v 595.333333 0.052151 -188.092293
v 608.000000 0.053983 -188.281058
v 620.666667 0.056291 -190.294272
v 633.333333 0.058969 -193.942407
v 646.000000 0.061892 -198.664524
v 658.666667 0.064925 -203.663612
v 671.333333 0.067930 -208.102701
v 684.000000 0.070765 -211.310476
v 696.666667 0.073302 -212.942645
v 709.333333 0.075422 -213.056991
v 722.000000 0.077027 -212.082826
v 734.666667 0.078045 -210.693373
v 747.333333 0.078426 -209.615173
v 760.000000 0.078155 -209.425207
v -760.000000 0.079419 -173.396699
v -747.333333 0.080289 -176.262937
v -734.666667 0.080586 -180.472914
v -722.000000 0.080294 -185.225379
v -709.333333 0.079428 -189.647262
v -696.666667 0.078028 -193.011978
v -684.000000 0.076158 -194.917245
v -671.333333 0.073904 -195.375953
v -658.666667 0.071371 -194.796602
v -646.000000 0.068676 -193.858975
v -633.333333 0.065943 -193.318350
v -620.666667 0.063298 -193.790398
v -608.000000 0.060864 -195.573995
v -595.333333 0.058753 -198.559126
v -582.666667 0.057063 -202.244600
v -570.000000 0.055871 -205.861236
v -557.333333 0.055232 -208.568349
v -544.666667 0.055177 -209.671883
v -532.000000 0.055708 -208.806820
v -519.333333 0.056800 -206.035751
v -506.666667 0.058402 -201.837567
v -494.000000 0.060441 -196.989071
v -481.333333 0.062823 -192.370496
v -468.666667 0.065437 -188.745879
v -456.000000 0.068163 -186.575823
v -443.333333 0.070875 -185.911567
v -430.666667 0.073448 -186.397814
v -418.000000 0.075762 -187.383065
v -405.333333 0.077711 -188.107826
v -392.666667 0.079205 -187.920561
v -380.000000 0.080175 -186.463944
v -367.333333 0.080576 -183.781840
v -354.666667 0.080389 -180.318410
v -342.000000 0.079624 -176.809240
v -329.333333 0.078315 -174.092937
v -316.666667 0.076523 -172.892716
v -304.000000 0.074331 -173.625467
v -291.333333 0.071840 -176.288672
v -278.666667 0.069164 -180.455091
v -266.000000 0.066429 -185.376797
v -253.333333 0.063759 -190.171400
v -240.666667 0.061279 -194.041705
v -228.000000 0.059102 -196.471280
v -215.333333 0.057330 -197.344823
v -202.666667 0.056045 -196.962092
v -190.000000 0.055304 -195.942231
v -177.333333 0.055144 -195.044247
v -164.666667 0.055571 -194.951493
v -152.000000 0.056565 -196.077456
v -139.333333 0.058081 -198.444525
v -126.666667 0.060048 -201.668068
v -114.000000 0.062376 -205.050347
v -101.333333 0.064958 -207.759736
v -88.666667 0.067673 -209.048124
v -76.000000 0.070397 -208.449253
v -63.333333 0.073003 -205.905635
v -50.666667 0.075372 -201.790469
v -38.000000 0.077393 -196.818559
v -25.333333 0.078975 -191.869439
v -12.666667 0.080042 -187.768976
v 0.000000 0.080547 -185.086618
v 12.666667 0.080466 -184.001289
v 25.333333 0.079802 -184.270772
v 38.000000 0.078587 -185.312165
v 50.666667 0.076876 -186.371638
v 63.333333 0.074748 -186.738254
v 76.000000 0.072302 -185.944972
v 88.666667 0.069651 -183.903429
v 101.333333 0.066917 -180.936568
v 114.000000 0.064226 -177.700238
v 126.666667 0.061703 -175.014213
v 139.333333 0.059465 -173.647074
v 152.000000 0.057614 -174.111644
v 164.666667 0.056236 -176.524980
v 177.333333 0.055395 -180.569990
v 190.000000 0.055129 -185.569036
v 202.666667 0.055452 -190.650426
v 215.333333 0.056347 -194.964271
v 228.000000 0.057774 -197.891229
v 240.666667 0.059667 -199.189574
v 253.333333 0.061938 -199.042309
v 266.000000 0.064483 -197.992434
v 278.666667 0.067183 -196.783938
v 291.333333 0.069914 -196.150965
v 304.000000 0.072551 -196.611183
v 316.666667 0.074971 -198.318279
v 329.333333 0.077062 -201.012802
v 342.000000 0.078728 -204.084599
v 354.666667 0.079892 -206.730565
v 367.333333 0.080499 -208.166203
v 380.000000 0.080524 -207.835215
v 392.666667 0.079963 -205.561774
v 405.333333 0.078842 -201.605142
v 418.000000 0.077215 -196.601972
v 430.666667 0.075155 -191.411182
v 443.333333 0.072758 -186.901897
v 456.000000 0.070135 -183.739936
v 468.666667 0.067406 -182.228647
v 481.333333 0.064699 -182.245552
v 494.000000 0.062137 -183.290986
v 506.666667 0.059840 -184.635390
v 519.333333 0.057912 -185.525932
v 532.000000 0.056444 -185.397521
v 544.666667 0.055504 -184.032179
v 557.333333 0.055134 -181.624422
v 570.000000 0.055351 -178.735156
v 582.666667 0.056146 -176.146090
v 595.333333 0.057482 -174.652976
v 608.000000 0.059298 -174.852228
v 620.666667 0.061509 -176.977287
v 633.333333 0.064012 -180.828096
v 646.000000 0.066694 -185.812553
v 658.666667 0.069429 -191.089368
v 671.333333 0.072092 -195.775073
v 684.000000 0.074559 -199.161058
v 696.666667 0.076716 -200.883903
v 709.333333 0.078465 -201.004601
v 722.000000 0.079723 -199.976317
v 734.666667 0.080433 -198.509671
v 747.333333 0.080563 -197.371571
v 760.000000 0.080105 -197.171052
v -760.000000 0.082045 -159.891262
v -747.333333 0.082636 -162.908355
v -734.666667 0.082709 -167.339910
v -722.000000 0.082261 -172.342504
v -709.333333 0.081312 -176.997118
v -696.666667 0.079907 -180.538924
v -684.000000 0.078111 -182.544469
v -671.333333 0.076005 -183.027319
v -658.666667 0.073689 -182.417476
v -646.000000 0.071268 -181.430500
v -633.333333 0.068854 -180.861421
v -620.666667 0.066560 -181.358314
v -608.000000 0.064490 -183.235784
v -595.333333 0.062740 -186.378028
v -582.666667 0.061392 -190.257473
v -570.000000 0.060508 -194.064459
v -557.333333 0.060128 -196.914051
v -544.666667 0.060270 -198.075666
v -532.000000 0.060927 -197.165073
v -519.333333 0.062070 -194.248159
v -506.666667 0.063644 -189.829018
v -494.000000 0.065579 -184.725338
v -481.333333 0.067783 -179.863680
v -468.666667 0.070156 -176.048293
v -456.000000 0.072588 -173.764024
v -443.333333 0.074966 -173.064807
v -430.666667 0.077180 -173.576647
v -418.000000 0.079129 -174.613753
v -405.333333 0.080723 -175.376659
v -392.666667 0.081887 -175.179538
v -380.000000 0.082568 -173.646257
v -367.333333 0.082734 -170.822989
v -354.666667 0.082378 -167.177274
v -342.000000 0.081517 -163.483411
v -329.333333 0.080189 -160.624145
v -316.666667 0.078457 -159.360754
v -304.000000 0.076401 -160.132070
v -291.333333 0.074114 -162.935444
v -278.666667 0.071704 -167.321148
v -266.000000 0.069280 -172.501891
v -253.333333 0.066956 -177.548842
v -240.666667 0.064839 -181.622848
v -228.000000 0.063026 -184.180294
v -215.333333 0.061601 -185.099813
v -202.666667 0.060630 -184.696938
v -190.000000 0.060158 -183.623401
v -177.333333 0.060206 -182.678155
v -164.666667 0.060773 -182.580519
v -152.000000 0.061832 -183.765743
v -139.333333 0.063334 -186.257394
v -126.666667 0.065210 -189.650598
v -114.000000 0.067373 -193.210892
v -101.333333 0.069724 -196.062880
v -88.666667 0.072153 -197.419078
v -76.000000 0.074549 -196.788687
v -63.333333 0.076801 -194.111195
v -50.666667 0.078804 -189.779441
v -38.000000 0.080467 -184.545851
v -25.333333 0.081713 -179.336251
v -12.666667 0.082483 -175.019974
v 0.000000 0.082743 -172.196441
v 12.666667 0.082480 -171.053988
v 25.333333 0.081707 -171.337655
v 38.000000 0.080459 -172.433858
v 50.666667 0.078794 -173.549093
v 63.333333 0.076788 -173.935004
v 76.000000 0.074535 -173.099971
v 88.666667 0.072139 -170.950978
v 101.333333 0.069710 -167.827967
v 114.000000 0.067360 -164.421304
v 126.666667 0.065198 -161.593909
v 139.333333 0.063324 -160.154815
v 152.000000 0.061824 -160.643836
v 164.666667 0.060768 -163.184190
v 177.333333 0.060204 -167.442095
v 190.000000 0.060159 -172.704249
v 202.666667 0.060634 -178.053080
v 215.333333 0.061608 -182.593969
v 228.000000 0.063036 -185.674978
v 240.666667 0.064851 -187.041657
v 253.333333 0.066970 -186.886641
v 266.000000 0.069294 -185.781509
v 278.666667 0.071718 -184.509409
v 291.333333 0.074128 -183.843121
v 304.000000 0.076413 -184.327561
v 316.666667 0.078469 -186.124504
v 329.333333 0.080199 -188.960844
v 342.000000 0.081523 -192.194315
v 354.666667 0.082382 -194.979542
v 367.333333 0.082735 -196.490740
v 380.000000 0.082565 -196.142331
v 392.666667 0.081881 -193.749236
v 405.333333 0.080715 -189.584360
v 418.000000 0.079119 -184.317865
v 430.666667 0.077168 -178.853876
v 443.333333 0.074952 -174.107260
v 456.000000 0.072573 -170.778880
v 468.666667 0.070142 -169.188050
v 481.333333 0.067770 -169.205844
v 494.000000 0.065566 -170.306301
v 506.666667 0.063634 -171.721463
v 519.333333 0.062062 -172.658876
v 532.000000 0.060922 -172.523706
v 544.666667 0.060268 -171.086504
v 557.333333 0.060129 -168.552023
v 570.000000 0.060512 -165.510691
v 582.666667 0.061399 -162.785358
v 595.333333 0.062750 -161.213659
v 608.000000 0.064501 -161.423398
v 620.666667 0.066572 -163.660302
v 633.333333 0.068868 -167.713786
v 646.000000 0.071282 -172.960582
v 658.666667 0.073703 -178.515124
v 671.333333 0.076019 -183.447445
v 684.000000 0.078122 -187.011640
v 696.666667 0.079917 -188.825161
v 709.333333 0.081319 -188.952212
v 722.000000 0.082265 -187.869807
v 734.666667 0.082710 -186.325970
v 747.333333 0.082634 -185.127970
v 760.000000 0.082040 -184.916896
v -760.000000 0.084530 -146.385825
v -747.333333 0.084883 -149.553772
v -734.666667 0.084779 -154.206905
v -722.000000 0.084224 -159.459630
v -709.333333 0.083243 -164.346974
v -696.666667 0.081881 -168.065870
v -684.000000 0.080202 -170.171692
v -671.333333 0.078282 -170.678685
v -658.666667 0.076210 -170.038350
v -646.000000 0.074083 -169.002025
v -633.333333 0.071998 -168.404492
v -620.666667 0.070051 -168.926229
v -608.000000 0.068333 -170.897573
v -595.333333 0.066924 -174.196929
v -582.666667 0.065887 -178.270347
v -570.000000 0.065271 -182.267682
v -557.333333 0.065104 -185.259754
v -544.666667 0.065395 -186.479450
v -532.000000 0.066129 -185.523327
v -519.333333 0.067273 -182.460567
v -506.666667 0.068774 -177.820469
v -494.000000 0.070562 -172.461605
v -481.333333 0.072556 -167.356864
v -468.666667 0.074662 -163.350708
v -456.000000 0.076784 -160.952225
v -443.333333 0.078823 -160.218047
v -430.666667 0.080686 -160.755479
v -418.000000 0.082287 -161.844440
v -405.333333 0.083550 -162.645491
v -392.666667 0.084419 -162.438514
v -380.000000 0.084853 -160.828569
v -367.333333 0.084831 -157.864139
v -354.666667 0.084356 -154.036138
v -342.000000 0.083448 -150.157581
v -329.333333 0.082150 -147.155352
v -316.666667 0.080522 -145.828792
v -304.000000 0.078639 -146.638674
v -291.333333 0.076588 -149.582216
v -278.666667 0.074463 -154.187206
v -266.000000 0.072363 -159.626986
v -253.333333 0.070385 -164.926284
v -240.666667 0.068620 -169.203990
v -228.000000 0.067150 -171.889309
v -215.333333 0.066042 -172.854804
v -202.666667 0.065349 -172.431785
v -190.000000 0.065100 -171.304571
v -177.333333 0.065310 -170.312063
v -164.666667 0.065966 -170.209545
v -152.000000 0.067040 -171.454030
v -139.333333 0.068482 -174.070264
v -126.666667 0.070225 -177.633128
v -114.000000 0.072188 -181.371436
v -101.333333 0.074281 -184.366023
v -88.666667 0.076408 -185.790031
v -76.000000 0.078469 -185.128122
v -63.333333 0.080370 -182.316755
v -50.666667 0.082023 -177.768413
v -38.000000 0.083352 -172.273144
v -25.333333 0.084295 -166.803064
v -12.666667 0.084808 -162.270973
v 0.000000 0.084869 -159.306263
v 12.666667 0.084474 -158.106687
v 25.333333 0.083641 -158.404538
v 38.000000 0.082409 -159.555551
v 50.666667 0.080835 -160.726547
v 63.333333 0.078991 -161.131754
v 76.000000 0.076963 -160.254969
v 88.666667 0.074844 -157.998527
v 101.333333 0.072733 -154.719365
v 114.000000 0.070726 -151.142369
v 126.666667 0.068917 -148.173604
v 139.333333 0.067388 -146.662556
v 152.000000 0.066211 -147.176028
v 164.666667 0.065441 -149.843399
v 177.333333 0.065111 -154.314199
v 190.000000 0.065239 -159.839461
v 202.666667 0.065817 -165.455734
v 215.333333 0.066820 -170.223668
v 228.000000 0.068200 -173.458727
v 240.666667 0.069894 -174.893739
v 253.333333 0.071825 -174.730973
v 266.000000 0.073902 -173.570585
v 278.666667 0.076029 -172.234879
v 291.333333 0.078109 -171.535277
v 304.000000 0.080046 -172.043939
v 316.666667 0.081749 -173.930729
v 329.333333 0.083141 -176.908886
v 342.000000 0.084157 -180.304030
v 354.666667 0.084749 -183.228520
v 367.333333 0.084892 -184.815277
v 380.000000 0.084577 -184.449448
v 392.666667 0.083820 -181.936698
v 405.333333 0.082656 -177.563578
v 418.000000 0.081138 -172.033758
v 430.666667 0.079337 -166.296569
v 443.333333 0.077335 -161.312623
v 456.000000 0.075225 -157.817824
v 468.666667 0.073105 -156.147452
v 481.333333 0.071073 -156.166136
v 494.000000 0.069222 -157.321616
v 506.666667 0.067638 -158.807536
v 519.333333 0.066393 -159.791820
v 532.000000 0.065547 -159.649892
v 544.666667 0.065137 -158.140830
v 557.333333 0.065182 -155.479624
v 570.000000 0.065681 -152.286225
v 582.666667 0.066611 -149.424626
v 595.333333 0.067928 -147.774342
v 608.000000 0.069571 -147.994568
v 620.666667 0.071466 -150.343317
v 633.333333 0.073523 -154.599475
v 646.000000 0.075649 -160.108611
v 658.666667 0.077745 -165.940880
v 671.333333 0.079714 -171.119817
v 684.000000 0.081465 -174.862223
v 696.666667 0.082918 -176.766419
v 709.333333 0.084005 -176.899822
v 722.000000 0.084676 -175.763297
v 734.666667 0.084900 -174.142268
v 747.333333 0.084667 -172.884368
v 760.000000 0.083987 -172.662741
v -760.000000 0.086895 -132.880388
v -747.333333 0.087056 -136.199190
v -734.666667 0.086824 -141.073901
v -722.000000 0.086212 -146.576755
v -709.333333 0.085246 -151.696830
v -696.666667 0.083973 -155.592817
v -684.000000 0.082450 -157.798916
v -671.333333 0.080747 -158.330051
v -658.666667 0.078945 -157.659224
v -646.000000 0.077125 -156.573550
v -633.333333 0.075371 -155.947563
v -620.666667 0.073766 -156.494145
v -608.000000 0.072383 -158.559362
v -595.333333 0.071285 -162.015830
v -582.666667 0.070524 -166.283220
v -570.000000 0.070135 -170.470905
v -557.333333 0.070135 -173.605457
v -544.666667 0.070525 -174.883233
v -532.000000 0.071287 -173.881581
v -519.333333 0.072385 -170.672975
v -506.666667 0.073769 -165.811920
v -494.000000 0.075375 -160.197872
v -481.333333 0.077128 -154.850048
v -468.666667 0.078948 -150.653123
v -456.000000 0.080751 -148.140427
v -443.333333 0.082453 -147.371288
v -430.666667 0.083976 -147.934311
v -418.000000 0.085249 -149.075128
v -405.333333 0.086213 -149.914324
v -392.666667 0.086825 -149.697491
v -380.000000 0.087056 -148.010882
v -367.333333 0.086894 -144.905288
v -354.666667 0.086348 -140.895001
v -342.000000 0.085443 -136.831752
v -329.333333 0.084221 -133.686559
v -316.666667 0.082737 -132.296830
v -304.000000 0.081062 -133.145277
v -291.333333 0.079271 -136.228988
v -278.666667 0.077448 -141.053263
v -266.000000 0.075676 -146.752080
v -253.333333 0.074039 -152.303726
v -240.666667 0.072611 -156.785132
v -228.000000 0.071458 -159.598324
v -215.333333 0.070634 -160.609794
v -202.666667 0.070176 -160.166632
v -190.000000 0.070106 -158.985741
v -177.333333 0.070427 -157.945971
v -164.666667 0.071125 -157.838571
v -152.000000 0.072166 -159.142317
v -139.333333 0.073503 -161.883134
v -126.666667 0.075074 -165.615657
v -114.000000 0.076807 -169.531981
v -101.333333 0.078622 -172.669167
v -88.666667 0.080434 -174.160985
v -76.000000 0.082159 -173.467556
v -63.333333 0.083720 -170.522315
v -50.666667 0.085042 -165.757385
v -38.000000 0.086066 -160.000436
v -25.333333 0.086743 -154.269876
v -12.666667 0.087043 -149.521972
v 0.000000 0.086952 -146.416085
v 12.666667 0.086473 -145.159387
v 25.333333 0.085630 -145.471420
v 38.000000 0.084460 -146.677243
v 50.666667 0.083019 -147.904002
v 63.333333 0.081372 -148.328504
v 76.000000 0.079596 -147.409968
v 88.666667 0.077772 -145.046076
v 101.333333 0.075986 -141.610763
v 114.000000 0.074318 -137.863434
v 126.666667 0.072848 -134.753300
v 139.333333 0.071641 -133.170297
v 152.000000 0.070755 -133.708220
v 164.666667 0.070230 -136.502609
v 177.333333 0.070090 -141.186304
v 190.000000 0.070342 -146.974674
v 202.666667 0.070974 -152.858388
v 215.333333 0.071956 -157.853366
v 228.000000 0.073245 -161.242476
v 240.666667 0.074779 -162.745822
v 253.333333 0.076489 -162.575306
v 266.000000 0.078295 -161.359660
v 278.666667 0.080113 -159.960349
v 291.333333 0.081861 -159.227433
v 304.000000 0.083456 -159.760317
v 316.666667 0.084826 -161.736954
v 329.333333 0.085907 -164.856928
v 342.000000 0.086649 -168.413746
v 354.666667 0.087018 -171.477497
v 367.333333 0.086997 -173.139814
v 380.000000 0.086587 -172.756564
v 392.666667 0.085806 -170.124159
v 405.333333 0.084691 -165.542796
v 418.000000 0.083294 -159.749652
v 430.666667 0.081679 -153.739263
v 443.333333 0.079920 -148.517986
v 456.000000 0.078098 -144.856768
v 468.666667 0.076299 -143.106855
v 481.333333 0.074604 -143.126429
v 494.000000 0.073093 -144.336931
v 506.666667 0.071835 -145.893609
v 519.333333 0.070888 -146.924763
v 532.000000 0.070296 -146.776077
v 544.666667 0.070086 -145.195155
v 557.333333 0.070268 -142.407226
v 570.000000 0.070834 -139.061760
v 582.666667 0.071757 -136.063894
v 595.333333 0.072994 -134.335025
v 608.000000 0.074490 -134.565738
v 620.666667 0.076174 -137.026332
v 633.333333 0.077968 -141.485164
v 646.000000 0.079791 -147.256640
v 658.666667 0.081557 -153.366636
v 671.333333 0.083185 -158.792190
v 684.000000 0.084600 -162.712805
v 696.666667 0.085737 -164.707677
v 709.333333 0.086543 -164.847433
v 722.000000 0.086980 -163.656788
v 734.666667 0.087030 -161.958567
v 747.333333 0.086688 -160.640767
v 760.000000 0.085971 -160.408586
v -760.000000 0.089166 -119.374951
v -747.333333 0.089180 -122.844608
v -734.666667 0.088870 -127.940896
v -722.000000 0.088249 -133.693880
v -709.333333 0.087346 -139.046685
v -696.666667 0.086202 -143.119763
v -684.000000 0.084871 -145.426139
v -671.333333 0.083414 -145.981417
v -658.666667 0.081898 -145.280098
v -646.000000 0.080394 -144.145075
v -633.333333 0.078970 -143.490634
v -620.666667 0.077693 -144.062061
v -608.000000 0.076622 -146.221151
v -595.333333 0.075805 -149.834732
v -582.666667 0.075281 -154.296094
v -570.000000 0.075074 -158.674128
v -557.333333 0.075194 -161.951159
v -544.666667 0.075635 -163.287016
v -532.000000 0.076376 -162.239834
v -519.333333 0.077383 -158.885383
v -506.666667 0.078611 -153.803371
v -494.000000 0.080001 -147.934139
v -481.333333 0.081491 -142.343232
v -468.666667 0.083010 -137.955537
v -456.000000 0.084490 -135.328628
v -443.333333 0.085861 -134.524528
v -430.666667 0.087060 -135.113144
v -418.000000 0.088033 -136.305816
v -405.333333 0.088733 -137.183157
v -392.666667 0.089129 -136.956468
v -380.000000 0.089202 -135.193195
v -367.333333 0.088949 -131.946438
v -354.666667 0.088382 -127.753865
v -342.000000 0.087526 -123.505922
v -329.333333 0.086422 -120.217766
v -316.666667 0.085120 -118.764867
v -304.000000 0.083681 -119.651881
v -291.333333 0.082171 -122.875760
v -278.666667 0.080659 -127.919321
v -266.000000 0.079216 -133.877175
v -253.333333 0.077908 -139.681168
v -240.666667 0.076796 -144.366275
v -228.000000 0.075931 -147.307339
v -215.333333 0.075352 -148.364785
v -202.666667 0.075087 -147.901479
v -190.000000 0.075149 -146.666911
v -177.333333 0.075533 -145.579878
v -164.666667 0.076222 -145.467597
v -152.000000 0.077185 -146.830605
v -139.333333 0.078377 -149.696004
v -126.666667 0.079743 -153.598187
v -114.000000 0.081220 -157.692526
v -101.333333 0.082740 -160.972311
v -88.666667 0.084231 -162.531939
v -76.000000 0.085627 -161.806990
v -63.333333 0.086861 -158.727874
v -50.666667 0.087878 -153.746357
v -38.000000 0.088629 -147.727729
v -25.333333 0.089081 -141.736689
v -12.666667 0.089213 -136.772970
v 0.000000 0.089018 -133.525907
v 12.666667 0.088505 -132.212086
v 25.333333 0.087699 -132.538303
v 38.000000 0.086636 -133.798936
v 50.666667 0.085365 -135.081457
v 63.333333 0.083946 -135.525254
v 76.000000 0.082443 -134.564966
v 88.666667 0.080926 -132.093625
v 101.333333 0.079466 -128.502162
v 114.000000 0.078129 -124.584499
v 126.666667 0.076978 -121.332995
v 139.333333 0.076065 -119.678037
v 152.000000 0.075433 -120.240412
v 164.666667 0.075111 -123.161818
v 177.333333 0.075114 -128.058409
v 190.000000 0.075441 -134.109886
v 202.666667 0.076078 -140.261042
v 215.333333 0.076995 -145.483065
v 228.000000 0.078150 -149.026224
v 240.666667 0.079489 -150.597905
v 253.333333 0.080951 -150.419638
v 266.000000 0.082468 -149.148736
v 278.666667 0.083970 -147.685820
v 291.333333 0.085387 -146.919589
v 304.000000 0.086655 -147.476695
v 316.666667 0.087714 -149.543180
v 329.333333 0.088516 -152.804970
v 342.000000 0.089023 -156.523462
v 354.666667 0.089213 -159.726474
v 367.333333 0.089076 -161.464351
v 380.000000 0.088619 -161.063681
v 392.666667 0.087863 -158.311621
v 405.333333 0.086843 -153.522014
v 418.000000 0.085605 -147.465545
v 430.666667 0.084208 -141.181957
v 443.333333 0.082715 -135.723349
v 456.000000 0.081196 -131.895712
v 468.666667 0.079720 -130.066257
v 481.333333 0.078357 -130.086721
v 494.000000 0.077168 -131.352246
v 506.666667 0.076209 -132.979682
v 519.333333 0.075524 -134.057707
v 532.000000 0.075145 -133.902262
v 544.666667 0.075089 -132.249480
v 557.333333 0.075359 -129.334827
v 570.000000 0.075942 -125.837294
v 582.666667 0.076812 -122.703162
v 595.333333 0.077928 -120.895708
v 608.000000 0.079239 -121.136908
v 620.666667 0.080683 -123.709347
v 633.333333 0.082195 -128.370853
v 646.000000 0.083705 -134.404669
v 658.666667 0.085143 -140.792392
v 671.333333 0.086442 -146.464562
v 684.000000 0.087542 -150.563387
v 696.666667 0.088393 -152.648935
v 709.333333 0.088956 -152.795044
v 722.000000 0.089203 -151.550278
v 734.666667 0.089125 -149.774865
v 747.333333 0.088724 -148.397165
v 760.000000 0.088019 -148.154431
v -760.000000 0.091367 -105.869514
v -747.333333 0.091283 -109.490026
v -734.666667 0.090942 -114.807892
v -722.000000 0.090360 -120.811005
v -709.333333 0.089563 -126.396541
v -696.666667 0.088588 -130.646709
v -684.000000 0.087480 -133.053363
v -671.333333 0.086291 -133.632783
v -658.666667 0.085075 -132.900971
v -646.000000 0.083889 -131.716600
v -633.333333 0.082787 -131.033705
v -620.666667 0.081820 -131.629976
v -608.000000 0.081033 -133.882941
v -595.333333 0.080463 -137.653633
v -582.666667 0.080135 -142.308968
v -570.000000 0.080064 -146.877351
v -557.333333 0.080255 -150.296862
v -544.666667 0.080697 -151.690800
v -532.000000 0.081372 -150.598088
v -519.333333 0.082247 -147.097791
v -506.666667 0.083282 -141.794822
v -494.000000 0.084430 -135.670406
v -481.333333 0.085636 -129.836416
v -468.666667 0.086847 -125.257952
v -456.000000 0.088005 -122.516829
v -443.333333 0.089057 -121.677768
v -430.666667 0.089955 -122.291976
v -418.000000 0.090657 -123.536503
v -405.333333 0.091131 -124.451990
v -392.666667 0.091355 -124.215445
v -380.000000 0.091318 -122.375508
v -367.333333 0.091022 -118.987587
v -354.666667 0.090481 -114.612729
v -342.000000 0.089720 -110.180093
v -329.333333 0.088774 -106.748974
v -316.666667 0.087686 -105.232905
v -304.000000 0.086508 -106.158484
v -291.333333 0.085292 -109.522532
v -278.666667 0.084097 -114.785378
v -266.000000 0.082976 -121.002270
v -253.333333 0.081981 -127.058610
v -240.666667 0.081159 -131.947417
v -228.000000 0.080548 -135.016353
v -215.333333 0.080175 -136.119776
v -202.666667 0.080057 -135.636326
v -190.000000 0.080202 -134.348081
v -177.333333 0.080600 -133.213786
v -164.666667 0.081235 -133.096622
v -152.000000 0.082077 -134.518892
v -139.333333 0.083087 -137.508873
v -126.666667 0.084218 -141.580717
v -114.000000 0.085419 -145.853070
v -101.333333 0.086633 -149.275455
v -88.666667 0.087804 -150.902893
v -76.000000 0.088879 -150.146425
v -63.333333 0.089808 -146.933434
v -50.666667 0.090548 -141.735329
v -38.000000 0.091064 -135.455021
v -25.333333 0.091334 -129.203501
v -12.666667 0.091343 -124.023969
v 0.000000 0.091093 -120.635729
v 12.666667 0.090595 -119.264786
v 25.333333 0.089871 -119.605186
v 38.000000 0.088955 -120.920629
v 50.666667 0.087889 -122.258911
v 63.333333 0.086723 -122.722004
v 76.000000 0.085510 -121.719965
v 88.666667 0.084307 -119.141174
v 101.333333 0.083168 -115.393560
v 114.000000 0.082148 -111.305564
v 126.666667 0.081292 -107.912691
v 139.333333 0.080640 -106.185778
v 152.000000 0.080223 -106.772604
v 164.666667 0.080059 -109.821028
v 177.333333 0.080157 -114.930514
v 190.000000 0.080511 -121.245098
v 202.666667 0.081106 -127.663696
v 215.333333 0.081913 -133.112763
v 228.000000 0.082896 -136.809973
v 240.666667 0.084009 -138.449988
v 253.333333 0.085201 -138.263970
v 266.000000 0.086417 -136.937811
v 278.666667 0.087600 -135.411290
v 291.333333 0.088696 -134.611745
v 304.000000 0.089655 -135.193073
v 316.666667 0.090431 -137.349405
v 329.333333 0.090989 -140.753012
v 342.000000 0.091304 -144.633178
v 354.666667 0.091361 -147.975451
v 367.333333 0.091157 -149.788888
v 380.000000 0.090701 -149.370798
v 392.666667 0.090015 -146.499083
v 405.333333 0.089131 -141.501232
v 418.000000 0.088088 -135.181438
v 430.666667 0.086936 -128.624651
v 443.333333 0.085728 -122.928712
v 456.000000 0.084519 -118.934656
v 468.666667 0.083365 -117.025660
v 481.333333 0.082320 -117.047013
v 494.000000 0.081431 -118.367561
v 506.666667 0.080740 -120.065756
v 519.333333 0.080279 -121.190651
v 532.000000 0.080069 -121.028448
v 544.666667 0.080120 -119.303805
v 557.333333 0.080429 -116.262428
v 570.000000 0.080983 -112.612829
v 582.666667 0.081755 -109.342430
v 595.333333 0.082709 -107.456391
v 608.000000 0.083803 -107.708077
v 620.666667 0.084985 -110.392363
v 633.333333 0.086200 -115.256543
v 646.000000 0.087393 -121.552699
v 658.666667 0.088509 -128.218149
v 671.333333 0.089495 -134.136934
v 684.000000 0.090307 -138.413969
v 696.666667 0.090907 -140.590193
v 709.333333 0.091267 -140.742654
v 722.000000 0.091370 -139.443768
v 734.666667 0.091212 -137.591164
v 747.333333 0.090800 -136.153564
v 760.000000 0.090154 -135.900276
v -760.000000 0.093525 -92.364077
v -747.333333 0.093391 -96.135443
v -734.666667 0.093067 -101.674887
v -722.000000 0.092569 -107.928130
v -709.333333 0.091919 -113.746397
v -696.666667 0.091148 -118.173655
v -684.000000 0.090290 -120.680586
v -671.333333 0.089386 -121.284149
v -658.666667 0.088477 -120.521845
v -646.000000 0.087606 -119.288125
v -633.333333 0.086812 -118.576776
v -620.666667 0.086133 -119.197892
v -608.000000 0.085599 -121.544730
v -595.333333 0.085235 -125.472535
v -582.666667 0.085059 -130.321841
v -570.000000 0.085078 -135.080574
v -557.333333 0.085291 -138.642564
v -544.666667 0.085689 -140.094583
v -532.000000 0.086252 -138.956342
v -519.333333 0.086956 -135.310199
v -506.666667 0.087768 -129.786272
v -494.000000 0.088649 -123.406673
v -481.333333 0.089560 -117.329600
v -468.666667 0.090459 -112.560367
v -456.000000 0.091303 -109.705030
v -443.333333 0.092054 -108.831009
v -430.666667 0.092677 -109.470808
v -418.000000 0.093144 -110.767191
v -405.333333 0.093432 -111.720823
v -392.666667 0.093529 -111.474422
v -380.000000 0.093429 -109.557821
v -367.333333 0.093139 -106.028737
v -354.666667 0.092670 -101.471593
v -342.000000 0.092045 -96.854263
v -329.333333 0.091293 -93.280181
v -316.666667 0.090448 -91.700943
v -304.000000 0.089549 -92.665088
v -291.333333 0.088638 -96.169305
v -278.666667 0.087757 -101.651435
v -266.000000 0.086947 -108.127364
v -253.333333 0.086244 -114.436052
v -240.666667 0.085683 -119.528559
v -228.000000 0.085287 -122.725368
v -215.333333 0.085076 -123.874766
v -202.666667 0.085060 -123.371173
v -190.000000 0.085239 -122.029251
v -177.333333 0.085605 -120.847694
v -164.666667 0.086140 -120.725648
v -152.000000 0.086821 -122.207179
v -139.333333 0.087616 -125.321743
v -126.666667 0.088488 -129.563247
v -114.000000 0.089397 -134.013615
v -101.333333 0.090301 -137.578599
v -88.666667 0.091158 -139.273847
v -76.000000 0.091928 -138.485859
v -63.333333 0.092576 -135.138994
v -50.666667 0.093073 -129.724301
v -38.000000 0.093394 -123.182314
v -25.333333 0.093526 -116.670314
v -12.666667 0.093461 -111.274968
v 0.000000 0.093204 -107.745551
v 12.666667 0.092766 -106.317485
v 25.333333 0.092167 -106.672068
v 38.000000 0.091435 -108.042322
v 50.666667 0.090604 -109.436366
v 63.333333 0.089712 -109.918755
v 76.000000 0.088800 -108.874963
v 88.666667 0.087911 -106.188723
v 101.333333 0.087085 -102.284958
v 114.000000 0.086361 -98.026630
v 126.666667 0.085771 -94.492386
v 139.333333 0.085345 -92.693519
v 152.000000 0.085100 -93.304795
v 164.666667 0.085048 -96.480237
v 177.333333 0.085193 -101.802618
v 190.000000 0.085526 -108.380311
v 202.666667 0.086033 -115.066350
v 215.333333 0.086690 -120.742462
v 228.000000 0.087467 -124.593722
v 240.666667 0.088328 -126.302071
v 253.333333 0.089234 -126.108302
v 266.000000 0.090142 -124.726887
v 278.666667 0.091010 -123.136761
v 291.333333 0.091798 -122.303901
v 304.000000 0.092471 -122.909451
v 316.666667 0.092996 -125.155630
v 329.333333 0.093350 -128.701055
v 342.000000 0.093516 -132.742893
v 354.666667 0.093487 -136.224428
v 367.333333 0.093264 -138.113425
v 380.000000 0.092857 -137.677914
v 392.666667 0.092285 -134.686545
v 405.333333 0.091575 -129.480450
v 418.000000 0.090758 -122.897332
v 430.666667 0.089874 -116.067344
v 443.333333 0.088963 -110.134075
v 456.000000 0.088066 -105.973600
v 468.666667 0.087226 -103.985062
v 481.333333 0.086481 -104.007305
v 494.000000 0.085866 -105.382876
v 506.666667 0.085408 -107.151829
v 519.333333 0.085130 -108.323595
v 532.000000 0.085043 -108.154633
v 544.666667 0.085153 -106.358131
v 557.333333 0.085453 -103.190029
v 570.000000 0.085931 -99.388363
v 582.666667 0.086563 -95.981697
v 595.333333 0.087321 -94.017074
v 608.000000 0.088170 -94.279247
v 620.666667 0.089070 -97.075378
v 633.333333 0.089981 -102.142232
v 646.000000 0.090859 -108.700728
v 658.666667 0.091665 -115.643905
v 671.333333 0.092360 -121.809306
v 684.000000 0.092914 -126.264551
v 696.666667 0.093300 -128.531451
v 709.333333 0.093501 -128.690265
v 722.000000 0.093507 -127.337259
v 734.666667 0.093318 -125.407462
v 747.333333 0.092943 -123.909962
v 760.000000 0.092398 -123.646121
v -760.000000 0.095666 -78.858640
v -747.333333 0.095530 -82.780861
v -734.666667 0.095270 -88.541883
v -722.000000 0.094899 -95.045256
v -709.333333 0.094433 -101.096253
v -696.666667 0.093895 -105.700602
v -684.000000 0.093309 -108.307809
v -671.333333 0.092702 -108.935515
v -658.666667 0.092102 -108.142719
v -646.000000 0.091537 -106.859650
v -633.333333 0.091033 -106.119847
v -620.666667 0.090613 -106.765808
v -608.000000 0.090297 -109.206519
v -595.333333 0.090099 -113.291436
v -582.666667 0.090029 -118.334715
v -570.000000 0.090089 -123.283797
v -557.333333 0.090277 -126.988267
v -544.666667 0.090584 -128.498366
v -532.000000 0.090996 -127.314595
v -519.333333 0.091495 -123.522607
v -506.666667 0.092056 -117.777723
v -494.000000 0.092654 -111.142939
v -481.333333 0.093261 -104.822784
v -468.666667 0.093850 -99.862782
v -456.000000 0.094393 -96.893231
v -443.333333 0.094865 -95.984249
v -430.666667 0.095244 -96.649641
v -418.000000 0.095513 -97.997879
v -405.333333 0.095660 -98.989656
v -392.666667 0.095677 -98.733399
v -380.000000 0.095563 -96.740133
v -367.333333 0.095325 -93.069886
v -354.666667 0.094973 -88.330456
v -342.000000 0.094523 -83.528434
v -329.333333 0.093996 -79.811388
v -316.666667 0.093416 -78.168980
v -304.000000 0.092811 -79.171691
v -291.333333 0.092207 -82.816077
v -278.666667 0.091634 -88.517493
v -266.000000 0.091117 -95.252459
v -253.333333 0.090681 -101.813495
v -240.666667 0.090345 -107.109702
v -228.000000 0.090125 -110.434383
v -215.333333 0.090032 -111.629757
v -202.666667 0.090069 -111.106020
v -190.000000 0.090234 -109.710421
v -177.333333 0.090521 -108.481602
v -164.666667 0.090916 -108.354674
v -152.000000 0.091400 -109.895466
v -139.333333 0.091952 -113.134613
v -126.666667 0.092545 -117.545777
v -114.000000 0.093153 -122.174159
v -101.333333 0.093747 -125.881743
v -88.666667 0.094301 -127.644801
v -76.000000 0.094787 -126.825294
v -63.333333 0.095184 -123.344554
v -50.666667 0.095474 -117.713273
v -38.000000 0.095643 -110.909606
v -25.333333 0.095683 -104.137126
v -12.666667 0.095593 -98.525967
v 0.000000 0.095376 -94.855373
v 12.666667 0.095043 -93.370184
v 25.333333 0.094609 -93.738951
v 38.000000 0.094094 -95.164015
v 50.666667 0.093522 -96.613821
v 63.333333 0.092920 -97.115505
v 76.000000 0.092314 -96.029962
v 88.666667 0.091733 -93.236271
v 101.333333 0.091205 -89.176357
v 114.000000 0.090752 -84.747695
v 126.666667 0.090397 -81.072081
v 139.333333 0.090156 -79.201260
v 152.000000 0.090039 -79.836987
v 164.666667 0.090052 -83.139447
v 177.333333 0.090195 -88.674723
v 190.000000 0.090461 -95.515523
v 202.666667 0.090838 -102.469004
v 215.333333 0.091308 -108.372160
v 228.000000 0.091849 -112.377471
v 240.666667 0.092437 -114.154154
v 253.333333 0.093045 -113.952634
v 266.000000 0.093643 -112.515962
v 278.666667 0.094206 -110.862231
v 291.333333 0.094706 -109.996057
v 304.000000 0.095121 -110.625829
v 316.666667 0.095431 -112.961855
v 329.333333 0.095622 -116.649097
v 342.000000 0.095686 -120.852609
v 354.666667 0.095619 -124.473405
v 367.333333 0.095424 -126.437962
v 380.000000 0.095111 -125.985031
v 392.666667 0.094694 -122.874006
v 405.333333 0.094191 -117.459668
v 418.000000 0.093628 -110.613225
v 430.666667 0.093028 -103.510038
v 443.333333 0.092421 -97.339438
v 456.000000 0.091834 -93.012544
v 468.666667 0.091294 -90.944465
v 481.333333 0.090827 -90.967597
v 494.000000 0.090453 -92.398191
v 506.666667 0.090190 -94.237902
v 519.333333 0.090050 -95.456538
v 532.000000 0.090040 -95.280818
v 544.666667 0.090160 -93.412456
v 557.333333 0.090405 -90.117630
v 570.000000 0.090763 -86.163898
v 582.666667 0.091218 -82.620965
v 595.333333 0.091748 -80.577757
v 608.000000 0.092330 -80.850417
v 620.666667 0.092936 -83.758393
v 633.333333 0.093538 -89.027921
v 646.000000 0.094109 -95.848757
v 658.666667 0.094622 -103.069661
v 671.333333 0.095054 -109.481679
v 684.000000 0.095384 -114.115133
v 696.666667 0.095597 -116.472710
v 709.333333 0.095684 -116.637875
v 722.000000 0.095640 -115.230749
v 734.666667 0.095468 -113.223761
v 747.333333 0.095175 -111.666361
v 760.000000 0.094775 -111.391965
v -760.000000 0.097816 -65.353204
v -747.333333 0.097724 -69.426279
v -734.666667 0.097573 -75.408878
v -722.000000 0.097369 -82.162381
v -709.333333 0.097122 -88.446109
v -696.666667 0.096843 -93.227548
v -684.000000 0.096544 -95.935033
v -671.333333 0.096240 -96.586881
v -658.666667 0.095945 -95.763593
v -646.000000 0.095672 -94.431175
v -633.333333 0.095434 -93.662918
v -620.666667 0.095242 -94.333723
v -608.000000 0.095105 -96.868308
v -595.333333 0.095029 -101.110337
v -582.666667 0.095018 -106.347589
v -570.000000 0.095071 -111.487020
v -557.333333 0.095188 -115.333969
v -544.666667 0.095362 -116.902150
v -532.000000 0.095585 -115.672849
v -519.333333 0.095847 -111.735015
v -506.666667 0.096136 -105.769174
v -494.000000 0.096438 -98.879206
v -481.333333 0.096740 -92.315968
v -468.666667 0.097027 -87.165196
v -456.000000 0.097287 -84.081433
v -443.333333 0.097508 -83.137490
v -430.666667 0.097678 -83.828473
v -418.000000 0.097791 -85.228566
v -405.333333 0.097841 -86.258489
v -392.666667 0.097825 -85.992376
v -380.000000 0.097745 -83.922446
v -367.333333 0.097604 -80.111036
v -354.666667 0.097409 -75.189320
v -342.000000 0.097169 -70.202604
v -329.333333 0.096894 -66.342595
v -316.666667 0.096598 -64.637018
v -304.000000 0.096294 -65.678295
v -291.333333 0.095997 -69.462849
v -278.666667 0.095719 -75.383550
v -266.000000 0.095474 -82.377553
v -253.333333 0.095273 -89.190937
v -240.666667 0.095125 -94.690844
v -228.000000 0.095038 -98.143397
v -215.333333 0.095015 -99.384748
v -202.666667 0.095057 -98.840867
v -190.000000 0.095163 -97.391591
v -177.333333 0.095327 -96.115509
v -164.666667 0.095542 -95.983700
v -152.000000 0.095797 -97.583753
v -139.333333 0.096082 -100.947483
v -126.666667 0.096383 -105.528307
v -114.000000 0.096687 -110.334704
v -101.333333 0.096978 -114.184887
v -88.666667 0.097244 -116.015755
v -76.000000 0.097472 -115.164728
v -63.333333 0.097652 -111.550113
v -50.666667 0.097775 -105.702245
v -38.000000 0.097836 -98.636899
v -25.333333 0.097833 -91.603939
v -12.666667 0.097764 -85.776965
v 0.000000 0.097634 -81.965195
v 12.666667 0.097448 -80.422884
v 25.333333 0.097215 -80.805834
v 38.000000 0.096945 -82.285708
v 50.666667 0.096652 -83.791275
v 63.333333 0.096349 -84.312255
v 76.000000 0.096049 -83.184960
v 88.666667 0.095767 -80.283820
v 101.333333 0.095515 -76.067755
v 114.000000 0.095305 -71.468760
v 126.666667 0.095148 -67.651777
v 139.333333 0.095049 -65.709000
v 152.000000 0.095014 -66.369179
v 164.666667 0.095045 -69.798656
v 177.333333 0.095139 -75.546828
v 190.000000 0.095293 -82.650736
v 202.666667 0.095500 -89.871658
v 215.333333 0.095749 -96.001858
v 228.000000 0.096030 -100.161220
v 240.666667 0.096329 -102.006236
v 253.333333 0.096633 -101.796966
v 266.000000 0.096927 -100.305037
v 278.666667 0.097198 -98.587702
v 291.333333 0.097434 -97.688213
v 304.000000 0.097623 -98.342207
v 316.666667 0.097757 -100.768080
v 329.333333 0.097830 -104.597139
v 342.000000 0.097838 -108.962325
v 354.666667 0.097781 -112.722382
v 367.333333 0.097661 -114.762499
v 380.000000 0.097485 -114.292147
v 392.666667 0.097260 -111.061468
v 405.333333 0.096996 -105.438886
v 418.000000 0.096706 -98.329118
v 430.666667 0.096403 -90.952732
v 443.333333 0.096102 -84.544801
v 456.000000 0.095815 -80.051488
v 468.666667 0.095557 -77.903867
v 481.333333 0.095339 -77.927890
v 494.000000 0.095172 -79.413506
v 506.666667 0.095062 -81.323975
v 519.333333 0.095016 -82.589482
v 532.000000 0.095035 -82.407004
v 544.666667 0.095118 -80.466781
v 557.333333 0.095262 -77.045231
v 570.000000 0.095459 -72.939433
v 582.666667 0.095702 -69.260233
v 595.333333 0.095978 -67.138440
v 608.000000 0.096275 -67.421587
v 620.666667 0.096579 -70.441408
v 633.333333 0.096876 -75.913610
v 646.000000 0.097152 -82.996786
v 658.666667 0.097395 -90.495417
v 671.333333 0.097593 -97.154051
v 684.000000 0.097738 -101.965715
v 696.666667 0.097822 -104.413968
v 709.333333 0.097842 -104.585486
v 722.000000 0.097796 -103.124239
v 734.666667 0.097687 -101.040059
v 747.333333 0.097520 -99.422759
v 760.000000 0.097303 -99.137810
v -760.000000 0.100000 -51.847767
v -747.333333 0.100000 -56.071697
v -734.666667 0.100000 -62.275873
v -722.000000 0.100000 -69.279506
v -709.333333 0.100000 -75.795965
v -696.666667 0.100000 -80.754494
v -684.000000 0.100000 -83.562256
v -671.333333 0.100000 -84.238247
v -658.666667 0.100000 -83.384467
v -646.000000 0.100000 -82.002700
v -633.333333 0.100000 -81.205989
v -620.666667 0.100000 -81.901639
v -608.000000 0.100000 -84.530097
v -595.333333 0.100000 -88.929239
v -582.666667 0.100000 -94.360462
v -570.000000 0.100000 -99.690243
v -557.333333 0.100000 -103.679672
v -544.666667 0.100000 -105.305933
v -532.000000 0.100000 -104.031103
v -519.333333 0.100000 -99.947423
v -506.666667 0.100000 -93.760625
v -494.000000 0.100000 -86.615473
v -481.333333 0.100000 -79.809152
v -468.666667 0.100000 -74.467611
v -456.000000 0.100000 -71.269634
v -443.333333 0.100000 -70.290730
v -430.666667 0.100000 -71.007306
v -418.000000 0.100000 -72.459254
v -405.333333 0.100000 -73.527322
v -392.666667 0.100000 -73.251353
v -380.000000 0.100000 -71.104759
v -367.333333 0.100000 -67.152185
v -354.666667 0.100000 -62.048184
v -342.000000 0.100000 -56.876775
v -329.333333 0.100000 -52.873803
v -316.666667 0.100000 -51.105056
v -304.000000 0.100000 -52.184898
v -291.333333 0.100000 -56.109621
v -278.666667 0.100000 -62.249608
v -266.000000 0.100000 -69.502648
v -253.333333 0.100000 -76.568379
v -240.666667 0.100000 -82.271987
v -228.000000 0.100000 -85.852412
v -215.333333 0.100000 -87.139738
v -202.666667 0.100000 -86.575714
v -190.000000 0.100000 -85.072761
v -177.333333 0.100000 -83.749417
v -164.666667 0.100000 -83.612726
v -152.000000 0.100000 -85.272040
v -139.333333 0.100000 -88.760352
v -126.666667 0.100000 -93.510837
v -114.000000 0.100000 -98.495249
v -101.333333 0.100000 -102.488031
v -88.666667 0.100000 -104.386709
v -76.000000 0.100000 -103.504162
v -63.333333 0.100000 -99.755673
v -50.666667 0.100000 -93.691217
v -38.000000 0.100000 -86.364192
v -25.333333 0.100000 -79.070751
v -12.666667 0.100000 -73.027964
v 0.000000 0.100000 -69.075017
v 12.666667 0.100000 -67.475583
v 25.333333 0.100000 -67.872717
v 38.000000 0.100000 -69.407401
v 50.666667 0.100000 -70.968730
v 63.333333 0.100000 -71.509005
v 76.000000 0.100000 -70.339959
v 88.666667 0.100000 -67.331369
v 101.333333 0.100000 -62.959153
v 114.000000 0.100000 -58.189825
v 126.666667 0.100000 -54.231472
v 139.333333 0.100000 -52.216741
v 152.000000 0.100000 -52.901371
v 164.666667 0.100000 -56.457866
v 177.333333 0.100000 -62.418933
v 190.000000 0.100000 -69.785948
v 202.666667 0.100000 -77.274312
v 215.333333 0.100000 -83.631557
v 228.000000 0.100000 -87.944969
v 240.666667 0.100000 -89.858319
v 253.333333 0.100000 -89.641298
v 266.000000 0.100000 -88.094113
v 278.666667 0.100000 -86.313172
v 291.333333 0.100000 -85.380369
v 304.000000 0.100000 -86.058585
v 316.666667 0.100000 -88.574305
v 329.333333 0.100000 -92.545181
v 342.000000 0.100000 -97.072041
v 354.666667 0.100000 -100.971359
v 367.333333 0.100000 -103.087036
v 380.000000 0.100000 -102.599264
v 392.666667 0.100000 -99.248930
v 405.333333 0.100000 -93.418104
v 418.000000 0.100000 -86.045011
v 430.666667 0.100000 -78.395426
v 443.333333 0.100000 -71.750164
v 456.000000 0.100000 -67.090432
v 468.666667 0.100000 -64.863270
v 481.333333 0.100000 -64.888182
v 494.000000 0.100000 -66.428821
v 506.666667 0.100000 -68.410048
v 519.333333 0.100000 -69.722426
v 532.000000 0.100000 -69.533189
v 544.666667 0.100000 -67.521106
v 557.333333 0.100000 -63.972833
v 570.000000 0.100000 -59.714967
v 582.666667 0.100000 -55.899501
v 595.333333 0.100000 -53.699123
v 608.000000 0.100000 -53.992757
v 620.666667 0.100000 -57.124423
v 633.333333 0.100000 -62.799300
v 646.000000 0.100000 -70.144815
v 658.666667 0.100000 -77.921173
v 671.333333 0.100000 -84.826423
v 684.000000 0.100000 -89.816297
v 696.666667 0.100000 -92.355226
v 709.333333 0.100000 -92.533097
v 722.000000 0.100000 -91.017730
v 734.666667 0.100000 -88.856357
v 747.333333 0.100000 -87.179158
v 760.000000 0.100000 -86.883655
vt 0.000000 0.000000
vt 0.008333 0.000000
vt 0.016667 0.000000
vt 0.025000 0.000000
vt 0.033333 0.000000
vt 0.041667 0.000000
vt 0.050000 0.000000
vt 0.058333 0.000000
vt 0.066667 0.000000
vt 0.075000 0.000000
vt 0.083333 0.000000
vt 0.091667 0.000000
vt 0.100000 0.000000
vt 0.108333 0.000000
vt 0.116667 0.000000
vt 0.125000 0.000000
vt 0.133333 0.000000
vt 0.141667 0.000000
vt 0.150000 0.000000
vt 0.158333 0.000000
vt 0.166667 0.000000
vt 0.175000 0.000000
vt 0.183333 0.000000
vt 0.191667 0.000000
vt 0.200000 0.000000
vt 0.208333 0.000000
vt 0.216667 0.000000
vt 0.225000 0.000000
vt 0.233333 0.000000
vt 0.241667 0.000000
vt 0.250000 0.000000
vt 0.258333 0.000000
vt 0.266667 0.000000
vt 0.275000 0.000000
vt 0.283333 0.000000
vt 0.291667 0.000000
vt 0.300000 0.000000
vt 0.308333 0.000000
vt 0.316667 0.000000
vt 0.325000 0.000000
vt 0.333333 0.000000
vt 0.341667 0.000000
vt 0.350000 0.000000
vt 0.358333 0.000000
vt 0.366667 0.000000
vt 0.375000 0.000000
vt 0.383333 0.000000
vt 0.391667 0.000000
vt 0.400000 0.000000
vt 0.408333 0.000000
vt 0.416667 0.000000
vt 0.425000 0.000000
vt 0.433333 0.000000
vt 0.441667 0.000000
vt 0.450000 0.000000
vt 0.458333 0.000000
vt 0.466667 0.000000
vt 0.475000 0.000000
vt 0.483333 0.000000
vt 0.491667 0.000000
vt 0.500000 0.000000
vt 0.508333 0.000000
vt 0.516667 0.000000
vt 0.525000 0.000000
vt 0.533333 0.000000
vt 0.541667 0.000000
vt 0.550000 0.000000
vt 0.558333 0.000000
vt 0.566667 0.000000
vt 0.575000 0.000000
vt 0.583333 0.000000
vt 0.591667 0.000000
vt 0.600000 0.000000
vt 0.608333 0.000000
vt 0.616667 0.000000
vt 0.625000 0.000000
vt 0.633333 0.000000
vt 0.641667 0.000000
vt 0.650000 0.000000
vt 0.658333 0.000000
vt 0.666667 0.000000
vt 0.675000 0.000000
vt 0.683333 0.000000
vt 0.691667 0.000000
vt 0.700000 0.000000
vt 0.708333 0.000000
vt 0.716667 0.000000
vt 0.725000 0.000000
vt 0.733333 0.000000
vt 0.741667 0.000000
vt 0.750000 0.000000
vt 0.758333 0.000000
vt 0.766667 0.000000
vt 0.775000 0.000000
vt 0.783333 0.000000
vt 0.791667 0.000000
vt 0.800000 0.000000
vt 0.808333 0.000000
vt 0.816667 0.000000
vt 0.825000 0.000000
vt 0.833333 0.000000
vt 0.841667 0.000000
vt 0.850000 0.000000
vt 0.858333 0.000000
vt 0.866667 0.000000
vt 0.875000 0.000000
vt 0.883333 0.000000
vt 0.891667 0.000000
vt 0.900000 0.000000
vt 0.908333 0.000000
vt 0.916667 0.000000
vt 0.925000 0.000000
vt 0.933333 0.000000
vt 0.941667 0.000000
vt 0.950000 0.000000
vt 0.958333 0.000000
vt 0.966667 0.000000
vt 0.975000 0.000000
vt 0.983333 0.000000
vt 0.991667 0.000000
vt 1.000000 0.000000
vt 0.000000 0.035714
vt 0.008333 0.035714
vt 0.016667 0.035714
vt 0.025000 0.035714
vt 0.033333 0.035714
vt 0.041667 0.035714
vt 0.050000 0.035714
vt 0.058333 0.035714
vt 0.066667 0.035714
vt 0.075000 0.035714
vt 0.083333 0.035714
vt 0.091667 0.035714
vt 0.100000 0.035714
vt 0.108333 0.035714
vt 0.116667 0.035714
vt 0.125000 0.035714
vt 0.133333 0.035714
vt 0.141667 0.035714
vt 0.150000 0.035714
vt 0.158333 0.035714
vt 0.166667 0.035714
vt 0.175000 0.035714
vt 0.183333 0.035714
vt 0.191667 0.035714
vt 0.200000 0.035714
vt 0.208333 0.035714
vt 0.216667 0.035714
vt 0.225000 0.035714
vt 0.233333 0.035714
vt 0.241667 0.035714
vt 0.250000 0.035714
vt 0.258333 0.035714
vt 0.266667 0.035714
vt 0.275000 0.035714
vt 0.283333 0.035714
vt 0.291667 0.035714
vt 0.300000 0.035714
vt 0.308333 0.035714
vt 0.316667 0.035714
vt 0.325000 0.035714
vt 0.333333 0.035714
vt 0.341667 0.035714
vt 0.350000 0.035714
vt 0.358333 0.035714
vt 0.366667 0.035714
vt 0.375000 0.035714
vt 0.383333 0.035714
vt 0.391667 0.035714
vt 0.400000 0.035714
vt 0.408333 0.035714
vt 0.416667 0.035714
vt 0.425000 0.035714
vt 0.433333 0.035714
vt 0.441667 0.035714
vt 0.450000 0.035714
vt 0.458333 0.035714
vt 0.466667 0.035714
vt 0.475000 0.035714
vt 0.483333 0.035714
vt 0.491667 0.035714
vt 0.500000 0.035714
vt 0.508333 0.035714
vt 0.516667 0.035714
vt 0.525000 0.035714
vt 0.533333 0.035714
vt 0.541667 0.035714
vt 0.550000 0.035714
vt 0.558333 0.035714
vt 0.566667 0.035714
vt 0.575000 0.035714
vt 0.583333 0.035714
vt 0.591667 0.035714
vt 0.600000 0.035714
vt 0.608333 0.035714
vt 0.616667 0.035714
vt 0.625000 0.035714
vt 0.633333 0.035714
vt 0.641667 0.035714
vt 0.650000 0.035714
vt 0.658333 0.035714
vt 0.666667 0.035714
vt 0.675000 0.035714
vt 0.683333 0.035714
vt 0.691667 0.035714
vt 0.700000 0.035714
vt 0.708333 0.035714
vt 0.716667 0.035714
vt 0.725000 0.035714
vt 0.733333 0.035714
vt 0.741667 0.035714
vt 0.750000 0.035714
vt 0.758333 0.035714
vt 0.766667 0.035714
vt 0.775000 0.035714
vt 0.783333 0.035714
vt 0.791667 0.035714
vt 0.800000 0.035714
vt 0.808333 0.035714
vt 0.816667 0.035714
vt 0.825000 0.035714
vt 0.833333 0.035714
vt 0.841667 0.035714
vt 0.850000 0.035714
vt 0.858333 0.035714
vt 0.866667 0.035714
vt 0.875000 0.035714
vt 0.883333 0.035714
vt 0.891667 0.035714
vt 0.900000 0.035714
vt 0.908333 0.035714
vt 0.916667 0.035714
vt 0.925000 0.035714
vt 0.933333 0.035714
vt 0.941667 0.035714
vt 0.950000 0.035714
vt 0.958333 0.035714
vt 0.966667 0.035714
vt 0.975000 0.035714
vt 0.983333 0.035714
vt 0.991667 0.035714
vt 1.000000 0.035714
vt 0.000000 0.071429
vt 0.008333 0.071429
vt 0.016667 0.071429
vt 0.025000 0.071429
vt 0.033333 0.071429
vt 0.041667 0.071429
vt 0.050000 0.071429
vt 0.058333 0.071429
vt 0.066667 0.071429
vt 0.075000 0.071429
vt 0.083333 0.071429
vt 0.091667 0.071429
vt 0.100000 0.071429
vt 0.108333 0.071429
vt 0.116667 0.071429
vt 0.125000 0.071429
vt 0.133333 0.071429
vt 0.141667 0.071429
vt 0.150000 0.071429
vt 0.158333 0.071429
vt 0.166667 0.071429
vt 0.175000 0.071429
vt 0.183333 0.071429
vt 0.191667 0.071429
vt 0.200000 0.071429
vt 0.208333 0.071429
vt 0.216667 0.071429
vt 0.225000 0.071429
vt 0.233333 0.071429
vt 0.241667 0.071429
vt 0.250000 0.071429
vt 0.258333 0.071429
vt 0.266667 0.071429
vt 0.275000 0.071429
vt 0.283333 0.071429
vt 0.291667 0.071429
vt 0.300000 0.071429
vt 0.308333 0.071429
vt 0.316667 0.071429
vt 0.325000 0.071429
vt 0.333333 0.071429
vt 0.341667 0.071429
vt 0.350000 0.071429
vt 0.358333 0.071429
vt 0.366667 0.071429
vt 0.375000 0.071429
vt 0.383333 0.071429
vt 0.391667 0.071429
vt 0.400000 0.071429
vt 0.408333 0.071429
vt 0.416667 0.071429
vt 0.425000 0.071429
vt 0.433333 0.071429
vt 0.441667 0.071429
vt 0.450000 0.071429
vt 0.458333 0.071429
vt 0.466667 0.071429
vt 0.475000 0.071429
vt 0.483333 0.071429
vt 0.491667 0.071429
vt 0.500000 0.071429
vt 0.508333 0.071429
vt 0.516667 0.071429
vt 0.525000 0.071429
vt 0.533333 0.071429
vt 0.541667 0.071429
vt 0.550000 0.071429
vt 0.558333 0.071429
vt 0.566667 0.071429
vt 0.575000 0.071429
vt 0.583333 0.071429
vt 0.591667 0.071429
vt 0.600000 0.071429
vt 0.608333 0.071429
vt 0.616667 0.071429
vt 0.625000 0.071429
vt 0.633333 0.071429
vt 0.641667 0.071429
vt 0.650000 0.071429
vt 0.658333 0.071429
vt 0.666667 0.071429
vt 0.675000 0.071429
vt 0.683333 0.071429
vt 0.691667 0.071429
vt 0.700000 0.071429
vt 0.708333 0.071429
vt 0.716667 0.071429
vt 0.725000 0.071429
vt 0.733333 0.071429
vt 0.741667 0.071429
vt 0.750000 0.071429
vt 0.758333 0.071429
vt 0.766667 0.071429
vt 0.775000 0.071429
vt 0.783333 0.071429
vt 0.791667 0.071429
vt 0.800000 0.071429
vt 0.808333 0.071429
vt 0.816667 0.071429
vt 0.825000 0.071429
vt 0.833333 0.071429
vt 0.841667 0.071429
vt 0.850000 0.071429
vt 0.858333 0.071429
vt 0.866667 0.071429
vt 0.875000 0.071429
vt 0.883333 0.071429
vt 0.891667 0.071429
vt 0.900000 0.071429
vt 0.908333 0.071429
vt 0.916667 0.071429
vt 0.925000 0.071429
vt 0.933333 0.071429
vt 0.941667 0.071429
vt 0.950000 0.071429
vt 0.958333 0.071429
vt 0.966667 0.071429
vt 0.975000 0.071429
vt 0.983333 0.071429
vt 0.991667 0.071429
vt 1.000000 0.071429
vt 0.000000 0.107143
vt 0.008333 0.107143
vt 0.016667 0.107143
vt 0.025000 0.107143
vt 0.033333 0.107143
vt 0.041667 0.107143
vt 0.050000 0.107143
vt 0.058333 0.107143
vt 0.066667 0.107143
vt 0.075000 0.107143
vt 0.083333 0.107143
vt 0.091667 0.107143
vt 0.100000 0.107143
vt 0.108333 0.107143
vt 0.116667 0.107143
vt 0.125000 0.107143
vt 0.133333 0.107143
vt 0.141667 0.107143
vt 0.150000 0.107143
vt 0.158333 0.107143
vt 0.166667 0.107143
vt 0.175000 0.107143
vt 0.183333 0.107143
vt 0.191667 0.107143
vt 0.200000 0.107143
vt 0.208333 0.107143
vt 0.216667 0.107143
vt 0.225000 0.107143
vt 0.233333 0.107143
vt 0.241667 0.107143
vt 0.250000 0.107143
vt 0.258333 0.107143
vt 0.266667 0.107143
vt 0.275000 0.107143
vt 0.283333 0.107143
vt 0.291667 0.107143
vt 0.300000 0.107143
vt 0.308333 0.107143
vt 0.316667 0.107143
vt 0.325000 0.107143
vt 0.333333 0.107143
vt 0.341667 0.107143
vt 0.350000 0.107143
vt 0.358333 0.107143
vt 0.366667 0.107143
vt 0.375000 0.107143
vt 0.383333 0.107143
vt 0.391667 0.107143
vt 0.400000 0.107143
vt 0.408333 0.107143
vt 0.416667 0.107143
vt 0.425000 0.107143
vt 0.433333 0.107143
vt 0.441667 0.107143
vt 0.450000 0.107143
vt 0.458333 0.107143
vt 0.466667 0.107143
vt 0.475000 0.107143
vt 0.483333 0.107143
vt 0.491667 0.107143
vt 0.500000 0.107143
vt 0.508333 0.107143
vt 0.516667 0.107143
vt 0.525000 0.107143
vt 0.533333 0.107143
vt 0.541667 0.107143
vt 0.550000 0.107143
vt 0.558333 0.107143
vt 0.566667 0.107143
vt 0.575000 0.107143
vt 0.583333 0.107143
vt 0.591667 0.107143
vt 0.600000 0.107143
vt 0.608333 0.107143
vt 0.616667 0.107143
vt 0.625000 0.107143
vt 0.633333 0.107143
vt 0.641667 0.107143
vt 0.650000 0.107143
vt 0.658333 0.107143
vt 0.666667 0.107143
vt 0.675000 0.107143
vt 0.683333 0.107143
vt 0.691667 0.107143
vt 0.700000 0.107143
vt 0.708333 0.107143
vt 0.716667 0.107143
vt 0.725000 0.107143
vt 0.733333 0.107143
vt 0.741667 0.107143
vt 0.750000 0.107143
vt 0.758333 0.107143
vt 0.766667 0.107143
vt 0.775000 0.107143
vt 0.783333 0.107143
vt 0.791667 0.107143
vt 0.800000 0.107143
vt 0.808333 0.107143
vt 0.816667 0.107143
vt 0.825000 0.107143
vt 0.833333 0.107143
vt 0.841667 0.107143
vt 0.850000 0.107143
vt 0.858333 0.107143
vt 0.866667 0.107143
vt 0.875000 0.107143
vt 0.883333 0.107143
vt 0.891667 0.107143
vt 0.900000 0.107143
vt 0.908333 0.107143
vt 0.916667 0.107143
vt 0.925000 0.107143
vt 0.933333 0.107143
vt 0.941667 0.107143
vt 0.950000 0.107143
vt 0.958333 0.107143
vt 0.966667 0.107143
vt 0.975000 0.107143
vt 0.983333 0.107143
vt 0.991667 0.107143
vt 1.000000 0.107143
vt 0.000000 0.142857
vt 0.008333 0.142857
vt 0.016667 0.142857
vt 0.025000 0.142857
vt 0.033333 0.142857
vt 0.041667 0.142857
vt 0.050000 0.142857
vt 0.058333 0.142857
vt 0.066667 0.142857
vt 0.075000 0.142857
vt 0.083333 0.142857
vt 0.091667 0.142857
vt 0.100000 0.142857
vt 0.108333 0.142857
vt 0.116667 0.142857
vt 0.125000 0.142857
vt 0.133333 0.142857
vt 0.141667 0.142857
vt 0.150000 0.142857
vt 0.158333 0.142857
vt 0.166667 0.142857
vt 0.175000 0.142857
vt 0.183333 0.142857
vt 0.191667 0.142857
vt 0.200000 0.142857
vt 0.208333 0.142857
vt 0.216667 0.142857
vt 0.225000 0.142857
vt 0.233333 0.142857
vt 0.241667 0.142857
vt 0.250000 0.142857
vt 0.258333 0.142857
vt 0.266667 0.142857
vt 0.275000 0.142857
vt 0.283333 0.142857
vt 0.291667 0.142857
vt 0.300000 0.142857
vt 0.308333 0.142857
vt 0.316667 0.142857
vt 0.325000 0.142857
vt 0.333333 0.142857
vt 0.341667 0.142857
vt 0.350000 0.142857
vt 0.358333 0.142857
vt 0.366667 0.142857
vt 0.375000 0.142857
vt 0.383333 0.142857
vt 0.391667 0.142857
vt 0.400000 0.142857
vt 0.408333 0.142857
vt 0.416667 0.142857
vt 0.425000 0.142857
vt 0.433333 0.142857
vt 0.441667 0.142857
vt 0.450000 0.142857
vt 0.458333 0.142857
vt 0.466667 0.142857
vt 0.475000 0.142857
vt 0.483333 0.142857
vt 0.491667 0.142857
vt 0.500000 0.142857
vt 0.508333 0.142857
vt 0.516667 0.142857
vt 0.525000 0.142857
vt 0.533333 0.142857
vt 0.541667 0.142857
vt 0.550000 0.142857
vt 0.558333 0.142857
vt 0.566667 0.142857
vt 0.575000 0.142857
vt 0.583333 0.142857
vt 0.591667 0.142857
vt 0.600000 0.142857
vt 0.608333 0.142857
vt 0.616667 0.142857
vt 0.625000 0.142857
vt 0.633333 0.142857
vt 0.641667 0.142857
vt 0.650000 0.142857
vt 0.658333 0.142857
vt 0.666667 0.142857
vt 0.675000 0.142857
vt 0.683333 0.142857
vt 0.691667 0.142857
vt 0.700000 0.142857
vt 0.708333 0.142857
vt 0.716667 0.142857
vt 0.725000 0.142857
vt 0.733333 0.142857
vt 0.741667 0.142857
vt 0.750000 0.142857
vt 0.758333 0.142857
vt 0.766667 0.142857
vt 0.775000 0.142857
vt 0.783333 0.142857
vt 0.791667 0.142857
vt 0.800000 0.142857
vt 0.808333 0.142857
vt 0.816667 0.142857
vt 0.825000 0.142857
vt 0.833333 0.142857
vt 0.841667 0.142857
vt 0.850000 0.142857
vt 0.858333 0.142857
vt 0.866667 0.142857
vt 0.875000 0.142857
vt 0.883333 0.142857
vt 0.891667 0.142857
vt 0.900000 0.142857
vt 0.908333 0.142857
vt 0.916667 0.142857
vt 0.925000 0.142857
vt 0.933333 0.142857
vt 0.941667 0.142857
vt 0.950000 0.142857
vt 0.958333 0.142857
vt 0.966667 0.142857
vt 0.975000 0.142857
vt 0.983333 0.142857
vt 0.991667 0.142857
vt 1.000000 0.142857
vt 0.000000 0.178571
vt 0.008333 0.178571
vt 0.016667 0.178571
vt 0.025000 0.178571
vt 0.033333 0.178571
vt 0.041667 0.178571
vt 0.050000 0.178571
vt 0.058333 0.178571
vt 0.066667 0.178571
vt 0.075000 0.178571
vt 0.083333 0.178571
vt 0.091667 0.178571
vt 0.100000 0.178571
vt 0.108333 0.178571
vt 0.116667 0.178571
vt 0.125000 0.178571
vt 0.133333 0.178571
vt 0.141667 0.178571
vt 0.150000 0.178571
vt 0.158333 0.178571
vt 0.166667 0.178571
vt 0.175000 0.178571
vt 0.183333 0.178571
vt 0.191667 0.178571
vt 0.200000 0.178571
vt 0.208333 0.178571
vt 0.216667 0.178571
vt 0.225000 0.178571
vt 0.233333 0.178571
vt 0.241667 0.178571
vt 0.250000 0.178571
vt 0.258333 0.178571
vt 0.266667 0.178571
vt 0.275000 0.178571
vt 0.283333 0.178571
vt 0.291667 0.178571
vt 0.300000 0.178571
vt 0.308333 0.178571
vt 0.316667 0.178571
vt 0.325000 0.178571
vt 0.333333 0.178571
vt 0.341667 0.178571
vt 0.350000 0.178571
vt 0.358333 0.178571
vt 0.366667 0.178571
vt 0.375000 0.178571
vt 0.383333 0.178571
vt 0.391667 0.178571
vt 0.400000 0.178571
vt 0.408333 0.178571
vt 0.416667 0.178571
vt 0.425000 0.178571
vt 0.433333 0.178571
vt 0.441667 0.178571
vt 0.450000 0.178571
vt 0.458333 0.178571
vt 0.466667 0.178571
vt 0.475000 0.178571
vt 0.483333 0.178571
vt 0.491667 0.178571
vt 0.500000 0.178571
vt 0.508333 0.178571
vt 0.516667 0.178571
vt 0.525000 0.178571
vt 0.533333 0.178571
vt 0.541667 0.178571
vt 0.550000 0.178571
vt 0.558333 0.178571
vt 0.566667 0.178571
vt 0.575000 0.178571
vt 0.583333 0.178571
vt 0.591667 0.178571
vt 0.600000 0.178571
vt 0.608333 0.178571
vt 0.616667 0.178571
vt 0.625000 0.178571
vt 0.633333 0.178571
vt 0.641667 0.178571
vt 0.650000 0.178571
vt 0.658333 0.178571
vt 0.666667 0.178571
vt 0.675000 0.178571
vt 0.683333 0.178571
vt 0.691667 0.178571
vt 0.700000 0.178571
vt 0.708333 0.178571
vt 0.716667 0.178571
vt 0.725000 0.178571
vt 0.733333 0.178571
vt 0.741667 0.178571
vt 0.750000 0.178571
vt 0.758333 0.178571
vt 0.766667 0.178571
vt 0.775000 0.178571
vt 0.783333 0.178571
vt 0.791667 0.178571
vt 0.800000 0.178571
vt 0.808333 0.178571
vt 0.816667 0.178571
vt 0.825000 0.178571
vt 0.833333 0.178571
vt 0.841667 0.178571
vt 0.850000 0.178571
vt 0.858333 0.178571
vt 0.866667 0.178571
vt 0.875000 0.178571
vt 0.883333 0.178571
vt 0.891667 0.178571
vt 0.900000 0.178571
vt 0.908333 0.178571
vt 0.916667 0.178571
vt 0.925000 0.178571
vt 0.933333 0.178571
vt 0.941667 0.178571
vt 0.950000 0.178571
vt 0.958333 0.178571
vt 0.966667 0.178571
vt 0.975000 0.178571
vt 0.983333 0.178571
vt 0.991667 0.178571
vt 1.000000 0.178571
vt 0.000000 0.214286
vt 0.008333 0.214286
vt 0.016667 0.214286
vt 0.025000 0.214286
vt 0.033333 0.214286
vt 0.041667 0.214286
vt 0.050000 0.214286
vt 0.058333 0.214286
vt 0.066667 0.214286
vt 0.075000 0.214286
vt 0.083333 0.214286
vt 0.091667 0.214286
vt 0.100000 0.214286
vt 0.108333 0.214286
vt 0.116667 0.214286
vt 0.125000 0.214286
vt 0.133333 0.214286
vt 0.141667 0.214286
vt 0.150000 0.214286
vt 0.158333 0.214286
vt 0.166667 0.214286
vt 0.175000 0.214286
vt 0.183333 0.214286
vt 0.191667 0.214286
vt 0.200000 0.214286
vt 0.208333 0.214286
vt 0.216667 0.214286
vt 0.225000 0.214286
vt 0.233333 0.214286
vt 0.241667 0.214286
vt 0.250000 0.214286
vt 0.258333 0.214286
vt 0.266667 0.214286
vt 0.275000 0.214286
vt 0.283333 0.214286
vt 0.291667 0.214286
vt 0.300000 0.214286
vt 0.308333 0.214286
vt 0.316667 0.214286
vt 0.325000 0.214286
vt 0.333333 0.214286
vt 0.341667 0.214286
vt 0.350000 0.214286
vt 0.358333 0.214286
vt 0.366667 0.214286
vt 0.375000 0.214286
vt 0.383333 0.214286
vt 0.391667 0.214286
vt 0.400000 0.214286
vt 0.408333 0.214286
vt 0.416667 0.214286
vt 0.425000 0.214286
vt 0.433333 0.214286
vt 0.441667 0.214286
vt 0.450000 0.214286
vt 0.458333 0.214286
vt 0.466667 0.214286
vt 0.475000 0.214286
vt 0.483333 0.214286
vt 0.491667 0.214286
vt 0.500000 0.214286
vt 0.508333 0.214286
vt 0.516667 0.214286
vt 0.525000 0.214286
vt 0.533333 0.214286
vt 0.541667 0.214286
vt 0.550000 0.214286
vt 0.558333 0.214286
vt 0.566667 0.214286
vt 0.575000 0.214286
vt 0.583333 0.214286
vt 0.591667 0.214286
vt 0.600000 0.214286
vt 0.608333 0.214286
vt 0.616667 0.214286
vt 0.625000 0.214286
vt 0.633333 0.214286
vt 0.641667 0.214286
vt 0.650000 0.214286
vt 0.658333 0.214286
vt 0.666667 0.214286
vt 0.675000 0.214286
vt 0.683333 0.214286
vt 0.691667 0.214286
vt 0.700000 0.214286
vt 0.708333 0.214286
vt 0.716667 0.214286
vt 0.725000 0.214286
vt 0.733333 0.214286
vt 0.741667 0.214286
vt 0.750000 0.214286
vt 0.758333 0.214286
vt 0.766667 0.214286
vt 0.775000 0.214286
vt 0.783333 0.214286
vt 0.791667 0.214286
vt 0.800000 0.214286
vt 0.808333 0.214286
vt 0.816667 0.214286
vt 0.825000 0.214286
vt 0.833333 0.214286
vt 0.841667 0.214286
vt 0.850000 0.214286
vt 0.858333 0.214286
vt 0.866667 0.214286
vt 0.875000 0.214286
vt 0.883333 0.214286
vt 0.891667 0.214286
vt 0.900000 0.214286
vt 0.908333 0.214286
vt 0.916667 0.214286
vt 0.925000 0.214286
vt 0.933333 0.214286
vt 0.941667 0.214286
vt 0.950000 0.214286
vt 0.958333 0.214286
vt 0.966667 0.214286
vt 0.975000 0.214286
vt 0.983333 0.214286
vt 0.991667 0.214286
vt 1.000000 0.214286
vt 0.000000 0.250000
vt 0.008333 0.250000
vt 0.016667 0.250000
vt 0.025000 0.250000
vt 0.033333 0.250000
vt 0.041667 0.250000
vt 0.050000 0.250000
vt 0.058333 0.250000
vt 0.066667 0.250000
vt 0.075000 0.250000
vt 0.083333 0.250000
vt 0.091667 0.250000
vt 0.100000 0.250000
vt 0.108333 0.250000
vt 0.116667 0.250000
vt 0.125000 0.250000
vt 0.133333 0.250000
vt 0.141667 0.250000
vt 0.150000 0.250000
vt 0.158333 0.250000
vt 0.166667 0.250000
vt 0.175000 0.250000
vt 0.183333 0.250000
vt 0.191667 0.250000
vt 0.200000 0.250000
vt 0.208333 0.250000
vt 0.216667 0.250000
vt 0.225000 0.250000
vt 0.233333 0.250000
vt 0.241667 0.250000
vt 0.250000 0.250000
vt 0.258333 0.250000
vt 0.266667 0.250000
vt 0.275000 0.250000
vt 0.283333 0.250000
vt 0.291667 0.250000
vt 0.300000 0.250000
vt 0.308333 0.250000
vt 0.316667 0.250000
vt 0.325000 0.250000
vt 0.333333 0.250000
vt 0.341667 0.250000
vt 0.350000 0.250000
vt 0.358333 0.250000
vt 0.366667 0.250000
vt 0.375000 0.250000
vt 0.383333 0.250000
vt 0.391667 0.250000
vt 0.400000 0.250000
vt 0.408333 0.250000
vt 0.416667 0.250000
vt 0.425000 0.250000
vt 0.433333 0.250000
vt 0.441667 0.250000
vt 0.450000 0.250000
vt 0.458333 0.250000
vt 0.466667 0.250000
vt 0.475000 0.250000
vt 0.483333 0.250000
vt 0.491667 0.250000
vt 0.500000 0.250000
vt 0.508333 0.250000
vt 0.516667 0.250000
vt 0.525000 0.250000
vt 0.533333 0.250000
vt 0.541667 0.250000
vt 0.550000 0.250000
vt 0.558333 0.250000
vt 0.566667 0.250000
vt 0.575000 0.250000
vt 0.583333 0.250000
vt 0.591667 0.250000
vt 0.600000 0.250000
vt 0.608333 0.250000
vt 0.616667 0.250000
vt 0.625000 0.250000
vt 0.633333 0.250000
vt 0.641667 0.250000
vt 0.650000 0.250000
vt 0.658333 0.250000
vt 0.666667 0.250000
vt 0.675000 0.250000
vt 0.683333 0.250000
vt 0.691667 0.250000
vt 0.700000 0.250000
vt 0.708333 0.250000
vt 0.716667 0.250000
vt 0.725000 0.250000
vt 0.733333 0.250000
vt 0.741667 0.250000
vt 0.750000 0.250000
vt 0.758333 0.250000
vt 0.766667 0.250000
vt 0.775000 0.250000
vt 0.783333 0.250000
vt 0.791667 0.250000
vt 0.800000 0.250000
vt 0.808333 0.250000
vt 0.816667 0.250000
vt 0.825000 0.250000
vt 0.833333 0.250000
vt 0.841667 0.250000
vt 0.850000 0.250000
vt 0.858333 0.250000
vt 0.866667 0.250000
vt 0.875000 0.250000
vt 0.883333 0.250000
vt 0.891667 0.250000
vt 0.900000 0.250000
vt 0.908333 0.250000
vt 0.916667 0.250000
vt 0.925000 0.250000
vt 0.933333 0.250000
vt 0.941667 0.250000
vt 0.950000 0.250000
vt 0.958333 0.250000
vt 0.966667 0.250000
vt 0.975000 0.250000
vt 0.983333 0.250000
vt 0.991667 0.250000
vt 1.000000 0.250000
vt 0.000000 0.285714
vt 0.008333 0.285714
vt 0.016667 0.285714
vt 0.025000 0.285714
vt 0.033333 0.285714
vt 0.041667 0.285714
vt 0.050000 0.285714
vt 0.058333 0.285714
vt 0.066667 0.285714
vt 0.075000 0.285714
vt 0.083333 0.285714
vt 0.091667 0.285714
vt 0.100000 0.285714
vt 0.108333 0.285714
vt 0.116667 0.285714
vt 0.125000 0.285714
vt 0.133333 0.285714
vt 0.141667 0.285714
vt 0.150000 0.285714
vt 0.158333 0.285714
vt 0.166667 0.285714
vt 0.175000 0.285714
vt 0.183333 0.285714
vt 0.191667 0.285714
vt 0.200000 0.285714
vt 0.208333 0.285714
vt 0.216667 0.285714
vt 0.225000 0.285714
vt 0.233333 0.285714
vt 0.241667 0.285714
vt 0.250000 0.285714
vt 0.258333 0.285714
vt 0.266667 0.285714
vt 0.275000 0.285714
vt 0.283333 0.285714
vt 0.291667 0.285714
vt 0.300000 0.285714
vt 0.308333 0.285714
vt 0.316667 0.285714
vt 0.325000 0.285714
vt 0.333333 0.285714
vt 0.341667 0.285714
vt 0.350000 0.285714
vt 0.358333 0.285714
vt 0.366667 0.285714
vt 0.375000 0.285714
vt 0.383333 0.285714
vt 0.391667 0.285714
vt 0.400000 0.285714
vt 0.408333 0.285714
vt 0.416667 0.285714
vt 0.425000 0.285714
vt 0.433333 0.285714
vt 0.441667 0.285714
vt 0.450000 0.285714
vt 0.458333 0.285714
vt 0.466667 0.285714
vt 0.475000 0.285714
vt 0.483333 0.285714
vt 0.491667 0.285714
vt 0.500000 0.285714
vt 0.508333 0.285714
vt 0.516667 0.285714
vt 0.525000 0.285714
vt 0.533333 0.285714
vt 0.541667 0.285714
vt 0.550000 0.285714
vt 0.558333 0.285714
vt 0.566667 0.285714
vt 0.575000 0.285714
vt 0.583333 0.285714
vt 0.591667 0.285714
vt 0.600000 0.285714
vt 0.608333 0.285714
vt 0.616667 0.285714
vt 0.625000 0.285714
vt 0.633333 0.285714
vt 0.641667 0.285714
vt 0.650000 0.285714
vt 0.658333 0.285714
vt 0.666667 0.285714
vt 0.675000 0.285714
vt 0.683333 0.285714
vt 0.691667 0.285714
vt 0.700000 0.285714
vt 0.708333 0.285714
vt 0.716667 0.285714
vt 0.725000 0.285714
vt 0.733333 0.285714
vt 0.741667 0.285714
vt 0.750000 0.285714
vt 0.758333 0.285714
vt 0.766667 0.285714
vt 0.775000 0.285714
vt 0.783333 0.285714
vt 0.791667 0.285714
vt 0.800000 0.285714
vt 0.808333 0.285714
vt 0.816667 0.285714
vt 0.825000 0.285714
vt 0.833333 0.285714
vt 0.841667 0.285714
vt 0.850000 0.285714
vt 0.858333 0.285714
vt 0.866667 0.285714
vt 0.875000 0.285714
vt 0.883333 0.285714
vt 0.891667 0.285714
vt 0.900000 0.285714
vt 0.908333 0.285714
vt 0.916667 0.285714
vt 0.925000 0.285714
vt 0.933333 0.285714
vt 0.941667 0.285714
vt 0.950000 0.285714
vt 0.958333 0.285714
vt 0.966667 0.285714
vt 0.975000 0.285714
vt 0.983333 0.285714
vt 0.991667 0.285714
vt 1.000000 0.285714
vt 0.000000 0.321429
vt 0.008333 0.321429
vt 0.016667 0.321429
vt 0.025000 0.321429
vt 0.033333 0.321429
vt 0.041667 0.321429
vt 0.050000 0.321429
vt 0.058333 0.321429
vt 0.066667 0.321429
vt 0.075000 0.321429
vt 0.083333 0.321429
vt 0.091667 0.321429
vt 0.100000 0.321429
vt 0.108333 0.321429
vt 0.116667 0.321429
vt 0.125000 0.321429
vt 0.133333 0.321429
vt 0.141667 0.321429
vt 0.150000 0.321429
vt 0.158333 0.321429
vt 0.166667 0.321429
vt 0.175000 0.321429
vt 0.183333 0.321429
vt 0.191667 0.321429
vt 0.200000 0.321429
vt 0.208333 0.321429
vt 0.216667 0.321429
vt 0.225000 0.321429
vt 0.233333 0.321429
vt 0.241667 0.321429
vt 0.250000 0.321429
vt 0.258333 0.321429
vt 0.266667 0.321429
vt 0.275000 0.321429
vt 0.283333 0.321429
vt 0.291667 0.321429
vt 0.300000 0.321429
vt 0.308333 0.321429
vt 0.316667 0.321429
vt 0.325000 0.321429
vt 0.333333 0.321429
vt 0.341667 0.321429
vt 0.350000 0.321429
vt 0.358333 0.321429
vt 0.366667 0.321429
vt 0.375000 0.321429
vt 0.383333 0.321429
vt 0.391667 0.321429
vt 0.400000 0.321429
vt 0.408333 0.321429
vt 0.416667 0.321429
vt 0.425000 0.321429
vt 0.433333 0.321429
vt 0.441667 0.321429
vt 0.450000 0.321429
vt 0.458333 0.321429
vt 0.466667 0.321429
vt 0.475000 0.321429
vt 0.483333 0.321429
vt 0.491667 0.321429
vt 0.500000 0.321429
vt 0.508333 0.321429
vt 0.516667 0.321429
vt 0.525000 0.321429
vt 0.533333 0.321429
vt 0.541667 0.321429
vt 0.550000 0.321429
vt 0.558333 0.321429
vt 0.566667 0.321429
vt 0.575000 0.321429
vt 0.583333 0.321429
vt 0.591667 0.321429
vt 0.600000 0.321429
vt 0.608333 0.321429
vt 0.616667 0.321429
vt 0.625000 0.321429
vt 0.633333 0.321429
vt 0.641667 0.321429
vt 0.650000 0.321429
vt 0.658333 0.321429
vt 0.666667 0.321429
vt 0.675000 0.321429
vt 0.683333 0.321429
vt 0.691667 0.321429
vt 0.700000 0.321429
vt 0.708333 0.321429
vt 0.716667 0.321429
vt 0.725000 0.321429
vt 0.733333 0.321429
vt 0.741667 0.321429
vt 0.750000 0.321429
vt 0.758333 0.321429
vt 0.766667 0.321429
vt 0.775000 0.321429
vt 0.783333 0.321429
vt 0.791667 0.321429
vt 0.800000 0.321429
vt 0.808333 0.321429
vt 0.816667 0.321429
vt 0.825000 0.321429
vt 0.833333 0.321429
vt 0.841667 0.321429
vt 0.850000 0.321429
vt 0.858333 0.321429
vt 0.866667 0.321429
vt 0.875000 0.321429
vt 0.883333 0.321429
vt 0.891667 0.321429
vt 0.900000 0.321429
vt 0.908333 0.321429
vt 0.916667 0.321429
vt 0.925000 0.321429
vt 0.933333 0.321429
vt 0.941667 0.321429
vt 0.950000 0.321429
vt 0.958333 0.321429
vt 0.966667 0.321429
vt 0.975000 0.321429
vt 0.983333 0.321429
vt 0.991667 0.321429
vt 1.000000 0.321429
vt 0.000000 0.357143
vt 0.008333 0.357143
vt 0.016667 0.357143
vt 0.025000 0.357143
vt 0.033333 0.357143
vt 0.041667 0.357143
vt 0.050000 0.357143
vt 0.058333 0.357143
vt 0.066667 0.357143
vt 0.075000 0.357143
vt 0.083333 0.357143
vt 0.091667 0.357143
vt 0.100000 0.357143
vt 0.108333 0.357143
vt 0.116667 0.357143
vt 0.125000 0.357143
vt 0.133333 0.357143
vt 0.141667 0.357143
vt 0.150000 0.357143
vt 0.158333 0.357143
vt 0.166667 0.357143
vt 0.175000 0.357143
vt 0.183333 0.357143
vt 0.191667 0.357143
vt 0.200000 0.357143
vt 0.208333 0.357143
vt 0.216667 0.357143
vt 0.225000 0.357143
vt 0.233333 0.357143
vt 0.241667 0.357143
vt 0.250000 0.357143
vt 0.258333 0.357143
vt 0.266667 0.357143
vt 0.275000 0.357143
vt 0.283333 0.357143
vt 0.291667 0.357143
vt 0.300000 0.357143
vt 0.308333 0.357143
vt 0.316667 0.357143
vt 0.325000 0.357143
vt 0.333333 0.357143
vt 0.341667 0.357143
vt 0.350000 0.357143
vt 0.358333 0.357143
vt 0.366667 0.357143
vt 0.375000 0.357143
vt 0.383333 0.357143
vt 0.391667 0.357143
vt 0.400000 0.357143
vt 0.408333 0.357143
vt 0.416667 0.357143
vt 0.425000 0.357143
vt 0.433333 0.357143
vt 0.441667 0.357143
vt 0.450000 0.357143
vt 0.458333 0.357143
vt 0.466667 0.357143
vt 0.475000 0.357143
vt 0.483333 0.357143
vt 0.491667 0.357143
vt 0.500000 0.357143
vt 0.508333 0.357143
vt 0.516667 0.357143
vt 0.525000 0.357143
vt 0.533333 0.357143
vt 0.541667 0.357143
vt 0.550000 0.357143
vt 0.558333 0.357143
vt 0.566667 0.357143
vt 0.575000 0.357143
vt 0.583333 0.357143
vt 0.591667 0.357143
vt 0.600000 0.357143
vt 0.608333 0.357143
vt 0.616667 0.357143
vt 0.625000 0.357143
vt 0.633333 0.357143
vt 0.641667 0.357143
vt 0.650000 0.357143
vt 0.658333 0.357143
vt 0.666667 0.357143
vt 0.675000 0.357143
vt 0.683333 0.357143
vt 0.691667 0.357143
vt 0.700000 0.357143
vt 0.708333 0.357143
vt 0.716667 0.357143
vt 0.725000 0.357143
vt 0.733333 0.357143
vt 0.741667 0.357143
vt 0.750000 0.357143
vt 0.758333 0.357143
vt 0.766667 0.357143
vt 0.775000 0.357143
vt 0.783333 0.357143
vt 0.791667 0.357143
vt 0.800000 0.357143
vt 0.808333 0.357143
vt 0.816667 0.357143
vt 0.825000 0.357143
vt 0.833333 0.357143
vt 0.841667 0.357143
vt 0.850000 0.357143
vt 0.858333 0.357143
vt 0.866667 0.357143
vt 0.875000 0.357143
vt 0.883333 0.357143
vt 0.891667 0.357143
vt 0.900000 0.357143
vt 0.908333 0.357143
vt 0.916667 0.357143
vt 0.925000 0.357143
vt 0.933333 0.357143
vt 0.941667 0.357143
vt 0.950000 0.357143
vt 0.958333 0.357143
vt 0.966667 0.357143
vt 0.975000 0.357143
vt 0.983333 0.357143
vt 0.991667 0.357143
vt 1.000000 0.357143
vt 0.000000 0.392857
vt 0.008333 0.392857
vt 0.016667 0.392857
vt 0.025000 0.392857
vt 0.033333 0.392857
vt 0.041667 0.392857
vt 0.050000 0.392857
vt 0.058333 0.392857
vt 0.066667 0.392857
vt 0.075000 0.392857
vt 0.083333 0.392857
vt 0.091667 0.392857
vt 0.100000 0.392857
vt 0.108333 0.392857
vt 0.116667 0.392857
vt 0.125000 0.392857
vt 0.133333 0.392857
vt 0.141667 0.392857
vt 0.150000 0.392857
vt 0.158333 0.392857
vt 0.166667 0.392857
vt 0.175000 0.392857
vt 0.183333 0.392857
vt 0.191667 0.392857
vt 0.200000 0.392857
vt 0.208333 0.392857
vt 0.216667 0.392857
vt 0.225000 0.392857
vt 0.233333 0.392857
vt 0.241667 0.392857
vt 0.250000 0.392857
vt 0.258333 0.392857
vt 0.266667 0.392857
vt 0.275000 0.392857
vt 0.283333 0.392857
vt 0.291667 0.392857
vt 0.300000 0.392857
vt 0.308333 0.392857
vt 0.316667 0.392857
vt 0.325000 0.392857
vt 0.333333 0.392857
vt 0.341667 0.392857
vt 0.350000 0.392857
vt 0.358333 0.392857
vt 0.366667 0.392857
vt 0.375000 0.392857
vt 0.383333 0.392857
vt 0.391667 0.392857
vt 0.400000 0.392857
vt 0.408333 0.392857
vt 0.416667 0.392857
vt 0.425000 0.392857
vt 0.433333 0.392857
vt 0.441667 0.392857
vt 0.450000 0.392857
vt 0.458333 0.392857
vt 0.466667 0.392857
vt 0.475000 0.392857
vt 0.483333 0.392857
vt 0.491667 0.392857
vt 0.500000 0.392857
vt 0.508333 0.392857
vt 0.516667 0.392857
vt 0.525000 0.392857
vt 0.533333 0.392857
vt 0.541667 0.392857
vt 0.550000 0.392857
vt 0.558333 0.392857
vt 0.566667 0.392857
vt 0.575000 0.392857
vt 0.583333 0.392857
vt 0.591667 0.392857
vt 0.600000 0.392857
vt 0.608333 0.392857
vt 0.616667 0.392857
vt 0.625000 0.392857
vt 0.633333 0.392857
vt 0.641667 0.392857
vt 0.650000 0.392857
vt 0.658333 0.392857
vt 0.666667 0.392857
vt 0.675000 0.392857
vt 0.683333 0.392857
vt 0.691667 0.392857
vt 0.700000 0.392857
vt 0.708333 0.392857
vt 0.716667 0.392857
vt 0.725000 0.392857
vt 0.733333 0.392857
vt 0.741667 0.392857
vt 0.750000 0.392857
vt 0.758333 0.392857
vt 0.766667 0.392857
vt 0.775000 0.392857
vt 0.783333 0.392857
vt 0.791667 0.392857
vt 0.800000 0.392857
vt 0.808333 0.392857
vt 0.816667 0.392857
vt 0.825000 0.392857
vt 0.833333 0.392857
vt 0.841667 0.392857
vt 0.850000 0.392857
vt 0.858333 0.392857
vt 0.866667 0.392857
vt 0.875000 0.392857
vt 0.883333 0.392857
vt 0.891667 0.392857
vt 0.900000 0.392857
vt 0.908333 0.392857
vt 0.916667 0.392857
vt 0.925000 0.392857
vt 0.933333 0.392857
vt 0.941667 0.392857
vt 0.950000 0.392857
vt 0.958333 0.392857
vt 0.966667 0.392857
vt 0.975000 0.392857
vt 0.983333 0.392857
vt 0.991667 0.392857
vt 1.000000 0.392857
vt 0.000000 0.428571
vt 0.008333 0.428571
vt 0.016667 0.428571
vt 0.025000 0.428571
vt 0.033333 0.428571
vt 0.041667 0.428571
vt 0.050000 0.428571
vt 0.058333 0.428571
vt 0.066667 0.428571
vt 0.075000 0.428571
vt 0.083333 0.428571
vt 0.091667 0.428571
vt 0.100000 0.428571
vt 0.108333 0.428571
vt 0.116667 0.428571
vt 0.125000 0.428571
vt 0.133333 0.428571
vt 0.141667 0.428571
vt 0.150000 0.428571
vt 0.158333 0.428571
vt 0.166667 0.428571
vt 0.175000 0.428571
vt 0.183333 0.428571
vt 0.191667 0.428571
vt 0.200000 0.428571
vt 0.208333 0.428571
vt 0.216667 0.428571
vt 0.225000 0.428571
vt 0.233333 0.428571
vt 0.241667 0.428571
vt 0.250000 0.428571
vt 0.258333 0.428571
vt 0.266667 0.428571
vt 0.275000 0.428571
vt 0.283333 0.428571
vt 0.291667 0.428571
vt 0.300000 0.428571
vt 0.308333 0.428571
vt 0.316667 0.428571
vt 0.325000 0.428571
vt 0.333333 0.428571
vt 0.341667 0.428571
vt 0.350000 0.428571
vt 0.358333 0.428571
vt 0.366667 0.428571
vt 0.375000 0.428571
vt 0.383333 0.428571
vt 0.391667 0.428571
vt 0.400000 0.428571
vt 0.408333 0.428571
vt 0.416667 0.428571
vt 0.425000 0.428571
vt 0.433333 0.428571
vt 0.441667 0.428571
vt 0.450000 0.428571
vt 0.458333 0.428571
vt 0.466667 0.428571
vt 0.475000 0.428571
vt 0.483333 0.428571
vt 0.491667 0.428571
vt 0.500000 0.428571
vt 0.508333 0.428571
vt 0.516667 0.428571
vt 0.525000 0.428571
vt 0.533333 0.428571
vt 0.541667 0.428571
vt 0.550000 0.428571
vt 0.558333 0.428571
vt 0.566667 0.428571
vt 0.575000 0.428571
vt 0.583333 0.428571
vt 0.591667 0.428571
vt 0.600000 0.428571
vt 0.608333 0.428571
vt 0.616667 0.428571
vt 0.625000 0.428571
vt 0.633333 0.428571
vt 0.641667 0.428571
vt 0.650000 0.428571
vt 0.658333 0.428571
vt 0.666667 0.428571
vt 0.675000 0.428571
vt 0.683333 0.428571
vt 0.691667 0.428571
vt 0.700000 0.428571
vt 0.708333 0.428571
vt 0.716667 0.428571
vt 0.725000 0.428571
vt 0.733333 0.428571
vt 0.741667 0.428571
vt 0.750000 0.428571
vt 0.758333 0.428571
vt 0.766667 0.428571
vt 0.775000 0.428571
vt 0.783333 0.428571
vt 0.791667 0.428571
vt 0.800000 0.428571
vt 0.808333 0.428571
vt 0.816667 0.428571
vt 0.825000 0.428571
vt 0.833333 0.428571
vt 0.841667 0.428571
vt 0.850000 0.428571
vt 0.858333 0.428571
vt 0.866667 0.428571
vt 0.875000 0.428571
vt 0.883333 0.428571
vt 0.891667 0.428571
vt 0.900000 0.428571
vt 0.908333 0.428571
vt 0.916667 0.428571
vt 0.925000 0.428571
vt 0.933333 0.428571
vt 0.941667 0.428571
vt 0.950000 0.428571
vt 0.958333 0.428571
vt 0.966667 0.428571
vt 0.975000 0.428571
vt 0.983333 0.428571
vt 0.991667 0.428571
vt 1.000000 0.428571
vt 0.000000 0.464286
vt 0.008333 0.464286
vt 0.016667 0.464286
vt 0.025000 0.464286
vt 0.033333 0.464286
vt 0.041667 0.464286
vt 0.050000 0.464286
vt 0.058333 0.464286
vt 0.066667 0.464286
vt 0.075000 0.464286
vt 0.083333 0.464286
vt 0.091667 0.464286
vt 0.100000 0.464286
vt 0.108333 0.464286
vt 0.116667 0.464286
vt 0.125000 0.464286
vt 0.133333 0.464286
vt 0.141667 0.464286
vt 0.150000 0.464286
vt 0.158333 0.464286
vt 0.166667 0.464286
vt 0.175000 0.464286
vt 0.183333 0.464286
vt 0.191667 0.464286
vt 0.200000 0.464286
vt 0.208333 0.464286
vt 0.216667 0.464286
vt 0.225000 0.464286
vt 0.233333 0.464286
vt 0.241667 0.464286
vt 0.250000 0.464286
vt 0.258333 0.464286
vt 0.266667 0.464286
vt 0.275000 0.464286
vt 0.283333 0.464286
vt 0.291667 0.464286
vt 0.300000 0.464286
vt 0.308333 0.464286
vt 0.316667 0.464286
vt 0.325000 0.464286
vt 0.333333 0.464286
vt 0.341667 0.464286
vt 0.350000 0.464286
vt 0.358333 0.464286
vt 0.366667 0.464286
vt 0.375000 0.464286
vt 0.383333 0.464286
vt 0.391667 0.464286
vt 0.400000 0.464286
vt 0.408333 0.464286
vt 0.416667 0.464286
vt 0.425000 0.464286
vt 0.433333 0.464286
vt 0.441667 0.464286
vt 0.450000 0.464286
vt 0.458333 0.464286
vt 0.466667 0.464286
vt 0.475000 0.464286
vt 0.483333 0.464286
vt 0.491667 0.464286
vt 0.500000 0.464286
vt 0.508333 0.464286
vt 0.516667 0.464286
vt 0.525000 0.464286
vt 0.533333 0.464286
vt 0.541667 0.464286
vt 0.550000 0.464286
vt 0.558333 0.464286
vt 0.566667 0.464286
vt 0.575000 0.464286
vt 0.583333 0.464286
vt 0.591667 0.464286
vt 0.600000 0.464286
vt 0.608333 0.464286
vt 0.616667 0.464286
vt 0.625000 0.464286
vt 0.633333 0.464286
vt 0.641667 0.464286
vt 0.650000 0.464286
vt 0.658333 0.464286
vt 0.666667 0.464286
vt 0.675000 0.464286
vt 0.683333 0.464286
vt 0.691667 0.464286
vt 0.700000 0.464286
vt 0.708333 0.464286
vt 0.716667 0.464286
vt 0.725000 0.464286
vt 0.733333 0.464286
vt 0.741667 0.464286
vt 0.750000 0.464286
vt 0.758333 0.464286
vt 0.766667 0.464286
vt 0.775000 0.464286
vt 0.783333 0.464286
vt 0.791667 0.464286
vt 0.800000 0.464286
vt 0.808333 0.464286
vt 0.816667 0.464286
vt 0.825000 0.464286
vt 0.833333 0.464286
vt 0.841667 0.464286
vt 0.850000 0.464286
vt 0.858333 0.464286
vt 0.866667 0.464286
vt 0.875000 0.464286
vt 0.883333 0.464286
vt 0.891667 0.464286
vt 0.900000 0.464286
vt 0.908333 0.464286
vt 0.916667 0.464286
vt 0.925000 0.464286
vt 0.933333 0.464286
vt 0.941667 0.464286
vt 0.950000 0.464286
vt 0.958333 0.464286
vt 0.966667 0.464286
vt 0.975000 0.464286
vt 0.983333 0.464286
vt 0.991667 0.464286
vt 1.000000 0.464286
vt 0.000000 0.500000
vt 0.008333 0.500000
vt 0.016667 0.500000
vt 0.025000 0.500000
vt 0.033333 0.500000
vt 0.041667 0.500000
vt 0.050000 0.500000
vt 0.058333 0.500000
vt 0.066667 0.500000
vt 0.075000 0.500000
vt 0.083333 0.500000
vt 0.091667 0.500000
vt 0.100000 0.500000
vt 0.108333 0.500000
vt 0.116667 0.500000
vt 0.125000 0.500000
vt 0.133333 0.500000
vt 0.141667 0.500000
vt 0.150000 0.500000
vt 0.158333 0.500000
vt 0.166667 0.500000
vt 0.175000 0.500000
vt 0.183333 0.500000
vt 0.191667 0.500000
vt 0.200000 0.500000
vt 0.208333 0.500000
vt 0.216667 0.500000
vt 0.225000 0.500000
vt 0.233333 0.500000
vt 0.241667 0.500000
vt 0.250000 0.500000
vt 0.258333 0.500000
vt 0.266667 0.500000
vt 0.275000 0.500000
vt 0.283333 0.500000
vt 0.291667 0.500000
vt 0.300000 0.500000
vt 0.308333 0.500000
vt 0.316667 0.500000
vt 0.325000 0.500000
vt 0.333333 0.500000
vt 0.341667 0.500000
vt 0.350000 0.500000
vt 0.358333 0.500000
vt 0.366667 0.500000
vt 0.375000 0.500000
vt 0.383333 0.500000
vt 0.391667 0.500000
vt 0.400000 0.500000
vt 0.408333 0.500000
vt 0.416667 0.500000
vt 0.425000 0.500000
vt 0.433333 0.500000
vt 0.441667 0.500000
vt 0.450000 0.500000
vt 0.458333 0.500000
vt 0.466667 0.500000
vt 0.475000 0.500000
vt 0.483333 0.500000
vt 0.491667 0.500000
vt 0.500000 0.500000
vt 0.508333 0.500000
vt 0.516667 0.500000
vt 0.525000 0.500000
vt 0.533333 0.500000
vt 0.541667 0.500000
vt 0.550000 0.500000
vt 0.558333 0.500000
vt 0.566667 0.500000
vt 0.575000 0.500000
vt 0.583333 0.500000
vt 0.591667 0.500000
vt 0.600000 0.500000
vt 0.608333 0.500000
vt 0.616667 0.500000
vt 0.625000 0.500000
vt 0.633333 0.500000
vt 0.641667 0.500000
vt 0.650000 0.500000
vt 0.658333 0.500000
vt 0.666667 0.500000
vt 0.675000 0.500000
vt 0.683333 0.500000
vt 0.691667 0.500000
vt 0.700000 0.500000
vt 0.708333 0.500000
vt 0.716667 0.500000
vt 0.725000 0.500000
vt 0.733333 0.500000
vt 0.741667 0.500000
vt 0.750000 0.500000
vt 0.758333 0.500000
vt 0.766667 0.500000
vt 0.775000 0.500000
vt 0.783333 0.500000
vt 0.791667 0.500000
vt 0.800000 0.500000
vt 0.808333 0.500000
vt 0.816667 0.500000
vt 0.825000 0.500000
vt 0.833333 0.500000
vt 0.841667 0.500000
vt 0.850000 0.500000
vt 0.858333 0.500000
vt 0.866667 0.500000
vt 0.875000 0.500000
vt 0.883333 0.500000
vt 0.891667 0.500000
vt 0.900000 0.500000
vt 0.908333 0.500000
vt 0.916667 0.500000
vt 0.925000 0.500000
vt 0.933333 0.500000
vt 0.941667 0.500000
vt 0.950000 0.500000
vt 0.958333 0.500000
vt 0.966667 0.500000
vt 0.975000 0.500000
vt 0.983333 0.500000
vt 0.991667 0.500000
vt 1.000000 0.500000
vt 0.000000 0.535714
vt 0.008333 0.535714
vt 0.016667 0.535714
vt 0.025000 0.535714
vt 0.033333 0.535714
vt 0.041667 0.535714
vt 0.050000 0.535714
vt 0.058333 0.535714
vt 0.066667 0.535714
vt 0.075000 0.535714
vt 0.083333 0.535714
vt 0.091667 0.535714
vt 0.100000 0.535714
vt 0.108333 0.535714
vt 0.116667 0.535714
vt 0.125000 0.535714
vt 0.133333 0.535714
vt 0.141667 0.535714
vt 0.150000 0.535714
vt 0.158333 0.535714
vt 0.166667 0.535714
vt 0.175000 0.535714
vt 0.183333 0.535714
vt 0.191667 0.535714
vt 0.200000 0.535714
vt 0.208333 0.535714
vt 0.216667 0.535714
vt 0.225000 0.535714
vt 0.233333 0.535714
vt 0.241667 0.535714
vt 0.250000 0.535714
vt 0.258333 0.535714
vt 0.266667 0.535714
vt 0.275000 0.535714
vt 0.283333 0.535714
vt 0.291667 0.535714
vt 0.300000 0.535714
vt 0.308333 0.535714
vt 0.316667 0.535714
vt 0.325000 0.535714
vt 0.333333 0.535714
vt 0.341667 0.535714
vt 0.350000 0.535714
vt 0.358333 0.535714
vt 0.366667 0.535714
vt 0.375000 0.535714
vt 0.383333 0.535714
vt 0.391667 0.535714
vt 0.400000 0.535714
vt 0.408333 0.535714
vt 0.416667 0.535714
vt 0.425000 0.535714
vt 0.433333 0.535714
vt 0.441667 0.535714
vt 0.450000 0.535714
vt 0.458333 0.535714
vt 0.466667 0.535714
vt 0.475000 0.535714
vt 0.483333 0.535714
vt 0.491667 0.535714
vt 0.500000 0.535714
vt 0.508333 0.535714
vt 0.516667 0.535714
vt 0.525000 0.535714
vt 0.533333 0.535714
vt 0.541667 0.535714
vt 0.550000 0.535714
vt 0.558333 0.535714
vt 0.566667 0.535714
vt 0.575000 0.535714
vt 0.583333 0.535714
vt 0.591667 0.535714
vt 0.600000 0.535714
vt 0.608333 0.535714
vt 0.616667 0.535714
vt 0.625000 0.535714
vt 0.633333 0.535714
vt 0.641667 0.535714
vt 0.650000 0.535714
vt 0.658333 0.535714
vt 0.666667 0.535714
vt 0.675000 0.535714
vt 0.683333 0.535714
vt 0.691667 0.535714
vt 0.700000 0.535714
vt 0.708333 0.535714
vt 0.716667 0.535714
vt 0.725000 0.535714
vt 0.733333 0.535714
vt 0.741667 0.535714
vt 0.750000 0.535714
vt 0.758333 0.535714
vt 0.766667 0.535714
vt 0.775000 0.535714
vt 0.783333 0.535714
vt 0.791667 0.535714
vt 0.800000 0.535714
vt 0.808333 0.535714
vt 0.816667 0.535714
vt 0.825000 0.535714
vt 0.833333 0.535714
vt 0.841667 0.535714
vt 0.850000 0.535714
vt 0.858333 0.535714
vt 0.866667 0.535714
vt 0.875000 0.535714
vt 0.883333 0.535714
vt 0.891667 0.535714
vt 0.900000 0.535714
vt 0.908333 0.535714
vt 0.916667 0.535714
vt 0.925000 0.535714
vt 0.933333 0.535714
vt 0.941667 0.535714
vt 0.950000 0.535714
vt 0.958333 0.535714
vt 0.966667 0.535714
vt 0.975000 0.535714
vt 0.983333 0.535714
vt 0.991667 0.535714
vt 1.000000 0.535714
vt 0.000000 0.571429
vt 0.008333 0.571429
vt 0.016667 0.571429
vt 0.025000 0.571429
vt 0.033333 0.571429
vt 0.041667 0.571429
vt 0.050000 0.571429
vt 0.058333 0.571429
vt 0.066667 0.571429
vt 0.075000 0.571429
vt 0.083333 0.571429
vt 0.091667 0.571429
vt 0.100000 0.571429
vt 0.108333 0.571429
vt 0.116667 0.571429
vt 0.125000 0.571429
vt 0.133333 0.571429
vt 0.141667 0.571429
vt 0.150000 0.571429
vt 0.158333 0.571429
vt 0.166667 0.571429
vt 0.175000 0.571429
vt 0.183333 0.571429
vt 0.191667 0.571429
vt 0.200000 0.571429
vt 0.208333 0.571429
vt 0.216667 0.571429
vt 0.225000 0.571429
vt 0.233333 0.571429
vt 0.241667 0.571429
vt 0.250000 0.571429
vt 0.258333 0.571429
vt 0.266667 0.571429
vt 0.275000 0.571429
vt 0.283333 0.571429
vt 0.291667 0.571429
vt 0.300000 0.571429
vt 0.308333 0.571429
vt 0.316667 0.571429
vt 0.325000 0.571429
vt 0.333333 0.571429
vt 0.341667 0.571429
vt 0.350000 0.571429
vt 0.358333 0.571429
vt 0.366667 0.571429
vt 0.375000 0.571429
vt 0.383333 0.571429
vt 0.391667 0.571429
vt 0.400000 0.571429
vt 0.408333 0.571429
vt 0.416667 0.571429
vt 0.425000 0.571429
vt 0.433333 0.571429
vt 0.441667 0.571429
vt 0.450000 0.571429
vt 0.458333 0.571429
vt 0.466667 0.571429
vt 0.475000 0.571429
vt 0.483333 0.571429
vt 0.491667 0.571429
vt 0.500000 0.571429
vt 0.508333 0.571429
vt 0.516667 0.571429
vt 0.525000 0.571429
vt 0.533333 0.571429
vt 0.541667 0.571429
vt 0.550000 0.571429
vt 0.558333 0.571429
vt 0.566667 0.571429
vt 0.575000 0.571429
vt 0.583333 0.571429
vt 0.591667 0.571429
vt 0.600000 0.571429
vt 0.608333 0.571429
vt 0.616667 0.571429
vt 0.625000 0.571429
vt 0.633333 0.571429
vt 0.641667 0.571429
vt 0.650000 0.571429
vt 0.658333 0.571429
vt 0.666667 0.571429
vt 0.675000 0.571429
vt 0.683333 0.571429
vt 0.691667 0.571429
vt 0.700000 0.571429
vt 0.708333 0.571429
vt 0.716667 0.571429
vt 0.725000 0.571429
vt 0.733333 0.571429
vt 0.741667 0.571429
vt 0.750000 0.571429
vt 0.758333 0.571429
vt 0.766667 0.571429
vt 0.775000 0.571429
vt 0.783333 0.571429
vt 0.791667 0.571429
vt 0.800000 0.571429
vt 0.808333 0.571429
vt 0.816667 0.571429
vt 0.825000 0.571429
vt 0.833333 0.571429
vt 0.841667 0.571429
vt 0.850000 0.571429
vt 0.858333 0.571429
vt 0.866667 0.571429
vt 0.875000 0.571429
vt 0.883333 0.571429
vt 0.891667 0.571429
vt 0.900000 0.571429
vt 0.908333 0.571429
vt 0.916667 0.571429
vt 0.925000 0.571429
vt 0.933333 0.571429
vt 0.941667 0.571429
vt 0.950000 0.571429
vt 0.958333 0.571429
vt 0.966667 0.571429
vt 0.975000 0.571429
vt 0.983333 0.571429
vt 0.991667 0.571429
vt 1.000000 0.571429
vt 0.000000 0.607143
vt 0.008333 0.607143
vt 0.016667 0.607143
vt 0.025000 0.607143
vt 0.033333 0.607143
vt 0.041667 0.607143
vt 0.050000 0.607143
vt 0.058333 0.607143
vt 0.066667 0.607143
vt 0.075000 0.607143
vt 0.083333 0.607143
vt 0.091667 0.607143
vt 0.100000 0.607143
vt 0.108333 0.607143
vt 0.116667 0.607143
vt 0.125000 0.607143
vt 0.133333 0.607143
vt 0.141667 0.607143
vt 0.150000 0.607143
vt 0.158333 0.607143
vt 0.166667 0.607143
vt 0.175000 0.607143
vt 0.183333 0.607143
vt 0.191667 0.607143
vt 0.200000 0.607143
vt 0.208333 0.607143
vt 0.216667 0.607143
vt 0.225000 0.607143
vt 0.233333 0.607143
vt 0.241667 0.607143
vt 0.250000 0.607143
vt 0.258333 0.607143
vt 0.266667 0.607143
vt 0.275000 0.607143
vt 0.283333 0.607143
vt 0.291667 0.607143
vt 0.300000 0.607143
vt 0.308333 0.607143
vt 0.316667 0.607143
vt 0.325000 0.607143
vt 0.333333 0.607143
vt 0.341667 0.607143
vt 0.350000 0.607143
vt 0.358333 0.607143
vt 0.366667 0.607143
vt 0.375000 0.607143
vt 0.383333 0.607143
vt 0.391667 0.607143
vt 0.400000 0.607143
vt 0.408333 0.607143
vt 0.416667 0.607143
vt 0.425000 0.607143
vt 0.433333 0.607143
vt 0.441667 0.607143
vt 0.450000 0.607143
vt 0.458333 0.607143
vt 0.466667 0.607143
vt 0.475000 0.607143
vt 0.483333 0.607143
vt 0.491667 0.607143
vt 0.500000 0.607143
vt 0.508333 0.607143
vt 0.516667 0.607143
vt 0.525000 0.607143
vt 0.533333 0.607143
vt 0.541667 0.607143
vt 0.550000 0.607143
vt 0.558333 0.607143
vt 0.566667 0.607143
vt 0.575000 0.607143
vt 0.583333 0.607143
vt 0.591667 0.607143
vt 0.600000 0.607143
vt 0.608333 0.607143
vt 0.616667 0.607143
vt 0.625000 0.607143
vt 0.633333 0.607143
vt 0.641667 0.607143
vt 0.650000 0.607143
vt 0.658333 0.607143
vt 0.666667 0.607143
vt 0.675000 0.607143
vt 0.683333 0.607143
vt 0.691667 0.607143
vt 0.700000 0.607143
vt 0.708333 0.607143
vt 0.716667 0.607143
vt 0.725000 0.607143
vt 0.733333 0.607143
vt 0.741667 0.607143
vt 0.750000 0.607143
vt 0.758333 0.607143
vt 0.766667 0.607143
vt 0.775000 0.607143
vt 0.783333 0.607143
vt 0.791667 0.607143
vt 0.800000 0.607143
vt 0.808333 0.607143
vt 0.816667 0.607143
vt 0.825000 0.607143
vt 0.833333 0.607143
vt 0.841667 0.607143
vt 0.850000 0.607143
vt 0.858333 0.607143
vt 0.866667 0.607143
vt 0.875000 0.607143
vt 0.883333 0.607143
vt 0.891667 0.607143
vt 0.900000 0.607143
vt 0.908333 0.607143
vt 0.916667 0.607143
vt 0.925000 0.607143
vt 0.933333 0.607143
vt 0.941667 0.607143
vt 0.950000 0.607143
vt 0.958333 0.607143
vt 0.966667 0.607143
vt 0.975000 0.607143
vt 0.983333 0.607143
vt 0.991667 0.607143
vt 1.000000 0.607143
vt 0.000000 0.642857
vt 0.008333 0.642857
vt 0.016667 0.642857
vt 0.025000 0.642857
vt 0.033333 0.642857
vt 0.041667 0.642857
vt 0.050000 0.642857
vt 0.058333 0.642857
vt 0.066667 0.642857
vt 0.075000 0.642857
vt 0.083333 0.642857
vt 0.091667 0.642857
vt 0.100000 0.642857
vt 0.108333 0.642857
vt 0.116667 0.642857
vt 0.125000 0.642857
vt 0.133333 0.642857
vt 0.141667 0.642857
vt 0.150000 0.642857
vt 0.158333 0.642857
vt 0.166667 0.642857
vt 0.175000 0.642857
vt 0.183333 0.642857
vt 0.191667 0.642857
vt 0.200000 0.642857
vt 0.208333 0.642857
vt 0.216667 0.642857
vt 0.225000 0.642857
vt 0.233333 0.642857
vt 0.241667 0.642857
vt 0.250000 0.642857
vt 0.258333 0.642857
vt 0.266667 0.642857
vt 0.275000 0.642857
vt 0.283333 0.642857
vt 0.291667 0.642857
vt 0.300000 0.642857
vt 0.308333 0.642857
vt 0.316667 0.642857
vt 0.325000 0.642857
vt 0.333333 0.642857
vt 0.341667 0.642857
vt 0.350000 0.642857
vt 0.358333 0.642857
vt 0.366667 0.642857
vt 0.375000 0.642857
vt 0.383333 0.642857
vt 0.391667 0.642857
vt 0.400000 0.642857
vt 0.408333 0.642857
vt 0.416667 0.642857
vt 0.425000 0.642857
vt 0.433333 0.642857
vt 0.441667 0.642857
vt 0.450000 0.642857
vt 0.458333 0.642857
vt 0.466667 0.642857
vt 0.475000 0.642857
vt 0.483333 0.642857
vt 0.491667 0.642857
vt 0.500000 0.642857
vt 0.508333 0.642857
vt 0.516667 0.642857
vt 0.525000 0.642857
vt 0.533333 0.642857
vt 0.541667 0.642857
vt 0.550000 0.642857
vt 0.558333 0.642857
vt 0.566667 0.642857
vt 0.575000 0.642857
vt 0.583333 0.642857
vt 0.591667 0.642857
vt 0.600000 0.642857
vt 0.608333 0.642857
vt 0.616667 0.642857
vt 0.625000 0.642857
vt 0.633333 0.642857
vt 0.641667 0.642857
vt 0.650000 0.642857
vt 0.658333 0.642857
vt 0.666667 0.642857
vt 0.675000 0.642857
vt 0.683333 0.642857
vt 0.691667 0.642857
vt 0.700000 0.642857
vt 0.708333 0.642857
vt 0.716667 0.642857
vt 0.725000 0.642857
vt 0.733333 0.642857
vt 0.741667 0.642857
vt 0.750000 0.642857
vt 0.758333 0.642857
vt 0.766667 0.642857
vt 0.775000 0.642857
vt 0.783333 0.642857
vt 0.791667 0.642857
vt 0.800000 0.642857
vt 0.808333 0.642857
vt 0.816667 0.642857
vt 0.825000 0.642857
vt 0.833333 0.642857
vt 0.841667 0.642857
vt 0.850000 0.642857
vt 0.858333 0.642857
vt 0.866667 0.642857
vt 0.875000 0.642857
vt 0.883333 0.642857
vt 0.891667 0.642857
vt 0.900000 0.642857
vt 0.908333 0.642857
vt 0.916667 0.642857
vt 0.925000 0.642857
vt 0.933333 0.642857
vt 0.941667 0.642857
vt 0.950000 0.642857
vt 0.958333 0.642857
vt 0.966667 0.642857
vt 0.975000 0.642857
vt 0.983333 0.642857
vt 0.991667 0.642857
vt 1.000000 0.642857
vt 0.000000 0.678571
vt 0.008333 0.678571
vt 0.016667 0.678571
vt 0.025000 0.678571
vt 0.033333 0.678571
vt 0.041667 0.678571
vt 0.050000 0.678571
vt 0.058333 0.678571
vt 0.066667 0.678571
vt 0.075000 0.678571
vt 0.083333 0.678571
vt 0.091667 0.678571
vt 0.100000 0.678571
vt 0.108333 0.678571
vt 0.116667 0.678571
vt 0.125000 0.678571
vt 0.133333 0.678571
vt 0.141667 0.678571
vt 0.150000 0.678571
vt 0.158333 0.678571
vt 0.166667 0.678571
vt 0.175000 0.678571
vt 0.183333 0.678571
vt 0.191667 0.678571
vt 0.200000 0.678571
vt 0.208333 0.678571
vt 0.216667 0.678571
vt 0.225000 0.678571
vt 0.233333 0.678571
vt 0.241667 0.678571
vt 0.250000 0.678571
vt 0.258333 0.678571
vt 0.266667 0.678571
vt 0.275000 0.678571
vt 0.283333 0.678571
vt 0.291667 0.678571
vt 0.300000 0.678571
vt 0.308333 0.678571
vt 0.316667 0.678571
vt 0.325000 0.678571
vt 0.333333 0.678571
vt 0.341667 0.678571
vt 0.350000 0.678571
vt 0.358333 0.678571
vt 0.366667 0.678571
vt 0.375000 0.678571
vt 0.383333 0.678571
vt 0.391667 0.678571
vt 0.400000 0.678571
vt 0.408333 0.678571
vt 0.416667 0.678571
vt 0.425000 0.678571
vt 0.433333 0.678571
vt 0.441667 0.678571
vt 0.450000 0.678571
vt 0.458333 0.678571
vt 0.466667 0.678571
vt 0.475000 0.678571
vt 0.483333 0.678571
vt 0.491667 0.678571
vt 0.500000 0.678571
vt 0.508333 0.678571
vt 0.516667 0.678571
vt 0.525000 0.678571
vt 0.533333 0.678571
vt 0.541667 0.678571
vt 0.550000 0.678571
vt 0.558333 0.678571
vt 0.566667 0.678571
vt 0.575000 0.678571
vt 0.583333 0.678571
vt 0.591667 0.678571
vt 0.600000 0.678571
vt 0.608333 0.678571
vt 0.616667 0.678571
vt 0.625000 0.678571
vt 0.633333 0.678571
vt 0.641667 0.678571
vt 0.650000 0.678571
vt 0.658333 0.678571
vt 0.666667 0.678571
vt 0.675000 0.678571
vt 0.683333 0.678571
vt 0.691667 0.678571
vt 0.700000 0.678571
vt 0.708333 0.678571
vt 0.716667 0.678571
vt 0.725000 0.678571
vt 0.733333 0.678571
vt 0.741667 0.678571
vt 0.750000 0.678571
vt 0.758333 0.678571
vt 0.766667 0.678571
vt 0.775000 0.678571
vt 0.783333 0.678571
vt 0.791667 0.678571
vt 0.800000 0.678571
vt 0.808333 0.678571
vt 0.816667 0.678571
vt 0.825000 0.678571
vt 0.833333 0.678571
vt 0.841667 0.678571
vt 0.850000 0.678571
vt 0.858333 0.678571
vt 0.866667 0.678571
vt 0.875000 0.678571
vt 0.883333 0.678571
vt 0.891667 0.678571
vt 0.900000 0.678571
vt 0.908333 0.678571
vt 0.916667 0.678571
vt 0.925000 0.678571
vt 0.933333 0.678571
vt 0.941667 0.678571
vt 0.950000 0.678571
vt 0.958333 0.678571
vt 0.966667 0.678571
vt 0.975000 0.678571
vt 0.983333 0.678571
vt 0.991667 0.678571
vt 1.000000 0.678571
vt 0.000000 0.714286
vt 0.008333 0.714286
vt 0.016667 0.714286
vt 0.025000 0.714286
vt 0.033333 0.714286
vt 0.041667 0.714286
vt 0.050000 0.714286
vt 0.058333 0.714286
vt 0.066667 0.714286
vt 0.075000 0.714286
vt 0.083333 0.714286
vt 0.091667 0.714286
vt 0.100000 0.714286
vt 0.108333 0.714286
vt 0.116667 0.714286
vt 0.125000 0.714286
vt 0.133333 0.714286
vt 0.141667 0.714286
vt 0.150000 0.714286
vt 0.158333 0.714286
vt 0.166667 0.714286
vt 0.175000 0.714286
vt 0.183333 0.714286
vt 0.191667 0.714286
vt 0.200000 0.714286
vt 0.208333 0.714286
vt 0.216667 0.714286
vt 0.225000 0.714286
vt 0.233333 0.714286
vt 0.241667 0.714286
vt 0.250000 0.714286
vt 0.258333 0.714286
vt 0.266667 0.714286
vt 0.275000 0.714286
vt 0.283333 0.714286
vt 0.291667 0.714286
vt 0.300000 0.714286
vt 0.308333 0.714286
vt 0.316667 0.714286
vt 0.325000 0.714286
vt 0.333333 0.714286
vt 0.341667 0.714286
vt 0.350000 0.714286
vt 0.358333 0.714286
vt 0.366667 0.714286
vt 0.375000 0.714286
vt 0.383333 0.714286
vt 0.391667 0.714286
vt 0.400000 0.714286
vt 0.408333 0.714286
vt 0.416667 0.714286
vt 0.425000 0.714286
vt 0.433333 0.714286
vt 0.441667 0.714286
vt 0.450000 0.714286
vt 0.458333 0.714286
vt 0.466667 0.714286
vt 0.475000 0.714286
vt 0.483333 0.714286
vt 0.491667 0.714286
vt 0.500000 0.714286
vt 0.508333 0.714286
vt 0.516667 0.714286
vt 0.525000 0.714286
vt 0.533333 0.714286
vt 0.541667 0.714286
vt 0.550000 0.714286
vt 0.558333 0.714286
vt 0.566667 0.714286
vt 0.575000 0.714286
vt 0.583333 0.714286
vt 0.591667 0.714286
vt 0.600000 0.714286
vt 0.608333 0.714286
vt 0.616667 0.714286
vt 0.625000 0.714286
vt 0.633333 0.714286
vt 0.641667 0.714286
vt 0.650000 0.714286
vt 0.658333 0.714286
vt 0.666667 0.714286
vt 0.675000 0.714286
vt 0.683333 0.714286
vt 0.691667 0.714286
vt 0.700000 0.714286
vt 0.708333 0.714286
vt 0.716667 0.714286
vt 0.725000 0.714286
vt 0.733333 0.714286
vt 0.741667 0.714286
vt 0.750000 0.714286
vt 0.758333 0.714286
vt 0.766667 0.714286
vt 0.775000 0.714286
vt 0.783333 0.714286
vt 0.791667 0.714286
vt 0.800000 0.714286
vt 0.808333 0.714286
vt 0.816667 0.714286
vt 0.825000 0.714286
vt 0.833333 0.714286
vt 0.841667 0.714286
vt 0.850000 0.714286
vt 0.858333 0.714286
vt 0.866667 0.714286
vt 0.875000 0.714286
vt 0.883333 0.714286
vt 0.891667 0.714286
vt 0.900000 0.714286
vt 0.908333 0.714286
vt 0.916667 0.714286
vt 0.925000 0.714286
vt 0.933333 0.714286
vt 0.941667 0.714286
vt 0.950000 0.714286
vt 0.958333 0.714286
vt 0.966667 0.714286
vt 0.975000 0.714286
vt 0.983333 0.714286
vt 0.991667 0.714286
vt 1.000000 0.714286
vt 0.000000 0.750000
vt 0.008333 0.750000
vt 0.016667 0.750000
vt 0.025000 0.750000
vt 0.033333 0.750000
vt 0.041667 0.750000
vt 0.050000 0.750000
vt 0.058333 0.750000
vt 0.066667 0.750000
vt 0.075000 0.750000
vt 0.083333 0.750000
vt 0.091667 0.750000
vt 0.100000 0.750000
vt 0.108333 0.750000
vt 0.116667 0.750000
vt 0.125000 0.750000
vt 0.133333 0.750000
vt 0.141667 0.750000
vt 0.150000 0.750000
vt 0.158333 0.750000
vt 0.166667 0.750000
vt 0.175000 0.750000
vt 0.183333 0.750000
vt 0.191667 0.750000
vt 0.200000 0.750000
vt 0.208333 0.750000
vt 0.216667 0.750000
vt 0.225000 0.750000
vt 0.233333 0.750000
vt 0.241667 0.750000
vt 0.250000 0.750000
vt 0.258333 0.750000
vt 0.266667 0.750000
vt 0.275000 0.750000
vt 0.283333 0.750000
vt 0.291667 0.750000
vt 0.300000 0.750000
vt 0.308333 0.750000
vt 0.316667 0.750000
vt 0.325000 0.750000
vt 0.333333 0.750000
vt 0.341667 0.750000
vt 0.350000 0.750000
vt 0.358333 0.750000
vt 0.366667 0.750000
vt 0.375000 0.750000
vt 0.383333 0.750000
vt 0.391667 0.750000
vt 0.400000 0.750000
vt 0.408333 0.750000
vt 0.416667 0.750000
vt 0.425000 0.750000
vt 0.433333 0.750000
vt 0.441667 0.750000
vt 0.450000 0.750000
vt 0.458333 0.750000
vt 0.466667 0.750000
vt 0.475000 0.750000
vt 0.483333 0.750000
vt 0.491667 0.750000
vt 0.500000 0.750000
vt 0.508333 0.750000
vt 0.516667 0.750000
vt 0.525000 0.750000
vt 0.533333 0.750000
vt 0.541667 0.750000
vt 0.550000 0.750000
vt 0.558333 0.750000
vt 0.566667 0.750000
vt 0.575000 0.750000
vt 0.583333 0.750000
vt 0.591667 0.750000
vt 0.600000 0.750000
vt 0.608333 0.750000
vt 0.616667 0.750000
vt 0.625000 0.750000
vt 0.633333 0.750000
vt 0.641667 0.750000
vt 0.650000 0.750000
vt 0.658333 0.750000
vt 0.666667 0.750000
vt 0.675000 0.750000
vt 0.683333 0.750000
vt 0.691667 0.750000
vt 0.700000 0.750000
vt 0.708333 0.750000
vt 0.716667 0.750000
vt 0.725000 0.750000
vt 0.733333 0.750000
vt 0.741667 0.750000
vt 0.750000 0.750000
vt 0.758333 0.750000
vt 0.766667 0.750000
vt 0.775000 0.750000
vt 0.783333 0.750000
vt 0.791667 0.750000
vt 0.800000 0.750000
vt 0.808333 0.750000
vt 0.816667 0.750000
vt 0.825000 0.750000
vt 0.833333 0.750000
vt 0.841667 0.750000
vt 0.850000 0.750000
vt 0.858333 0.750000
vt 0.866667 0.750000
vt 0.875000 0.750000
vt 0.883333 0.750000
vt 0.891667 0.750000
vt 0.900000 0.750000
vt 0.908333 0.750000
vt 0.916667 0.750000
vt 0.925000 0.750000
vt 0.933333 0.750000
vt 0.941667 0.750000
vt 0.950000 0.750000
vt 0.958333 0.750000
vt 0.966667 0.750000
vt 0.975000 0.750000
vt 0.983333 0.750000
vt 0.991667 0.750000
vt 1.000000 0.750000
vt 0.000000 0.785714
vt 0.008333 0.785714
vt 0.016667 0.785714
vt 0.025000 0.785714
vt 0.033333 0.785714
vt 0.041667 0.785714
vt 0.050000 0.785714
vt 0.058333 0.785714
vt 0.066667 0.785714
vt 0.075000 0.785714
vt 0.083333 0.785714
vt 0.091667 0.785714
vt 0.100000 0.785714
vt 0.108333 0.785714
vt 0.116667 0.785714
vt 0.125000 0.785714
vt 0.133333 0.785714
vt 0.141667 0.785714
vt 0.150000 0.785714
vt 0.158333 0.785714
vt 0.166667 0.785714
vt 0.175000 0.785714
vt 0.183333 0.785714
vt 0.191667 0.785714
vt 0.200000 0.785714
vt 0.208333 0.785714
vt 0.216667 0.785714
vt 0.225000 0.785714
vt 0.233333 0.785714
vt 0.241667 0.785714
vt 0.250000 0.785714
vt 0.258333 0.785714
vt 0.266667 0.785714
vt 0.275000 0.785714
vt 0.283333 0.785714
vt 0.291667 0.785714
vt 0.300000 0.785714
vt 0.308333 0.785714
vt 0.316667 0.785714
vt 0.325000 0.785714
vt 0.333333 0.785714
vt 0.341667 0.785714
vt 0.350000 0.785714
vt 0.358333 0.785714
vt 0.366667 0.785714
vt 0.375000 0.785714
vt 0.383333 0.785714
vt 0.391667 0.785714
vt 0.400000 0.785714
vt 0.408333 0.785714
vt 0.416667 0.785714
vt 0.425000 0.785714
vt 0.433333 0.785714
vt 0.441667 0.785714
vt 0.450000 0.785714
vt 0.458333 0.785714
vt 0.466667 0.785714
vt 0.475000 0.785714
vt 0.483333 0.785714
vt 0.491667 0.785714
vt 0.500000 0.785714
vt 0.508333 0.785714
vt 0.516667 0.785714
vt 0.525000 0.785714
vt 0.533333 0.785714
vt 0.541667 0.785714
vt 0.550000 0.785714
vt 0.558333 0.785714
vt 0.566667 0.785714
vt 0.575000 0.785714
vt 0.583333 0.785714
vt 0.591667 0.785714
vt 0.600000 0.785714
vt 0.608333 0.785714
vt 0.616667 0.785714
vt 0.625000 0.785714
vt 0.633333 0.785714
vt 0.641667 0.785714
vt 0.650000 0.785714
vt 0.658333 0.785714
vt 0.666667 0.785714
vt 0.675000 0.785714
vt 0.683333 0.785714
vt 0.691667 0.785714
vt 0.700000 0.785714
vt 0.708333 0.785714
vt 0.716667 0.785714
vt 0.725000 0.785714
vt 0.733333 0.785714
vt 0.741667 0.785714
vt 0.750000 0.785714
vt 0.758333 0.785714
vt 0.766667 0.785714
vt 0.775000 0.785714
vt 0.783333 0.785714
vt 0.791667 0.785714
vt 0.800000 0.785714
vt 0.808333 0.785714
vt 0.816667 0.785714
vt 0.825000 0.785714
vt 0.833333 0.785714
vt 0.841667 0.785714
vt 0.850000 0.785714
vt 0.858333 0.785714
vt 0.866667 0.785714
vt 0.875000 0.785714
vt 0.883333 0.785714
vt 0.891667 0.785714
vt 0.900000 0.785714
vt 0.908333 0.785714
vt 0.916667 0.785714
vt 0.925000 0.785714
vt 0.933333 0.785714
vt 0.941667 0.785714
vt 0.950000 0.785714
vt 0.958333 0.785714
vt 0.966667 0.785714
vt 0.975000 0.785714
vt 0.983333 0.785714
vt 0.991667 0.785714
vt 1.000000 0.785714
vt 0.000000 0.821429
vt 0.008333 0.821429
vt 0.016667 0.821429
vt 0.025000 0.821429
vt 0.033333 0.821429
vt 0.041667 0.821429
vt 0.050000 0.821429
vt 0.058333 0.821429
vt 0.066667 0.821429
vt 0.075000 0.821429
vt 0.083333 0.821429
vt 0.091667 0.821429
vt 0.100000 0.821429
vt 0.108333 0.821429
vt 0.116667 0.821429
vt 0.125000 0.821429
vt 0.133333 0.821429
vt 0.141667 0.821429
vt 0.150000 0.821429
vt 0.158333 0.821429
vt 0.166667 0.821429
vt 0.175000 0.821429
vt 0.183333 0.821429
vt 0.191667 0.821429
vt 0.200000 0.821429
vt 0.208333 0.821429
vt 0.216667 0.821429
vt 0.225000 0.821429
vt 0.233333 0.821429
vt 0.241667 0.821429
vt 0.250000 0.821429
vt 0.258333 0.821429
vt 0.266667 0.821429
vt 0.275000 0.821429
vt 0.283333 0.821429
vt 0.291667 0.821429
vt 0.300000 0.821429
vt 0.308333 0.821429
vt 0.316667 0.821429
vt 0.325000 0.821429
vt 0.333333 0.821429
vt 0.341667 0.821429
vt 0.350000 0.821429
vt 0.358333 0.821429
vt 0.366667 0.821429
vt 0.375000 0.821429
vt 0.383333 0.821429
vt 0.391667 0.821429
vt 0.400000 0.821429
vt 0.408333 0.821429
vt 0.416667 0.821429
vt 0.425000 0.821429
vt 0.433333 0.821429
vt 0.441667 0.821429
vt 0.450000 0.821429
vt 0.458333 0.821429
vt 0.466667 0.821429
vt 0.475000 0.821429
vt 0.483333 0.821429
vt 0.491667 0.821429
vt 0.500000 0.821429
vt 0.508333 0.821429
vt 0.516667 0.821429
vt 0.525000 0.821429
vt 0.533333 0.821429
vt 0.541667 0.821429
vt 0.550000 0.821429
vt 0.558333 0.821429
vt 0.566667 0.821429
vt 0.575000 0.821429
vt 0.583333 0.821429
vt 0.591667 0.821429
vt 0.600000 0.821429
vt 0.608333 0.821429
vt 0.616667 0.821429
vt 0.625000 0.821429
vt 0.633333 0.821429
vt 0.641667 0.821429
vt 0.650000 0.821429
vt 0.658333 0.821429
vt 0.666667 0.821429
vt 0.675000 0.821429
vt 0.683333 0.821429
vt 0.691667 0.821429
vt 0.700000 0.821429
vt 0.708333 0.821429
vt 0.716667 0.821429
vt 0.725000 0.821429
vt 0.733333 0.821429
vt 0.741667 0.821429
vt 0.750000 0.821429
vt 0.758333 0.821429
vt 0.766667 0.821429
vt 0.775000 0.821429
vt 0.783333 0.821429
vt 0.791667 0.821429
vt 0.800000 0.821429
vt 0.808333 0.821429
vt 0.816667 0.821429
vt 0.825000 0.821429
vt 0.833333 0.821429
vt 0.841667 0.821429
vt 0.850000 0.821429
vt 0.858333 0.821429
vt 0.866667 0.821429
vt 0.875000 0.821429
vt 0.883333 0.821429
vt 0.891667 0.821429
vt 0.900000 0.821429
vt 0.908333 0.821429
vt 0.916667 0.821429
vt 0.925000 0.821429
vt 0.933333 0.821429
vt 0.941667 0.821429
vt 0.950000 0.821429
vt 0.958333 0.821429
vt 0.966667 0.821429
vt 0.975000 0.821429
vt 0.983333 0.821429
vt 0.991667 0.821429
vt 1.000000 0.821429
vt 0.000000 0.857143
vt 0.008333 0.857143
vt 0.016667 0.857143
vt 0.025000 0.857143
vt 0.033333 0.857143
vt 0.041667 0.857143
vt 0.050000 0.857143
vt 0.058333 0.857143
vt 0.066667 0.857143
vt 0.075000 0.857143
vt 0.083333 0.857143
vt 0.091667 0.857143
vt 0.100000 0.857143
vt 0.108333 0.857143
vt 0.116667 0.857143
vt 0.125000 0.857143
vt 0.133333 0.857143
vt 0.141667 0.857143
vt 0.150000 0.857143
vt 0.158333 0.857143
vt 0.166667 0.857143
vt 0.175000 0.857143
vt 0.183333 0.857143
vt 0.191667 0.857143
vt 0.200000 0.857143
vt 0.208333 0.857143
vt 0.216667 0.857143
vt 0.225000 0.857143
vt 0.233333 0.857143
vt 0.241667 0.857143
vt 0.250000 0.857143
vt 0.258333 0.857143
vt 0.266667 0.857143
vt 0.275000 0.857143
vt 0.283333 0.857143
vt 0.291667 0.857143
vt 0.300000 0.857143
vt 0.308333 0.857143
vt 0.316667 0.857143
vt 0.325000 0.857143
vt 0.333333 0.857143
vt 0.341667 0.857143
vt 0.350000 0.857143
vt 0.358333 0.857143
vt 0.366667 0.857143
vt 0.375000 0.857143
vt 0.383333 0.857143
vt 0.391667 0.857143
vt 0.400000 0.857143
vt 0.408333 0.857143
vt 0.416667 0.857143
vt 0.425000 0.857143
vt 0.433333 0.857143
vt 0.441667 0.857143
vt 0.450000 0.857143
vt 0.458333 0.857143
vt 0.466667 0.857143
vt 0.475000 0.857143
vt 0.483333 0.857143
vt 0.491667 0.857143
vt 0.500000 0.857143
vt 0.508333 0.857143
vt 0.516667 0.857143
vt 0.525000 0.857143
vt 0.533333 0.857143
vt 0.541667 0.857143
vt 0.550000 0.857143
vt 0.558333 0.857143
vt 0.566667 0.857143
vt 0.575000 0.857143
vt 0.583333 0.857143
vt 0.591667 0.857143
vt 0.600000 0.857143
vt 0.608333 0.857143
vt 0.616667 0.857143
vt 0.625000 0.857143
vt 0.633333 0.857143
vt 0.641667 0.857143
vt 0.650000 0.857143
vt 0.658333 0.857143
vt 0.666667 0.857143
vt 0.675000 0.857143
vt 0.683333 0.857143
vt 0.691667 0.857143
vt 0.700000 0.857143
vt 0.708333 0.857143
vt 0.716667 0.857143
vt 0.725000 0.857143
vt 0.733333 0.857143
vt 0.741667 0.857143
vt 0.750000 0.857143
vt 0.758333 0.857143
vt 0.766667 0.857143
vt 0.775000 0.857143
vt 0.783333 0.857143
vt 0.791667 0.857143
vt 0.800000 0.857143
vt 0.808333 0.857143
vt 0.816667 0.857143
vt 0.825000 0.857143
vt 0.833333 0.857143
vt 0.841667 0.857143
vt 0.850000 0.857143
vt 0.858333 0.857143
vt 0.866667 0.857143
vt 0.875000 0.857143
vt 0.883333 0.857143
vt 0.891667 0.857143
vt 0.900000 0.857143
vt 0.908333 0.857143
vt 0.916667 0.857143
vt 0.925000 0.857143
vt 0.933333 0.857143
vt 0.941667 0.857143
vt 0.950000 0.857143
vt 0.958333 0.857143
vt 0.966667 0.857143
vt 0.975000 0.857143
vt 0.983333 0.857143
vt 0.991667 0.857143
vt 1.000000 0.857143
vt 0.000000 0.892857
vt 0.008333 0.892857
vt 0.016667 0.892857
vt 0.025000 0.892857
vt 0.033333 0.892857
vt 0.041667 0.892857
vt 0.050000 0.892857
vt 0.058333 0.892857
vt 0.066667 0.892857
vt 0.075000 0.892857
vt 0.083333 0.892857
vt 0.091667 0.892857
vt 0.100000 0.892857
vt 0.108333 0.892857
vt 0.116667 0.892857
vt 0.125000 0.892857
vt 0.133333 0.892857
vt 0.141667 0.892857
vt 0.150000 0.892857
vt 0.158333 0.892857
vt 0.166667 0.892857
vt 0.175000 0.892857
vt 0.183333 0.892857
vt 0.191667 0.892857
vt 0.200000 0.892857
vt 0.208333 0.892857
vt 0.216667 0.892857
vt 0.225000 0.892857
vt 0.233333 0.892857
vt 0.241667 0.892857
vt 0.250000 0.892857
vt 0.258333 0.892857
vt 0.266667 0.892857
vt 0.275000 0.892857
vt 0.283333 0.892857
vt 0.291667 0.892857
vt 0.300000 0.892857
vt 0.308333 0.892857
vt 0.316667 0.892857
vt 0.325000 0.892857
vt 0.333333 0.892857
vt 0.341667 0.892857
vt 0.350000 0.892857
vt 0.358333 0.892857
vt 0.366667 0.892857
vt 0.375000 0.892857
vt 0.383333 0.892857
vt 0.391667 0.892857
vt 0.400000 0.892857
vt 0.408333 0.892857
vt 0.416667 0.892857
vt 0.425000 0.892857
vt 0.433333 0.892857
vt 0.441667 0.892857
vt 0.450000 0.892857
vt 0.458333 0.892857
vt 0.466667 0.892857
vt 0.475000 0.892857
vt 0.483333 0.892857
vt 0.491667 0.892857
vt 0.500000 0.892857
vt 0.508333 0.892857
vt 0.516667 0.892857
vt 0.525000 0.892857
vt 0.533333 0.892857
vt 0.541667 0.892857
vt 0.550000 0.892857
vt 0.558333 0.892857
vt 0.566667 0.892857
vt 0.575000 0.892857
vt 0.583333 0.892857
vt 0.591667 0.892857
vt 0.600000 0.892857
vt 0.608333 0.892857
vt 0.616667 0.892857
vt 0.625000 0.892857
vt 0.633333 0.892857
vt 0.641667 0.892857
vt 0.650000 0.892857
vt 0.658333 0.892857
vt 0.666667 0.892857
vt 0.675000 0.892857
vt 0.683333 0.892857
vt 0.691667 0.892857
vt 0.700000 0.892857
vt 0.708333 0.892857
vt 0.716667 0.892857
vt 0.725000 0.892857
vt 0.733333 0.892857
vt 0.741667 0.892857
vt 0.750000 0.892857
vt 0.758333 0.892857
vt 0.766667 0.892857
vt 0.775000 0.892857
vt 0.783333 0.892857
vt 0.791667 0.892857
vt 0.800000 0.892857
vt 0.808333 0.892857
vt 0.816667 0.892857
vt 0.825000 0.892857
vt 0.833333 0.892857
vt 0.841667 0.892857
vt 0.850000 0.892857
vt 0.858333 0.892857
vt 0.866667 0.892857
vt 0.875000 0.892857
vt 0.883333 0.892857
vt 0.891667 0.892857
vt 0.900000 0.892857
vt 0.908333 0.892857
vt 0.916667 0.892857
vt 0.925000 0.892857
vt 0.933333 0.892857
vt 0.941667 0.892857
vt 0.950000 0.892857
vt 0.958333 0.892857
vt 0.966667 0.892857
vt 0.975000 0.892857
vt 0.983333 0.892857
vt 0.991667 0.892857
vt 1.000000 0.892857
vt 0.000000 0.928571
vt 0.008333 0.928571
vt 0.016667 0.928571
vt 0.025000 0.928571
vt 0.033333 0.928571
vt 0.041667 0.928571
vt 0.050000 0.928571
vt 0.058333 0.928571
vt 0.066667 0.928571
vt 0.075000 0.928571
vt 0.083333 0.928571
vt 0.091667 0.928571
vt 0.100000 0.928571
vt 0.108333 0.928571
vt 0.116667 0.928571
vt 0.125000 0.928571
vt 0.133333 0.928571
vt 0.141667 0.928571
vt 0.150000 0.928571
vt 0.158333 0.928571
vt 0.166667 0.928571
vt 0.175000 0.928571
vt 0.183333 0.928571
vt 0.191667 0.928571
vt 0.200000 0.928571
vt 0.208333 0.928571
vt 0.216667 0.928571
vt 0.225000 0.928571
vt 0.233333 0.928571
vt 0.241667 0.928571
vt 0.250000 0.928571
vt 0.258333 0.928571
vt 0.266667 0.928571
vt 0.275000 0.928571
vt 0.283333 0.928571
vt 0.291667 0.928571
vt 0.300000 0.928571
vt 0.308333 0.928571
vt 0.316667 0.928571
vt 0.325000 0.928571
vt 0.333333 0.928571
vt 0.341667 0.928571
vt 0.350000 0.928571
vt 0.358333 0.928571
vt 0.366667 0.928571
vt 0.375000 0.928571
vt 0.383333 0.928571
vt 0.391667 0.928571
vt 0.400000 0.928571
vt 0.408333 0.928571
vt 0.416667 0.928571
vt 0.425000 0.928571
vt 0.433333 0.928571
vt 0.441667 0.928571
vt 0.450000 0.928571
vt 0.458333 0.928571
vt 0.466667 0.928571
vt 0.475000 0.928571
vt 0.483333 0.928571
vt 0.491667 0.928571
vt 0.500000 0.928571
vt 0.508333 0.928571
vt 0.516667 0.928571
vt 0.525000 0.928571
vt 0.533333 0.928571
vt 0.541667 0.928571
vt 0.550000 0.928571
vt 0.558333 0.928571
vt 0.566667 0.928571
vt 0.575000 0.928571
vt 0.583333 0.928571
vt 0.591667 0.928571
vt 0.600000 0.928571
vt 0.608333 0.928571
vt 0.616667 0.928571
vt 0.625000 0.928571
vt 0.633333 0.928571
vt 0.641667 0.928571
vt 0.650000 0.928571
vt 0.658333 0.928571
vt 0.666667 0.928571
vt 0.675000 0.928571
vt 0.683333 0.928571
vt 0.691667 0.928571
vt 0.700000 0.928571
vt 0.708333 0.928571
vt 0.716667 0.928571
vt 0.725000 0.928571
vt 0.733333 0.928571
vt 0.741667 0.928571
vt 0.750000 0.928571
vt 0.758333 0.928571
vt 0.766667 0.928571
vt 0.775000 0.928571
vt 0.783333 0.928571
vt 0.791667 0.928571
vt 0.800000 0.928571
vt 0.808333 0.928571
vt 0.816667 0.928571
vt 0.825000 0.928571
vt 0.833333 0.928571
vt 0.841667 0.928571
vt 0.850000 0.928571
vt 0.858333 0.928571
vt 0.866667 0.928571
vt 0.875000 0.928571
vt 0.883333 0.928571
vt 0.891667 0.928571
vt 0.900000 0.928571
vt 0.908333 0.928571
vt 0.916667 0.928571
vt 0.925000 0.928571
vt 0.933333 0.928571
vt 0.941667 0.928571
vt 0.950000 0.928571
vt 0.958333 0.928571
vt 0.966667 0.928571
vt 0.975000 0.928571
vt 0.983333 0.928571
vt 0.991667 0.928571
vt 1.000000 0.928571
vt 0.000000 0.964286
vt 0.008333 0.964286
vt 0.016667 0.964286
vt 0.025000 0.964286
vt 0.033333 0.964286
vt 0.041667 0.964286
vt 0.050000 0.964286
vt 0.058333 0.964286
vt 0.066667 0.964286
vt 0.075000 0.964286
vt 0.083333 0.964286
vt 0.091667 0.964286
vt 0.100000 0.964286
vt 0.108333 0.964286
vt 0.116667 0.964286
vt 0.125000 0.964286
vt 0.133333 0.964286
vt 0.141667 0.964286
vt 0.150000 0.964286
vt 0.158333 0.964286
vt 0.166667 0.964286
vt 0.175000 0.964286
vt 0.183333 0.964286
vt 0.191667 0.964286
vt 0.200000 0.964286
vt 0.208333 0.964286
vt 0.216667 0.964286
vt 0.225000 0.964286
vt 0.233333 0.964286
vt 0.241667 0.964286
vt 0.250000 0.964286
vt 0.258333 0.964286
vt 0.266667 0.964286
vt 0.275000 0.964286
vt 0.283333 0.964286
vt 0.291667 0.964286
vt 0.300000 0.964286
vt 0.308333 0.964286
vt 0.316667 0.964286
vt 0.325000 0.964286
vt 0.333333 0.964286
vt 0.341667 0.964286
vt 0.350000 0.964286
vt 0.358333 0.964286
vt 0.366667 0.964286
vt 0.375000 0.964286
vt 0.383333 0.964286
vt 0.391667 0.964286
vt 0.400000 0.964286
vt 0.408333 0.964286
vt 0.416667 0.964286
vt 0.425000 0.964286
vt 0.433333 0.964286
vt 0.441667 0.964286
vt 0.450000 0.964286
vt 0.458333 0.964286
vt 0.466667 0.964286
vt 0.475000 0.964286
vt 0.483333 0.964286
vt 0.491667 0.964286
vt 0.500000 0.964286
vt 0.508333 0.964286
vt 0.516667 0.964286
vt 0.525000 0.964286
vt 0.533333 0.964286
vt 0.541667 0.964286
vt 0.550000 0.964286
vt 0.558333 0.964286
vt 0.566667 0.964286
vt 0.575000 0.964286
vt 0.583333 0.964286
vt 0.591667 0.964286
vt 0.600000 0.964286
vt 0.608333 0.964286
vt 0.616667 0.964286
vt 0.625000 0.964286
vt 0.633333 0.964286
vt 0.641667 0.964286
vt 0.650000 0.964286
vt 0.658333 0.964286
vt 0.666667 0.964286
vt 0.675000 0.964286
vt 0.683333 0.964286
vt 0.691667 0.964286
vt 0.700000 0.964286
vt 0.708333 0.964286
vt 0.716667 0.964286
vt 0.725000 0.964286
vt 0.733333 0.964286
vt 0.741667 0.964286
vt 0.750000 0.964286
vt 0.758333 0.964286
vt 0.766667 0.964286
vt 0.775000 0.964286
vt 0.783333 0.964286
vt 0.791667 0.964286
vt 0.800000 0.964286
vt 0.808333 0.964286
vt 0.816667 0.964286
vt 0.825000 0.964286
vt 0.833333 0.964286
vt 0.841667 0.964286
vt 0.850000 0.964286
vt 0.858333 0.964286
vt 0.866667 0.964286
vt 0.875000 0.964286
vt 0.883333 0.964286
vt 0.891667 0.964286
vt 0.900000 0.964286
vt 0.908333 0.964286
vt 0.916667 0.964286
vt 0.925000 0.964286
vt 0.933333 0.964286
vt 0.941667 0.964286
vt 0.950000 0.964286
vt 0.958333 0.964286
vt 0.966667 0.964286
vt 0.975000 0.964286
vt 0.983333 0.964286
vt 0.991667 0.964286
vt 1.000000 0.964286
vt 0.000000 1.000000
vt 0.008333 1.000000
vt 0.016667 1.000000
vt 0.025000 1.000000
vt 0.033333 1.000000
vt 0.041667 1.000000
vt 0.050000 1.000000
vt 0.058333 1.000000
vt 0.066667 1.000000
vt 0.075000 1.000000
vt 0.083333 1.000000
vt 0.091667 1.000000
vt 0.100000 1.000000
vt 0.108333 1.000000
vt 0.116667 1.000000
vt 0.125000 1.000000
vt 0.133333 1.000000
vt 0.141667 1.000000
vt 0.150000 1.000000
vt 0.158333 1.000000
vt 0.166667 1.000000
vt 0.175000 1.000000
vt 0.183333 1.000000
vt 0.191667 1.000000
vt 0.200000 1.000000
vt 0.208333 1.000000
vt 0.216667 1.000000
vt 0.225000 1.000000
vt 0.233333 1.000000
vt 0.241667 1.000000
vt 0.250000 1.000000
vt 0.258333 1.000000
vt 0.266667 1.000000
vt 0.275000 1.000000
vt 0.283333 1.000000
vt 0.291667 1.000000
vt 0.300000 1.000000
vt 0.308333 1.000000
vt 0.316667 1.000000
vt 0.325000 1.000000
vt 0.333333 1.000000
vt 0.341667 1.000000
vt 0.350000 1.000000
vt 0.358333 1.000000
vt 0.366667 1.000000
vt 0.375000 1.000000
vt 0.383333 1.000000
vt 0.391667 1.000000
vt 0.400000 1.000000
vt 0.408333 1.000000
vt 0.416667 1.000000
vt 0.425000 1.000000
vt 0.433333 1.000000
vt 0.441667 1.000000
vt 0.450000 1.000000
vt 0.458333 1.000000
vt 0.466667 1.000000
vt 0.475000 1.000000
vt 0.483333 1.000000
vt 0.491667 1.000000
vt 0.500000 1.000000
vt 0.508333 1.000000
vt 0.516667 1.000000
vt 0.525000 1.000000
vt 0.533333 1.000000
vt 0.541667 1.000000
vt 0.550000 1.000000
vt 0.558333 1.000000
vt 0.566667 1.000000
vt 0.575000 1.000000
vt 0.583333 1.000000
vt 0.591667 1.000000
vt 0.600000 1.000000
vt 0.608333 1.000000
vt 0.616667 1.000000
vt 0.625000 1.000000
vt 0.633333 1.000000
vt 0.641667 1.000000
vt 0.650000 1.000000
vt 0.658333 1.000000
vt 0.666667 1.000000
vt 0.675000 1.000000
vt 0.683333 1.000000
vt 0.691667 1.000000
vt 0.700000 1.000000
vt 0.708333 1.000000
vt 0.716667 1.000000
vt 0.725000 1.000000
vt 0.733333 1.000000
vt 0.741667 1.000000
vt 0.750000 1.000000
vt 0.758333 1.000000
vt 0.766667 1.000000
vt 0.775000 1.000000
vt 0.783333 1.000000
vt 0.791667 1.000000
vt 0.800000 1.000000
vt 0.808333 1.000000
vt 0.816667 1.000000
vt 0.825000 1.000000
vt 0.833333 1.000000
vt 0.841667 1.000000
vt 0.850000 1.000000
vt 0.858333 1.000000
vt 0.866667 1.000000
vt 0.875000 1.000000
vt 0.883333 1.000000
vt 0.891667 1.000000
vt 0.900000 1.000000
vt 0.908333 1.000000
vt 0.916667 1.000000
vt 0.925000 1.000000
vt 0.933333 1.000000
vt 0.941667 1.000000
vt 0.950000 1.000000
vt 0.958333 1.000000
vt 0.966667 1.000000
vt 0.975000 1.000000
vt 0.983333 1.000000
vt 0.991667 1.000000
vt 1.000000 1.000000
vn 0.000000 1.000000 0.000000
usemtl generated
f 1/1/1 122/122/1 2/2/1
f 2/2/1 122/122/1 123/123/1
f 2/2/1 123/123/1 3/3/1
f 3/3/1 123/123/1 124/124/1
f 3/3/1 124/124/1 4/4/1
f 4/4/1 124/124/1 125/125/1
f 4/4/1 125/125/1 5/5/1
f 5/5/1 125/125/1 126/126/1
f 5/5/1 126/126/1 6/6/1
f 6/6/1 126/126/1 127/127/1
f 6/6/1 127/127/1 7/7/1
f 7/7/1 127/127/1 128/128/1
f 7/7/1 128/128/1 8/8/1
f 8/8/1 128/128/1 129/129/1
f 8/8/1 129/129/1 9/9/1
f 9/9/1 129/129/1 130/130/1
f 9/9/1 130/130/1 10/10/1
f 10/10/1 130/130/1 131/131/1
f 10/10/1 131/131/1 11/11/1
f 11/11/1 131/131/1 132/132/1
f 11/11/1 132/132/1 12/12/1
f 12/12/1 132/132/1 133/133/1
f 12/12/1 133/133/1 13/13/1
f 13/13/1 133/133/1 134/134/1
f 13/13/1 134/134/1 14/14/1
f 14/14/1 134/134/1 135/135/1
f 14/14/1 135/135/1 15/15/1
f 15/15/1 135/135/1 136/136/1
f 15/15/1 136/136/1 16/16/1
f 16/16/1 136/136/1 137/137/1
f 16/16/1 137/137/1 17/17/1
f 17/17/1 137/137/1 138/138/1
f 17/17/1 138/138/1 18/18/1
f 18/18/1 138/138/1 139/139/1
f 18/18/1 139/139/1 19/19/1
f 19/19/1 139/139/1 140/140/1
f 19/19/1 140/140/1 20/20/1
f 20/20/1 140/140/1 141/141/1
f 20/20/1 141/141/1 21/21/1
f 21/21/1 141/141/1 142/142/1
f 21/21/1 142/142/1 22/22/1
f 22/22/1 142/142/1 143/143/1
f 22/22/1 143/143/1 23/23/1
f 23/23/1 143/143/1 144/144/1
f 23/23/1 144/144/1 24/24/1
f 24/24/1 144/144/1 145/145/1
f 24/24/1 145/145/1 25/25/1
f 25/25/1 145/145/1 146/146/1
f 25/25/1 146/146/1 26/26/1
f 26/26/1 146/146/1 147/147/1
f 26/26/1 147/147/1 27/27/1
f 27/27/1 147/147/1 148/148/1
f 27/27/1 148/148/1 28/28/1
f 28/28/1 148/148/1 149/149/1
f 28/28/1 149/149/1 29/29/1
f 29/29/1 149/149/1 150/150/1
f 29/29/1 150/150/1 30/30/1
f 30/30/1 150/150/1 151/151/1
f 30/30/1 151/151/1 31/31/1
f 31/31/1 151/151/1 152/152/1
f 31/31/1 152/152/1 32/32/1
f 32/32/1 152/152/1 153/153/1
f 32/32/1 153/153/1 33/33/1
f 33/33/1 153/153/1 154/154/1
f 33/33/1 154/154/1 34/34/1
f 34/34/1 154/154/1 155/155/1
f 34/34/1 155/155/1 35/35/1
f 35/35/1 155/155/1 156/156/1
f 35/35/1 156/156/1 36/36/1
f 36/36/1 156/156/1 157/157/1
f 36/36/1 157/157/1 37/37/1
f 37/37/1 157/157/1 158/158/1
f 37/37/1 158/158/1 38/38/1
f 38/38/1 158/158/1 159/159/1
f 38/38/1 159/159/1 39/39/1
f 39/39/1 159/159/1 160/160/1
f 39/39/1 160/160/1 40/40/1
f 40/40/1 160/160/1 161/161/1
f 40/40/1 161/161/1 41/41/1
f 41/41/1 161/161/1 162/162/1
f 41/41/1 162/162/1 42/42/1
f 42/42/1 162/162/1 163/163/1
f 42/42/1 163/163/1 43/43/1
f 43/43/1 163/163/1 164/164/1
f 43/43/1 164/164/1 44/44/1
f 44/44/1 164/164/1 165/165/1
f 44/44/1 165/165/1 45/45/1
f 45/45/1 165/165/1 166/166/1
f 45/45/1 166/166/1 46/46/1
f 46/46/1 166/166/1 167/167/1
f 46/46/1 167/167/1 47/47/1
f 47/47/1 167/167/1 168/168/1
f 47/47/1 168/168/1 48/48/1
f 48/48/1 168/168/1 169/169/1
f 48/48/1 169/169/1 49/49/1
f 49/49/1 169/169/1 170/170/1
f 49/49/1 170/170/1 50/50/1
f 50/50/1 170/170/1 171/171/1
f 50/50/1 171/171/1 51/51/1
f 51/51/1 171/171/1 172/172/1
f 51/51/1 172/172/1 52/52/1
f 52/52/1 172/172/1 173/173/1
f 52/52/1 173/173/1 53/53/1
f 53/53/1 173/173/1 174/174/1
f 53/53/1 174/174/1 54/54/1
f 54/54/1 174/174/1 175/175/1
f 54/54/1 175/175/1 55/55/1
f 55/55/1 175/175/1 176/176/1
f 55/55/1 176/176/1 56/56/1
f 56/56/1 176/176/1 177/177/1
f 56/56/1 177/177/1 57/57/1
f 57/57/1 177/177/1 178/178/1
f 57/57/1 178/178/1 58/58/1
f 58/58/1 178/178/1 179/179/1
f 58/58/1 179/179/1 59/59/1
f 59/59/1 179/179/1 180/180/1
f 59/59/1 180/180/1 60/60/1
f 60/60/1 180/180/1 181/181/1
f 60/60/1 181/181/1 61/61/1
f 61/61/1 181/181/1 182/182/1
f 61/61/1 182/182/1 62/62/1
f 62/62/1 182/182/1 183/183/1
f 62/62/1 183/183/1 63/63/1
f 63/63/1 183/183/1 184/184/1
f 63/63/1 184/184/1 64/64/1
f 64/64/1 184/184/1 185/185/1
f 64/64/1 185/185/1 65/65/1
f 65/65/1 185/185/1 186/186/1
f 65/65/1 186/186/1 66/66/1
f 66/66/1 186/186/1 187/187/1
f 66/66/1 187/187/1 67/67/1
f 67/67/1 187/187/1 188/188/1
f 67/67/1 188/188/1 68/68/1
f 68/68/1 188/188/1 189/189/1
f 68/68/1 189/189/1 69/69/1
f 69/69/1 189/189/1 190/190/1
f 69/69/1 190/190/1 70/70/1
f 70/70/1 190/190/1 191/191/1
f 70/70/1 191/191/1 71/71/1
f 71/71/1 191/191/1 192/192/1
f 71/71/1 192/192/1 72/72/1
f 72/72/1 192/192/1 193/193/1
f 72/72/1 193/193/1 73/73/1
f 73/73/1 193/193/1 194/194/1
f 73/73/1 194/194/1 74/74/1
f 74/74/1 194/194/1 195/195/1
f 74/74/1 195/195/1 75/75/1
f 75/75/1 195/195/1 196/196/1
f 75/75/1 196/196/1 76/76/1
f 76/76/1 196/196/1 197/197/1
f 76/76/1 197/197/1 77/77/1
f 77/77/1 197/197/1 198/198/1
f 77/77/1 198/198/1 78/78/1
f 78/78/1 198/198/1 199/199/1
f 78/78/1 199/199/1 79/79/1
f 79/79/1 199/199/1 200/200/1
f 79/79/1 200/200/1 80/80/1
f 80/80/1 200/200/1 201/201/1
f 80/80/1 201/201/1 81/81/1
f 81/81/1 201/201/1 202/202/1
f 81/81/1 202/202/1 82/82/1
f 82/82/1 202/202/1 203/203/1
f 82/82/1 203/203/1 83/83/1
f 83/83/1 203/203/1 204/204/1
f 83/83/1 204/204/1 84/84/1
f 84/84/1 204/204/1 205/205/1
f 84/84/1 205/205/1 85/85/1
f 85/85/1 205/205/1 206/206/1
f 85/85/1 206/206/1 86/86/1
f 86/86/1 206/206/1 207/207/1
f 86/86/1 207/207/1 87/87/1
f 87/87/1 207/207/1 208/208/1
f 87/87/1 208/208/1 88/88/1
f 88/88/1 208/208/1 209/209/1
f 88/88/1 209/209/1 89/89/1
f 89/89/1 209/209/1 210/210/1
f 89/89/1 210/210/1 90/90/1
f 90/90/1 210/210/1 211/211/1
f 90/90/1 211/211/1 91/91/1
f 91/91/1 211/211/1 212/212/1
f 91/91/1 212/212/1 92/92/1
f 92/92/1 212/212/1 213/213/1
f 92/92/1 213/213/1 93/93/1
f 93/93/1 213/213/1 214/214/1
f 93/93/1 214/214/1 94/94/1
f 94/94/1 214/214/1 215/215/1
f 94/94/1 215/215/1 95/95/1
f 95/95/1 215/215/1 216/216/1
f 95/95/1 216/216/1 96/96/1
f 96/96/1 216/216/1 217/217/1
f 96/96/1 217/217/1 97/97/1
f 97/97/1 217/217/1 218/218/1
f 97/97/1 218/218/1 98/98/1
f 98/98/1 218/218/1 219/219/1
f 98/98/1 219/219/1 99/99/1
f 99/99/1 219/219/1 220/220/1
f 99/99/1 220/220/1 100/100/1
f 100/100/1 220/220/1 221/221/1
f 100/100/1 221/221/1 101/101/1
f 101/101/1 221/221/1 222/222/1
f 101/101/1 222/222/1 102/102/1
f 102/102/1 222/222/1 223/223/1
f 102/102/1 223/223/1 103/103/1
f 103/103/1 223/223/1 224/224/1
f 103/103/1 224/224/1 104/104/1
f 104/104/1 224/224/1 225/225/1
f 104/104/1 225/225/1 105/105/1
f 105/105/1 225/225/1 226/226/1
f 105/105/1 226/226/1 106/106/1
f 106/106/1 226/226/1 227/227/1
f 106/106/1 227/227/1 107/107/1
f 107/107/1 227/227/1 228/228/1
f 107/107/1 228/228/1 108/108/1
f 108/108/1 228/228/1 229/229/1
f 108/108/1 229/229/1 109/109/1
f 109/109/1 229/229/1 230/230/1
f 109/109/1 230/230/1 110/110/1
f 110/110/1 230/230/1 231/231/1
f 110/110/1 231/231/1 111/111/1
f 111/111/1 231/231/1 232/232/1
f 111/111/1 232/232/1 112/112/1
f 112/112/1 232/232/1 233/233/1
f 112/112/1 233/233/1 113/113/1
f 113/113/1 233/233/1 234/234/1
f 113/113/1 234/234/1 114/114/1
f 114/114/1 234/234/1 235/235/1
f 114/114/1 235/235/1 115/115/1
f 115/115/1 235/235/1 236/236/1
f 115/115/1 236/236/1 116/116/1
f 116/116/1 236/236/1 237/237/1
f 116/116/1 237/237/1 117/117/1
f 117/117/1 237/237/1 238/238/1
f 117/117/1 238/238/1 118/118/1
f 118/118/1 238/238/1 239/239/1
f 118/118/1 239/239/1 119/119/1
f 119/119/1 239/239/1 240/240/1
f 119/119/1 240/240/1 120/120/1
f 120/120/1 240/240/1 241/241/1
f 120/120/1 241/241/1 121/121/1
f 121/121/1 241/241/1 242/242/1
f 122/122/1 243/243/1 123/123/1
f 123/123/1 243/243/1 244/244/1
f 123/123/1 244/244/1 124/124/1
f 124/124/1 244/244/1 245/245/1
f 124/124/1 245/245/1 125/125/1
f 125/125/1 245/245/1 246/246/1
f 125/125/1 246/246/1 126/126/1
f 126/126/1 246/246/1 247/247/1
f 126/126/1 247/247/1 127/127/1
f 127/127/1 247/247/1 248/248/1
f 127/127/1 248/248/1 128/128/1
f 128/128/1 248/248/1 249/249/1
f 128/128/1 249/249/1 129/129/1
f 129/129/1 249/249/1 250/250/1
f 129/129/1 250/250/1 130/130/1
f 130/130/1 250/250/1 251/251/1
f 130/130/1 251/251/1 131/131/1
f 131/131/1 251/251/1 252/252/1
f 131/131/1 252/252/1 132/132/1
f 132/132/1 252/252/1 253/253/1
f 132/132/1 253/253/1 133/133/1
f 133/133/1 253/253/1 254/254/1
f 133/133/1 254/254/1 134/134/1
f 134/134/1 254/254/1 255/255/1
f 134/134/1 255/255/1 135/135/1
f 135/135/1 255/255/1 256/256/1
f 135/135/1 256/256/1 136/136/1
f 136/136/1 256/256/1 257/257/1
f 136/136/1 257/257/1 137/137/1
f 137/137/1 257/257/1 258/258/1
f 137/137/1 258/258/1 138/138/1
f 138/138/1 258/258/1 259/259/1
f 138/138/1 259/259/1 139/139/1
f 139/139/1 259/259/1 260/260/1
f 139/139/1 260/260/1 140/140/1
f 140/140/1 260/260/1 261/261/1
f 140/140/1 261/261/1 141/141/1
f 141/141/1 261/261/1 262/262/1
f 141/141/1 262/262/1 142/142/1
f 142/142/1 262/262/1 263/263/1
f 142/142/1 263/263/1 143/143/1
f 143/143/1 263/263/1 264/264/1
f 143/143/1 264/264/1 144/144/1
f 144/144/1 264/264/1 265/265/1
f 144/144/1 265/265/1 145/145/1
f 145/145/1 265/265/1 266/266/1
f 145/145/1 266/266/1 146/146/1
f 146/146/1 266/266/1 267/267/1
f 146/146/1 267/267/1 147/147/1
f 147/147/1 267/267/1 268/268/1
f 147/147/1 268/268/1 148/148/1
f 148/148/1 268/268/1 269/269/1
f 148/148/1 269/269/1 149/149/1
f 149/149/1 269/269/1 270/270/1
f 149/149/1 270/270/1 150/150/1
f 150/150/1 270/270/1 271/271/1
f 150/150/1 271/271/1 151/151/1
f 151/151/1 271/271/1 272/272/1
f 151/151/1 272/272/1 152/152/1
f 152/152/1 272/272/1 273/273/1
f 152/152/1 273/273/1 153/153/1
f 153/153/1 273/273/1 274/274/1
f 153/153/1 274/274/1 154/154/1
f 154/154/1 274/274/1 275/275/1
f 154/154/1 275/275/1 155/155/1
f 155/155/1 275/275/1 276/276/1
f 155/155/1 276/276/1 156/156/1
f 156/156/1 276/276/1 277/277/1
f 156/156/1 277/277/1 157/157/1
f 157/157/1 277/277/1 278/278/1
f 157/157/1 278/278/1 158/158/1
f 158/158/1 278/278/1 279/279/1
f 158/158/1 279/279/1 159/159/1
f 159/159/1 279/279/1 280/280/1
f 159/159/1 280/280/1 160/160/1
f 160/160/1 280/280/1 281/281/1
f 160/160/1 281/281/1 161/161/1
f 161/161/1 281/281/1 282/282/1
f 161/161/1 282/282/1 162/162/1
f 162/162/1 282/282/1 283/283/1
f 162/162/1 283/283/1 163/163/1
f 163/163/1 283/283/1 284/284/1
f 163/163/1 284/284/1 164/164/1
f 164/164/1 284/284/1 285/285/1
f 164/164/1 285/285/1 165/165/1
f 165/165/1 285/285/1 286/286/1
f 165/165/1 286/286/1 166/166/1
f 166/166/1 286/286/1 287/287/1
f 166/166/1 287/287/1 167/167/1
f 167/167/1 287/287/1 288/288/1
f 167/167/1 288/288/1 168/168/1
f 168/168/1 288/288/1 289/289/1
f 168/168/1 289/289/1 169/169/1
f 169/169/1 289/289/1 290/290/1
f 169/169/1 290/290/1 170/170/1
f 170/170/1 290/290/1 291/291/1
f 170/170/1 291/291/1 171/171/1
f 171/171/1 291/291/1 292/292/1
f 171/171/1 292/292/1 172/172/1
f 172/172/1 292/292/1 293/293/1
f 172/172/1 293/293/1 173/173/1
f 173/173/1 293/293/1 294/294/1
f 173/173/1 294/294/1 174/174/1
f 174/174/1 294/294/1 295/295/1
f 174/174/1 295/295/1 175/175/1
f 175/175/1 295/295/1 296/296/1
f 175/175/1 296/296/1 176/176/1
f 176/176/1 296/296/1 297/297/1
f 176/176/1 297/297/1 177/177/1
f 177/177/1 297/297/1 298/298/1
f 177/177/1 298/298/1 178/178/1
f 178/178/1 298/298/1 299/299/1
f 178/178/1 299/299/1 179/179/1
f 179/179/1 299/299/1 300/300/1
f 179/179/1 300/300/1 180/180/1
f 180/180/1 300/300/1 301/301/1
f 180/180/1 301/301/1 181/181/1
f 181/181/1 301/301/1 302/302/1
f 181/181/1 302/302/1 182/182/1
f 182/182/1 302/302/1 303/303/1
f 182/182/1 303/303/1 183/183/1
f 183/183/1 303/303/1 304/304/1
f 183/183/1 304/304/1 184/184/1
f 184/184/1 304/304/1 305/305/1
f 184/184/1 305/305/1 185/185/1
f 185/185/1 305/305/1 306/306/1
f 185/185/1 306/306/1 186/186/1
f 186/186/1 306/306/1 307/307/1
f 186/186/1 307/307/1 187/187/1
f 187/187/1 307/307/1 308/308/1
f 187/187/1 308/308/1 188/188/1
f 188/188/1 308/308/1 309/309/1
f 188/188/1 309/309/1 189/189/1
f 189/189/1 309/309/1 310/310/1
f 189/189/1 310/310/1 190/190/1
f 190/190/1 310/310/1 311/311/1
f 190/190/1 311/311/1 191/191/1
f 191/191/1 311/311/1 312/312/1
f 191/191/1 312/312/1 192/192/1
f 192/192/1 312/312/1 313/313/1
f 192/192/1 313/313/1 193/193/1
f 193/193/1 313/313/1 314/314/1
f 193/193/1 314/314/1 194/194/1
f 194/194/1 314/314/1 315/315/1
f 194/194/1 315/315/1 195/195/1
f 195/195/1 315/315/1 316/316/1
f 195/195/1 316/316/1 196/196/1
f 196/196/1 316/316/1 317/317/1
f 196/196/1 317/317/1 197/197/1
f 197/197/1 317/317/1 318/318/1
f 197/197/1 318/318/1 198/198/1
f 198/198/1 318/318/1 319/319/1
f 198/198/1 319/319/1 199/199/1
f 199/199/1 319/319/1 320/320/1
f 199/199/1 320/320/1 200/200/1
f 200/200/1 320/320/1 321/321/1
f 200/200/1 321/321/1 201/201/1
f 201/201/1 321/321/1 322/322/1
f 201/201/1 322/322/1 202/202/1
f 202/202/1 322/322/1 323/323/1
f 202/202/1 323/323/1 203/203/1
f 203/203/1 323/323/1 324/324/1
f 203/203/1 324/324/1 204/204/1
f 204/204/1 324/324/1 325/325/1
f 204/204/1 325/325/1 205/205/1
f 205/205/1 325/325/1 326/326/1
f 205/205/1 326/326/1 206/206/1
f 206/206/1 326/326/1 327/327/1
f 206/206/1 327/327/1 207/207/1
f 207/207/1 327/327/1 328/328/1
f 207/207/1 328/328/1 208/208/1
f 208/208/1 328/328/1 329/329/1
f 208/208/1 329/329/1 209/209/1
f 209/209/1 329/329/1 330/330/1
f 209/209/1 330/330/1 210/210/1
f 210/210/1 330/330/1 331/331/1
f 210/210/1 331/331/1 211/211/1
f 211/211/1 331/331/1 332/332/1
f 211/211/1 332/332/1 212/212/1
f 212/212/1 332/332/1 333/333/1
f 212/212/1 333/333/1 213/213/1
f 213/213/1 333/333/1 334/334/1
f 213/213/1 334/334/1 214/214/1
f 214/214/1 334/334/1 335/335/1
f 214/214/1 335/335/1 215/215/1
f 215/215/1 335/335/1 336/336/1
f 215/215/1 336/336/1 216/216/1
f 216/216/1 336/336/1 337/337/1
f 216/216/1 337/337/1 217/217/1
f 217/217/1 337/337/1 338/338/1
f 217/217/1 338/338/1 218/218/1
f 218/218/1 338/338/1 339/339/1
f 218/218/1 339/339/1 219/219/1
f 219/219/1 339/339/1 340/340/1
f 219/219/1 340/340/1 220/220/1
f 220/220/1 340/340/1 341/341/1
f 220/220/1 341/341/1 221/221/1
f 221/221/1 341/341/1 342/342/1
f 221/221/1 342/342/1 222/222/1
f 222/222/1 342/342/1 343/343/1
f 222/222/1 343/343/1 223/223/1
f 223/223/1 343/343/1 344/344/1
f 223/223/1 344/344/1 224/224/1
f 224/224/1 344/344/1 345/345/1
f 224/224/1 345/345/1 225/225/1
f 225/225/1 345/345/1 346/346/1
f 225/225/1 346/346/1 226/226/1
f 226/226/1 346/346/1 347/347/1
f 226/226/1 347/347/1 227/227/1
f 227/227/1 347/347/1 348/348/1
f 227/227/1 348/348/1 228/228/1
f 228/228/1 348/348/1 349/349/1
f 228/228/1 349/349/1 229/229/1
f 229/229/1 349/349/1 350/350/1
f 229/229/1 350/350/1 230/230/1
f 230/230/1 350/350/1 351/351/1
f 230/230/1 351/351/1 231/231/1
f 231/231/1 351/351/1 352/352/1
f 231/231/1 352/352/1 232/232/1
f 232/232/1 352/352/1 353/353/1
f 232/232/1 353/353/1 233/233/1
f 233/233/1 353/353/1 354/354/1
f 233/233/1 354/354/1 234/234/1
f 234/234/1 354/354/1 355/355/1
f 234/234/1 355/355/1 235/235/1
f 235/235/1 355/355/1 356/356/1
f 235/235/1 356/356/1 236/236/1
f 236/236/1 356/356/1 357/357/1
f 236/236/1 357/357/1 237/237/1
f 237/237/1 357/357/1 358/358/1
f 237/237/1 358/358/1 238/238/1
f 238/238/1 358/358/1 359/359/1
f 238/238/1 359/359/1 239/239/1
f 239/239/1 359/359/1 360/360/1
f 239/239/1 360/360/1 240/240/1
f 240/240/1 360/360/1 361/361/1
f 240/240/1 361/361/1 241/241/1
f 241/241/1 361/361/1 362/362/1
f 241/241/1 362/362/1 242/242/1
f 242/242/1 362/362/1 363/363/1
f 243/243/1 364/364/1 244/244/1
f 244/244/1 364/364/1 365/365/1
f 244/244/1 365/365/1 245/245/1
f 245/245/1 365/365/1 366/366/1
f 245/245/1 366/366/1 246/246/1
f 246/246/1 366/366/1 367/367/1
f 246/246/1 367/367/1 247/247/1
f 247/247/1 367/367/1 368/368/1
f 247/247/1 368/368/1 248/248/1
f 248/248/1 368/368/1 369/369/1
f 248/248/1 369/369/1 249/249/1
f 249/249/1 369/369/1 370/370/1
f 249/249/1 370/370/1 250/250/1
f 250/250/1 370/370/1 371/371/1
f 250/250/1 371/371/1 251/251/1
f 251/251/1 371/371/1 372/372/1
f 251/251/1 372/372/1 252/252/1
f 252/252/1 372/372/1 373/373/1
f 252/252/1 373/373/1 253/253/1
f 253/253/1 373/373/1 374/374/1
f 253/253/1 374/374/1 254/254/1
f 254/254/1 374/374/1 375/375/1
f 254/254/1 375/375/1 255/255/1
f 255/255/1 375/375/1 376/376/1
f 255/255/1 376/376/1 256/256/1
f 256/256/1 376/376/1 377/377/1
f 256/256/1 377/377/1 257/257/1
f 257/257/1 377/377/1 378/378/1
f 257/257/1 378/378/1 258/258/1
f 258/258/1 378/378/1 379/379/1
f 258/258/1 379/379/1 259/259/1
f 259/259/1 379/379/1 380/380/1
f 259/259/1 380/380/1 260/260/1
f 260/260/1 380/380/1 381/381/1
f 260/260/1 381/381/1 261/261/1
f 261/261/1 381/381/1 382/382/1
f 261/261/1 382/382/1 262/262/1
f 262/262/1 382/382/1 383/383/1
f 262/262/1 383/383/1 263/263/1
f 263/263/1 383/383/1 384/384/1
f 263/263/1 384/384/1 264/264/1
f 264/264/1 384/384/1 385/385/1
f 264/264/1 385/385/1 265/265/1
f 265/265/1 385/385/1 386/386/1
f 265/265/1 386/386/1 266/266/1
f 266/266/1 386/386/1 387/387/1
f 266/266/1 387/387/1 267/267/1
f 267/267/1 387/387/1 388/388/1
f 267/267/1 388/388/1 268/268/1
f 268/268/1 388/388/1 389/389/1
f 268/268/1 389/389/1 269/269/1
f 269/269/1 389/389/1 390/390/1
f 269/269/1 390/390/1 270/270/1
f 270/270/1 390/390/1 391/391/1
f 270/270/1 391/391/1 271/271/1
f 271/271/1 391/391/1 392/392/1
f 271/271/1 392/392/1 272/272/1
f 272/272/1 392/392/1 393/393/1
f 272/272/1 393/393/1 273/273/1
f 273/273/1 393/393/1 394/394/1
f 273/273/1 394/394/1 274/274/1
f 274/274/1 394/394/1 395/395/1
f 274/274/1 395/395/1 275/275/1
f 275/275/1 395/395/1 396/396/1
f 275/275/1 396/396/1 276/276/1
f 276/276/1 396/396/1 397/397/1
f 276/276/1 397/397/1 277/277/1
f 277/277/1 397/397/1 398/398/1
f 277/277/1 398/398/1 278/278/1
f 278/278/1 398/398/1 399/399/1
f 278/278/1 399/399/1 279/279/1
f 279/279/1 399/399/1 400/400/1
f 279/279/1 400/400/1 280/280/1
f 280/280/1 400/400/1 401/401/1
f 280/280/1 401/401/1 281/281/1
f 281/281/1 401/401/1 402/402/1
f 281/281/1 402/402/1 282/282/1
f 282/282/1 402/402/1 403/403/1
f 282/282/1 403/403/1 283/283/1
f 283/283/1 403/403/1 404/404/1
f 283/283/1 404/404/1 284/284/1
f 284/284/1 404/404/1 405/405/1
f 284/284/1 405/405/1 285/285/1
f 285/285/1 405/405/1 406/406/1
f 285/285/1 406/406/1 286/286/1
f 286/286/1 406/406/1 407/407/1
f 286/286/1 407/407/1 287/287/1
f 287/287/1 407/407/1 408/408/1
f 287/287/1 408/408/1 288/288/1
f 288/288/1 408/408/1 409/409/1
f 288/288/1 409/409/1 289/289/1
f 289/289/1 409/409/1 410/410/1
f 289/289/1 410/410/1 290/290/1
f 290/290/1 410/410/1 411/411/1
f 290/290/1 411/411/1 291/291/1
f 291/291/1 411/411/1 412/412/1
f 291/291/1 412/412/1 292/292/1
f 292/292/1 412/412/1 413/413/1
f 292/292/1 413/413/1 293/293/1
f 293/293/1 413/413/1 414/414/1
f 293/293/1 414/414/1 294/294/1
f 294/294/1 414/414/1 415/415/1
f 294/294/1 415/415/1 295/295/1
f 295/295/1 415/415/1 416/416/1
f 295/295/1 416/416/1 296/296/1
f 296/296/1 416/416/1 417/417/1
f 296/296/1 417/417/1 297/297/1
f 297/297/1 417/417/1 418/418/1
f 297/297/1 418/418/1 298/298/1
f 298/298/1 418/418/1 419/419/1
f 298/298/1 419/419/1 299/299/1
f 299/299/1 419/419/1 420/420/1
f 299/299/1 420/420/1 300/300/1
f 300/300/1 420/420/1 421/421/1
f 300/300/1 421/421/1 301/301/1
f 301/301/1 421/421/1 422/422/1
f 301/301/1 422/422/1 302/302/1
f 302/302/1 422/422/1 423/423/1
f 302/302/1 423/423/1 303/303/1
f 303/303/1 423/423/1 424/424/1
f 303/303/1 424/424/1 304/304/1
f 304/304/1 424/424/1 425/425/1
f 304/304/1 425/425/1 305/305/1
f 305/305/1 425/425/1 426/426/1
f 305/305/1 426/426/1 306/306/1
f 306/306/1 426/426/1 427/427/1
f 306/306/1 427/427/1 307/307/1
f 307/307/1 427/427/1 428/428/1
f 307/307/1 428/428/1 308/308/1
f 308/308/1 428/428/1 429/429/1
f 308/308/1 429/429/1 309/309/1
f 309/309/1 429/429/1 430/430/1
f 309/309/1 430/430/1 310/310/1
f 310/310/1 430/430/1 431/431/1
f 310/310/1 431/431/1 311/311/1
f 311/311/1 431/431/1 432/432/1
f 311/311/1 432/432/1 312/312/1
f 312/312/1 432/432/1 433/433/1
f 312/312/1 433/433/1 313/313/1
f 313/313/1 433/433/1 434/434/1
f 313/313/1 434/434/1 314/314/1
f 314/314/1 434/434/1 435/435/1
f 314/314/1 435/435/1 315/315/1
f 315/315/1 435/435/1 436/436/1
f 315/315/1 436/436/1 316/316/1
f 316/316/1 436/436/1 437/437/1
f 316/316/1 437/437/1 317/317/1
f 317/317/1 437/437/1 438/438/1
f 317/317/1 438/438/1 318/318/1
f 318/318/1 438/438/1 439/439/1
f 318/318/1 439/439/1 319/319/1
f 319/319/1 439/439/1 440/440/1
f 319/319/1 440/440/1 320/320/1
f 320/320/1 440/440/1 441/441/1
f 320/320/1 441/441/1 321/321/1
f 321/321/1 441/441/1 442/442/1
f 321/321/1 442/442/1 322/322/1
f 322/322/1 442/442/1 443/443/1
f 322/322/1 443/443/1 323/323/1
f 323/323/1 443/443/1 444/444/1
f 323/323/1 444/444/1 324/324/1
f 324/324/1 444/444/1 445/445/1
f 324/324/1 445/445/1 325/325/1
f 325/325/1 445/445/1 446/446/1
f 325/325/1 446/446/1 326/326/1
f 326/326/1 446/446/1 447/447/1
f 326/326/1 447/447/1 327/327/1
f 327/327/1 447/447/1 448/448/1
f 327/327/1 448/448/1 328/328/1
f 328/328/1 448/448/1 449/449/1
f 328/328/1 449/449/1 329/329/1
f 329/329/1 449/449/1 450/450/1
f 329/329/1 450/450/1 330/330/1
f 330/330/1 450/450/1 451/451/1
f 330/330/1 451/451/1 331/331/1
f 331/331/1 451/451/1 452/452/1
f 331/331/1 452/452/1 332/332/1
f 332/332/1 452/452/1 453/453/1
f 332/332/1 453/453/1 333/333/1
f 333/333/1 453/453/1 454/454/1
f 333/333/1 454/454/1 334/334/1
f 334/334/1 454/454/1 455/455/1
f 334/334/1 455/455/1 335/335/1
f 335/335/1 455/455/1 456/456/1
f 335/335/1 456/456/1 336/336/1
f 336/336/1 456/456/1 457/457/1
f 336/336/1 457/457/1 337/337/1
f 337/337/1 457/457/1 458/458/1
f 337/337/1 458/458/1 338/338/1
f 338/338/1 458/458/1 459/459/1
f 338/338/1 459/459/1 339/339/1
f 339/339/1 459/459/1 460/460/1
f 339/339/1 460/460/1 340/340/1
f 340/340/1 460/460/1 461/461/1
f 340/340/1 461/461/1 341/341/1
f 341/341/1 461/461/1 462/462/1
f 341/341/1 462/462/1 342/342/1
f 342/342/1 462/462/1 463/463/1
f 342/342/1 463/463/1 343/343/1
f 343/343/1 463/463/1 464/464/1
f 343/343/1 464/464/1 344/344/1
f 344/344/1 464/464/1 465/465/1
f 344/344/1 465/465/1 345/345/1
f 345/345/1 465/465/1 466/466/1
f 345/345/1 466/466/1 346/346/1
f 346/346/1 466/466/1 467/467/1
f 346/346/1 467/467/1 347/347/1
f 347/347/1 467/467/1 468/468/1
f 347/347/1 468/468/1 348/348/1
f 348/348/1 468/468/1 469/469/1
f 348/348/1 469/469/1 349/349/1
f 349/349/1 469/469/1 470/470/1
f 349/349/1 470/470/1 350/350/1
f 350/350/1 470/470/1 471/471/1
f 350/350/1 471/471/1 351/351/1
f 351/351/1 471/471/1 472/472/1
f 351/351/1 472/472/1 352/352/1
f 352/352/1 472/472/1 473/473/1
f 352/352/1 473/473/1 353/353/1
f 353/353/1 473/473/1 474/474/1
f 353/353/1 474/474/1 354/354/1
f 354/354/1 474/474/1 475/475/1
f 354/354/1 475/475/1 355/355/1
f 355/355/1 475/475/1 476/476/1
f 355/355/1 476/476/1 356/356/1
f 356/356/1 476/476/1 477/477/1
f 356/356/1 477/477/1 357/357/1
f 357/357/1 477/477/1 478/478/1
f 357/357/1 478/478/1 358/358/1
f 358/358/1 478/478/1 479/479/1
f 358/358/1 479/479/1 359/359/1
f 359/359/1 479/479/1 480/480/1
f 359/359/1 480/480/1 360/360/1
f 360/360/1 480/480/1 481/481/1
f 360/360/1 481/481/1 361/361/1
f 361/361/1 481/481/1 482/482/1
f 361/361/1 482/482/1 362/362/1
f 362/362/1 482/482/1 483/483/1
f 362/362/1 483/483/1 363/363/1
f 363/363/1 483/483/1 484/484/1
f 364/364/1 485/485/1 365/365/1
f 365/365/1 485/485/1 486/486/1
f 365/365/1 486/486/1 366/366/1
f 366/366/1 486/486/1 487/487/1
f 366/366/1 487/487/1 367/367/1
f 367/367/1 487/487/1 488/488/1
f 367/367/1 488/488/1 368/368/1
f 368/368/1 488/488/1 489/489/1
f 368/368/1 489/489/1 369/369/1
f 369/369/1 489/489/1 490/490/1
f 369/369/1 490/490/1 370/370/1
f 370/370/1 490/490/1 491/491/1
f 370/370/1 491/491/1 371/371/1
f 371/371/1 491/491/1 492/492/1
f 371/371/1 492/492/1 372/372/1
f 372/372/1 492/492/1 493/493/1
f 372/372/1 493/493/1 373/373/1
f 373/373/1 493/493/1 494/494/1
f 373/373/1 494/494/1 374/374/1
f 374/374/1 494/494/1 495/495/1
f 374/374/1 495/495/1 375/375/1
f 375/375/1 495/495/1 496/496/1
f 375/375/1 496/496/1 376/376/1
f 376/376/1 496/496/1 497/497/1
f 376/376/1 497/497/1 377/377/1
f 377/377/1 497/497/1 498/498/1
f 377/377/1 498/498/1 378/378/1
f 378/378/1 498/498/1 499/499/1
f 378/378/1 499/499/1 379/379/1
f 379/379/1 499/499/1 500/500/1
f 379/379/1 500/500/1 380/380/1
f 380/380/1 500/500/1 501/501/1
f 380/380/1 501/501/1 381/381/1
f 381/381/1 501/501/1 502/502/1
f 381/381/1 502/502/1 382/382/1
f 382/382/1 502/502/1 503/503/1
f 382/382/1 503/503/1 383/383/1
f 383/383/1 503/503/1 504/504/1
f 383/383/1 504/504/1 384/384/1
f 384/384/1 504/504/1 505/505/1
f 384/384/1 505/505/1 385/385/1
f 385/385/1 505/505/1 506/506/1
f 385/385/1 506/506/1 386/386/1
f 386/386/1 506/506/1 507/507/1
f 386/386/1 507/507/1 387/387/1
f 387/387/1 507/507/1 508/508/1
f 387/387/1 508/508/1 388/388/1
f 388/388/1 508/508/1 509/509/1
f 388/388/1 509/509/1 389/389/1
f 389/389/1 509/509/1 510/510/1
f 389/389/1 510/510/1 390/390/1
f 390/390/1 510/510/1 511/511/1
f 390/390/1 511/511/1 391/391/1
f 391/391/1 511/511/1 512/512/1
f 391/391/1 512/512/1 392/392/1
f 392/392/1 512/512/1 513/513/1
f 392/392/1 513/513/1 393/393/1
f 393/393/1 513/513/1 514/514/1
f 393/393/1 514/514/1 394/394/1
f 394/394/1 514/514/1 515/515/1
f 394/394/1 515/515/1 395/395/1
f 395/395/1 515/515/1 516/516/1
f 395/395/1 516/516/1 396/396/1
f 396/396/1 516/516/1 517/517/1
f 396/396/1 517/517/1 397/397/1
f 397/397/1 517/517/1 518/518/1
f 397/397/1 518/518/1 398/398/1
f 398/398/1 518/518/1 519/519/1
f 398/398/1 519/519/1 399/399/1
f 399/399/1 519/519/1 520/520/1
f 399/399/1 520/520/1 400/400/1
f 400/400/1 520/520/1 521/521/1
f 400/400/1 521/521/1 401/401/1
f 401/401/1 521/521/1 522/522/1
f 401/401/1 522/522/1 402/402/1
f 402/402/1 522/522/1 523/523/1
f 402/402/1 523/523/1 403/403/1
f 403/403/1 523/523/1 524/524/1
f 403/403/1 524/524/1 404/404/1
f 404/404/1 524/524/1 525/525/1
f 404/404/1 525/525/1 405/405/1
f 405/405/1 525/525/1 526/526/1
f 405/405/1 526/526/1 406/406/1
f 406/406/1 526/526/1 527/527/1
f 406/406/1 527/527/1 407/407/1
f 407/407/1 527/527/1 528/528/1
f 407/407/1 528/528/1 408/408/1
f 408/408/1 528/528/1 529/529/1
f 408/408/1 529/529/1 409/409/1
f 409/409/1 529/529/1 530/530/1
f 409/409/1 530/530/1 410/410/1
f 410/410/1 530/530/1 531/531/1
f 410/410/1 531/531/1 411/411/1
f 411/411/1 531/531/1 532/532/1
f 411/411/1 532/532/1 412/412/1
f 412/412/1 532/532/1 533/533/1
f 412/412/1 533/533/1 413/413/1
f 413/413/1 533/533/1 534/534/1
f 413/413/1 534/534/1 414/414/1
f 414/414/1 534/534/1 535/535/1
f 414/414/1 535/535/1 415/415/1
f 415/415/1 535/535/1 536/536/1
f 415/415/1 536/536/1 416/416/1
f 416/416/1 536/536/1 537/537/1
f 416/416/1 537/537/1 417/417/1
f 417/417/1 537/537/1 538/538/1
f 417/417/1 538/538/1 418/418/1
f 418/418/1 538/538/1 539/539/1
f 418/418/1 539/539/1 419/419/1
f 419/419/1 539/539/1 540/540/1
f 419/419/1 540/540/1 420/420/1
f 420/420/1 540/540/1 541/541/1
f 420/420/1 541/541/1 421/421/1
f 421/421/1 541/541/1 542/542/1
f 421/421/1 542/542/1 422/422/1
f 422/422/1 542/542/1 543/543/1
f 422/422/1 543/543/1 423/423/1
f 423/423/1 543/543/1 544/544/1
f 423/423/1 544/544/1 424/424/1
f 424/424/1 544/544/1 545/545/1
f 424/424/1 545/545/1 425/425/1
f 425/425/1 545/545/1 546/546/1
f 425/425/1 546/546/1 426/426/1
f 426/426/1 546/546/1 547/547/1
f 426/426/1 547/547/1 427/427/1
f 427/427/1 547/547/1 548/548/1
f 427/427/1 548/548/1 428/428/1
f 428/428/1 548/548/1 549/549/1
f 428/428/1 549/549/1 429/429/1
f 429/429/1 549/549/1 550/550/1
f 429/429/1 550/550/1 430/430/1
f 430/430/1 550/550/1 551/551/1
f 430/430/1 551/551/1 431/431/1
f 431/431/1 551/551/1 552/552/1
f 431/431/1 552/552/1 432/432/1
f 432/432/1 552/552/1 553/553/1
f 432/432/1 553/553/1 433/433/1
f 433/433/1 553/553/1 554/554/1
f 433/433/1 554/554/1 434/434/1
f 434/434/1 554/554/1 555/555/1
f 434/434/1 555/555/1 435/435/1
f 435/435/1 555/555/1 556/556/1
f 435/435/1 556/556/1 436/436/1
f 436/436/1 556/556/1 557/557/1
f 436/436/1 557/557/1 437/437/1
f 437/437/1 557/557/1 558/558/1
f 437/437/1 558/558/1 438/438/1
f 438/438/1 558/558/1 559/559/1
f 438/438/1 559/559/1 439/439/1
f 439/439/1 559/559/1 560/560/1
f 439/439/1 560/560/1 440/440/1
f 440/440/1 560/560/1 561/561/1
f 440/440/1 561/561/1 441/441/1
f 441/441/1 561/561/1 562/562/1
f 441/441/1 562/562/1 442/442/1
f 442/442/1 562/562/1 563/563/1
f 442/442/1 563/563/1 443/443/1
f 443/443/1 563/563/1 564/564/1
f 443/443/1 564/564/1 444/444/1
f 444/444/1 564/564/1 565/565/1
f 444/444/1 565/565/1 445/445/1
f 445/445/1 565/565/1 566/566/1
f 445/445/1 566/566/1 446/446/1
f 446/446/1 566/566/1 567/567/1
f 446/446/1 567/567/1 447/447/1
f 447/447/1 567/567/1 568/568/1
f 447/447/1 568/568/1 448/448/1
f 448/448/1 568/568/1 569/569/1
f 448/448/1 569/569/1 449/449/1
f 449/449/1 569/569/1 570/570/1
f 449/449/1 570/570/1 450/450/1
f 450/450/1 570/570/1 571/571/1
f 450/450/1 571/571/1 451/451/1
f 451/451/1 571/571/1 572/572/1
f 451/451/1 572/572/1 452/452/1
f 452/452/1 572/572/1 573/573/1
f 452/452/1 573/573/1 453/453/1
f 453/453/1 573/573/1 574/574/1
f 453/453/1 574/574/1 454/454/1
f 454/454/1 574/574/1 575/575/1
f 454/454/1 575/575/1 455/455/1
f 455/455/1 575/575/1 576/576/1
f 455/455/1 576/576/1 456/456/1
f 456/456/1 576/576/1 577/577/1
f 456/456/1 577/577/1 457/457/1
f 457/457/1 577/577/1 578/578/1
f 457/457/1 578/578/1 458/458/1
f 458/458/1 578/578/1 579/579/1
f 458/458/1 579/579/1 459/459/1
f 459/459/1 579/579/1 580/580/1
f 459/459/1 580/580/1 460/460/1
f 460/460/1 580/580/1 581/581/1
f 460/460/1 581/581/1 461/461/1
f 461/461/1 581/581/1 582/582/1
f 461/461/1 582/582/1 462/462/1
f 462/462/1 582/582/1 583/583/1
f 462/462/1 583/583/1 463/463/1
f 463/463/1 583/583/1 584/584/1
f 463/463/1 584/584/1 464/464/1
f 464/464/1 584/584/1 585/585/1
f 464/464/1 585/585/1 465/465/1
f 465/465/1 585/585/1 586/586/1
f 465/465/1 586/586/1 466/466/1
f 466/466/1 586/586/1 587/587/1
f 466/466/1 587/587/1 467/467/1
f 467/467/1 587/587/1 588/588/1
f 467/467/1 588/588/1 468/468/1
f 468/468/1 588/588/1 589/589/1
f 468/468/1 589/589/1 469/469/1
f 469/469/1 589/589/1 590/590/1
f 469/469/1 590/590/1 470/470/1
f 470/470/1 590/590/1 591/591/1
f 470/470/1 591/591/1 471/471/1
f 471/471/1 591/591/1 592/592/1
f 471/471/1 592/592/1 472/472/1
f 472/472/1 592/592/1 593/593/1
f 472/472/1 593/593/1 473/473/1
f 473/473/1 593/593/1 594/594/1
f 473/473/1 594/594/1 474/474/1
f 474/474/1 594/594/1 595/595/1
f 474/474/1 595/595/1 475/475/1
f 475/475/1 595/595/1 596/596/1
f 475/475/1 596/596/1 476/476/1
f 476/476/1 596/596/1 597/597/1
f 476/476/1 597/597/1 477/477/1
f 477/477/1 597/597/1 598/598/1
f 477/477/1 598/598/1 478/478/1
f 478/478/1 598/598/1 599/599/1
f 478/478/1 599/599/1 479/479/1
f 479/479/1 599/599/1 600/600/1
f 479/479/1 600/600/1 480/480/1
f 480/480/1 600/600/1 601/601/1
f 480/480/1 601/601/1 481/481/1
f 481/481/1 601/601/1 602/602/1
f 481/481/1 602/602/1 482/482/1
f 482/482/1 602/602/1 603/603/1
f 482/482/1 603/603/1 483/483/1
f 483/483/1 603/603/1 604/604/1
f 483/483/1 604/604/1 484/484/1
f 484/484/1 604/604/1 605/605/1
f 485/485/1 606/606/1 486/486/1
f 486/486/1 606/606/1 607/607/1
f 486/486/1 607/607/1 487/487/1
f 487/487/1 607/607/1 608/608/1
f 487/487/1 608/608/1 488/488/1
f 488/488/1 608/608/1 609/609/1
f 488/488/1 609/609/1 489/489/1
f 489/489/1 609/609/1 610/610/1
f 489/489/1 610/610/1 490/490/1
f 490/490/1 610/610/1 611/611/1
f 490/490/1 611/611/1 491/491/1
f 491/491/1 611/611/1 612/612/1
f 491/491/1 612/612/1 492/492/1
f 492/492/1 612/612/1 613/613/1
f 492/492/1 613/613/1 493/493/1
f 493/493/1 613/613/1 614/614/1
f 493/493/1 614/614/1 494/494/1
f 494/494/1 614/614/1 615/615/1
f 494/494/1 615/615/1 495/495/1
f 495/495/1 615/615/1 616/616/1
f 495/495/1 616/616/1 496/496/1
f 496/496/1 616/616/1 617/617/1
f 496/496/1 617/617/1 497/497/1
f 497/497/1 617/617/1 618/618/1
f 497/497/1 618/618/1 498/498/1
f 498/498/1 618/618/1 619/619/1
f 498/498/1 619/619/1 499/499/1
f 499/499/1 619/619/1 620/620/1
f 499/499/1 620/620/1 500/500/1
f 500/500/1 620/620/1 621/621/1
f 500/500/1 621/621/1 501/501/1
f 501/501/1 621/621/1 622/622/1
f 501/501/1 622/622/1 502/502/1
f 502/502/1 622/622/1 623/623/1
f 502/502/1 623/623/1 503/503/1
f 503/503/1 623/623/1 624/624/1
f 503/503/1 624/624/1 504/504/1
f 504/504/1 624/624/1 625/625/1
f 504/504/1 625/625/1 505/505/1
f 505/505/1 625/625/1 626/626/1
f 505/505/1 626/626/1 506/506/1
f 506/506/1 626/626/1 627/627/1
f 506/506/1 627/627/1 507/507/1
f 507/507/1 627/627/1 628/628/1
f 507/507/1 628/628/1 508/508/1
f 508/508/1 628/628/1 629/629/1
f 508/508/1 629/629/1 509/509/1
f 509/509/1 629/629/1 630/630/1
f 509/509/1 630/630/1 510/510/1
f 510/510/1 630/630/1 631/631/1
f 510/510/1 631/631/1 511/511/1
f 511/511/1 631/631/1 632/632/1
f 511/511/1 632/632/1 512/512/1
f 512/512/1 632/632/1 633/633/1
f 512/512/1 633/633/1 513/513/1
f 513/513/1 633/633/1 634/634/1
f 513/513/1 634/634/1 514/514/1
f 514/514/1 634/634/1 635/635/1
f 514/514/1 635/635/1 515/515/1
f 515/515/1 635/635/1 636/636/1
f 515/515/1 636/636/1 516/516/1
f 516/516/1 636/636/1 637/637/1
f 516/516/1 637/637/1 517/517/1
f 517/517/1 637/637/1 638/638/1
f 517/517/1 638/638/1 518/518/1
f 518/518/1 638/638/1 639/639/1
f 518/518/1 639/639/1 519/519/1
f 519/519/1 639/639/1 640/640/1
f 519/519/1 640/640/1 520/520/1
f 520/520/1 640/640/1 641/641/1
f 520/520/1 641/641/1 521/521/1
f 521/521/1 641/641/1 642/642/1
f 521/521/1 642/642/1 522/522/1
f 522/522/1 642/642/1 643/643/1
f 522/522/1 643/643/1 523/523/1
f 523/523/1 643/643/1 644/644/1
f 523/523/1 644/644/1 524/524/1
f 524/524/1 644/644/1 645/645/1
f 524/524/1 645/645/1 525/525/1
f 525/525/1 645/645/1 646/646/1
f 525/525/1 646/646/1 526/526/1
f 526/526/1 646/646/1 647/647/1
f 526/526/1 647/647/1 527/527/1
f 527/527/1 647/647/1 648/648/1
f 527/527/1 648/648/1 528/528/1
f 528/528/1 648/648/1 649/649/1
f 528/528/1 649/649/1 529/529/1
f 529/529/1 649/649/1 650/650/1
f 529/529/1 650/650/1 530/530/1
f 530/530/1 650/650/1 651/651/1
f 530/530/1 651/651/1 531/531/1
f 531/531/1 651/651/1 652/652/1
f 531/531/1 652/652/1 532/532/1
f 532/532/1 652/652/1 653/653/1
f 532/532/1 653/653/1 533/533/1
f 533/533/1 653/653/1 654/654/1
f 533/533/1 654/654/1 534/534/1
f 534/534/1 654/654/1 655/655/1
f 534/534/1 655/655/1 535/535/1
f 535/535/1 655/655/1 656/656/1
f 535/535/1 656/656/1 536/536/1
f 536/536/1 656/656/1 657/657/1
f 536/536/1 657/657/1 537/537/1
f 537/537/1 657/657/1 658/658/1
f 537/537/1 658/658/1 538/538/1
f 538/538/1 658/658/1 659/659/1
f 538/538/1 659/659/1 539/539/1
f 539/539/1 659/659/1 660/660/1
f 539/539/1 660/660/1 540/540/1
f 540/540/1 660/660/1 661/661/1
f 540/540/1 661/661/1 541/541/1
f 541/541/1 661/661/1 662/662/1
f 541/541/1 662/662/1 542/542/1
f 542/542/1 662/662/1 663/663/1
f 542/542/1 663/663/1 543/543/1
f 543/543/1 663/663/1 664/664/1
f 543/543/1 664/664/1 544/544/1
f 544/544/1 664/664/1 665/665/1
f 544/544/1 665/665/1 545/545/1
f 545/545/1 665/665/1 666/666/1
f 545/545/1 666/666/1 546/546/1
f 546/546/1 666/666/1 667/667/1
f 546/546/1 667/667/1 547/547/1
f 547/547/1 667/667/1 668/668/1
f 547/547/1 668/668/1 548/548/1
f 548/548/1 668/668/1 669/669/1
f 548/548/1 669/669/1 549/549/1
f 549/549/1 669/669/1 670/670/1
f 549/549/1 670/670/1 550/550/1
f 550/550/1 670/670/1 671/671/1
f 550/550/1 671/671/1 551/551/1
f 551/551/1 671/671/1 672/672/1
f 551/551/1 672/672/1 552/552/1
f 552/552/1 672/672/1 673/673/1
f 552/552/1 673/673/1 553/553/1
f 553/553/1 673/673/1 674/674/1
f 553/553/1 674/674/1 554/554/1
f 554/554/1 674/674/1 675/675/1
f 554/554/1 675/675/1 555/555/1
f 555/555/1 675/675/1 676/676/1
f 555/555/1 676/676/1 556/556/1
f 556/556/1 676/676/1 677/677/1
f 556/556/1 677/677/1 557/557/1
f 557/557/1 677/677/1 678/678/1
f 557/557/1 678/678/1 558/558/1
f 558/558/1 678/678/1 679/679/1
f 558/558/1 679/679/1 559/559/1
f 559/559/1 679/679/1 680/680/1
f 559/559/1 680/680/1 560/560/1
f 560/560/1 680/680/1 681/681/1
f 560/560/1 681/681/1 561/561/1
f 561/561/1 681/681/1 682/682/1
f 561/561/1 682/682/1 562/562/1
f 562/562/1 682/682/1 683/683/1
f 562/562/1 683/683/1 563/563/1
f 563/563/1 683/683/1 684/684/1
f 563/563/1 684/684/1 564/564/1
f 564/564/1 684/684/1 685/685/1
f 564/564/1 685/685/1 565/565/1
f 565/565/1 685/685/1 686/686/1
f 565/565/1 686/686/1 566/566/1
f 566/566/1 686/686/1 687/687/1
f 566/566/1 687/687/1 567/567/1
f 567/567/1 687/687/1 688/688/1
f 567/567/1 688/688/1 568/568/1
f 568/568/1 688/688/1 689/689/1
f 568/568/1 689/689/1 569/569/1
f 569/569/1 689/689/1 690/690/1
f 569/569/1 690/690/1 570/570/1
f 570/570/1 690/690/1 691/691/1
f 570/570/1 691/691/1 571/571/1
f 571/571/1 691/691/1 692/692/1
f 571/571/1 692/692/1 572/572/1
f 572/572/1 692/692/1 693/693/1
f 572/572/1 693/693/1 573/573/1
f 573/573/1 693/693/1 694/694/1
f 573/573/1 694/694/1 574/574/1
f 574/574/1 694/694/1 695/695/1
f 574/574/1 695/695/1 575/575/1
f 575/575/1 695/695/1 696/696/1
f 575/575/1 696/696/1 576/576/1
f 576/576/1 696/696/1 697/697/1
f 576/576/1 697/697/1 577/577/1
f 577/577/1 697/697/1 698/698/1
f 577/577/1 698/698/1 578/578/1
f 578/578/1 698/698/1 699/699/1
f 578/578/1 699/699/1 579/579/1
f 579/579/1 699/699/1 700/700/1
f 579/579/1 700/700/1 580/580/1
f 580/580/1 700/700/1 701/701/1
f 580/580/1 701/701/1 581/581/1
f 581/581/1 701/701/1 702/702/1
f 581/581/1 702/702/1 582/582/1
f 582/582/1 702/702/1 703/703/1
f 582/582/1 703/703/1 583/583/1
f 583/583/1 703/703/1 704/704/1
f 583/583/1 704/704/1 584/584/1
f 584/584/1 704/704/1 705/705/1
f 584/584/1 705/705/1 585/585/1
f 585/585/1 705/705/1 706/706/1
f 585/585/1 706/706/1 586/586/1
f 586/586/1 706/706/1 707/707/1
f 586/586/1 707/707/1 587/587/1
f 587/587/1 707/707/1 708/708/1
f 587/587/1 708/708/1 588/588/1
f 588/588/1 708/708/1 709/709/1
f 588/588/1 709/709/1 589/589/1
f 589/589/1 709/709/1 710/710/1
f 589/589/1 710/710/1 590/590/1
f 590/590/1 710/710/1 711/711/1
f 590/590/1 711/711/1 591/591/1
f 591/591/1 711/711/1 712/712/1
f 591/591/1 712/712/1 592/592/1
f 592/592/1 712/712/1 713/713/1
f 592/592/1 713/713/1 593/593/1
f 593/593/1 713/713/1 714/714/1
f 593/593/1 714/714/1 594/594/1
f 594/594/1 714/714/1 715/715/1
f 594/594/1 715/715/1 595/595/1
f 595/595/1 715/715/1 716/716/1
f 595/595/1 716/716/1 596/596/1
f 596/596/1 716/716/1 717/717/1
f 596/596/1 717/717/1 597/597/1
f 597/597/1 717/717/1 718/718/1
f 597/597/1 718/718/1 598/598/1
f 598/598/1 718/718/1 719/719/1
f 598/598/1 719/719/1 599/599/1
f 599/599/1 719/719/1 720/720/1
f 599/599/1 720/720/1 600/600/1
f 600/600/1 720/720/1 721/721/1
f 600/600/1 721/721/1 601/601/1
f 601/601/1 721/721/1 722/722/1
f 601/601/1 722/722/1 602/602/1
f 602/602/1 722/722/1 723/723/1
f 602/602/1 723/723/1 603/603/1
f 603/603/1 723/723/1 724/724/1
f 603/603/1 724/724/1 604/604/1
f 604/604/1 724/724/1 725/725/1
f 604/604/1 725/725/1 605/605/1
f 605/605/1 725/725/1 726/726/1
f 606/606/1 727/727/1 607/607/1
f 607/607/1 727/727/1 728/728/1
f 607/607/1 728/728/1 608/608/1
f 608/608/1 728/728/1 729/729/1
f 608/608/1 729/729/1 609/609/1
f 609/609/1 729/729/1 730/730/1
f 609/609/1 730/730/1 610/610/1
f 610/610/1 730/730/1 731/731/1
f 610/610/1 731/731/1 611/611/1
f 611/611/1 731/731/1 732/732/1
f 611/611/1 732/732/1 612/612/1
f 612/612/1 732/732/1 733/733/1
f 612/612/1 733/733/1 613/613/1
f 613/613/1 733/733/1 734/734/1
f 613/613/1 734/734/1 614/614/1
f 614/614/1 734/734/1 735/735/1
f 614/614/1 735/735/1 615/615/1
f 615/615/1 735/735/1 736/736/1
f 615/615/1 736/736/1 616/616/1
f 616/616/1 736/736/1 737/737/1
f 616/616/1 737/737/1 617/617/1
f 617/617/1 737/737/1 738/738/1
f 617/617/1 738/738/1 618/618/1
f 618/618/1 738/738/1 739/739/1
f 618/618/1 739/739/1 619/619/1
f 619/619/1 739/739/1 740/740/1
f 619/619/1 740/740/1 620/620/1
f 620/620/1 740/740/1 741/741/1
f 620/620/1 741/741/1 621/621/1
f 621/621/1 741/741/1 742/742/1
f 621/621/1 742/742/1 622/622/1
f 622/622/1 742/742/1 743/743/1
f 622/622/1 743/743/1 623/623/1
f 623/623/1 743/743/1 744/744/1
f 623/623/1 744/744/1 624/624/1
f 624/624/1 744/744/1 745/745/1
f 624/624/1 745/745/1 625/625/1
f 625/625/1 745/745/1 746/746/1
f 625/625/1 746/746/1 626/626/1
f 626/626/1 746/746/1 747/747/1
f 626/626/1 747/747/1 627/627/1
f 627/627/1 747/747/1 748/748/1
f 627/627/1 748/748/1 628/628/1
f 628/628/1 748/748/1 749/749/1
f 628/628/1 749/749/1 629/629/1
f 629/629/1 749/749/1 750/750/1
f 629/629/1 750/750/1 630/630/1
f 630/630/1 750/750/1 751/751/1
f 630/630/1 751/751/1 631/631/1
f 631/631/1 751/751/1 752/752/1
f 631/631/1 752/752/1 632/632/1
f 632/632/1 752/752/1 753/753/1
f 632/632/1 753/753/1 633/633/1
f 633/633/1 753/753/1 754/754/1
f 633/633/1 754/754/1 634/634/1
f 634/634/1 754/754/1 755/755/1
f 634/634/1 755/755/1 635/635/1
f 635/635/1 755/755/1 756/756/1
f 635/635/1 756/756/1 636/636/1
f 636/636/1 756/756/1 757/757/1
f 636/636/1 757/757/1 637/637/1
f 637/637/1 757/757/1 758/758/1
f 637/637/1 758/758/1 638/638/1
f 638/638/1 758/758/1 759/759/1
f 638/638/1 759/759/1 639/639/1
f 639/639/1 759/759/1 760/760/1
f 639/639/1 760/760/1 640/640/1
f 640/640/1 760/760/1 761/761/1
f 640/640/1 761/761/1 641/641/1
f 641/641/1 761/761/1 762/762/1
f 641/641/1 762/762/1 642/642/1
f 642/642/1 762/762/1 763/763/1
f 642/642/1 763/763/1 643/643/1
f 643/643/1 763/763/1 764/764/1
f 643/643/1 764/764/1 644/644/1
f 644/644/1 764/764/1 765/765/1
f 644/644/1 765/765/1 645/645/1
f 645/645/1 765/765/1 766/766/1
f 645/645/1 766/766/1 646/646/1
f 646/646/1 766/766/1 767/767/1
f 646/646/1 767/767/1 647/647/1
f 647/647/1 767/767/1 768/768/1
f 647/647/1 768/768/1 648/648/1
f 648/648/1 768/768/1 769/769/1
f 648/648/1 769/769/1 649/649/1
f 649/649/1 769/769/1 770/770/1
f 649/649/1 770/770/1 650/650/1
f 650/650/1 770/770/1 771/771/1
f 650/650/1 771/771/1 651/651/1
f 651/651/1 771/771/1 772/772/1
f 651/651/1 772/772/1 652/652/1
f 652/652/1 772/772/1 773/773/1
f 652/652/1 773/773/1 653/653/1
f 653/653/1 773/773/1 774/774/1
f 653/653/1 774/774/1 654/654/1
f 654/654/1 774/774/1 775/775/1
f 654/654/1 775/775/1 655/655/1
f 655/655/1 775/775/1 776/776/1
f 655/655/1 776/776/1 656/656/1
f 656/656/1 776/776/1 777/777/1
f 656/656/1 777/777/1 657/657/1
f 657/657/1 777/777/1 778/778/1
f 657/657/1 778/778/1 658/658/1
f 658/658/1 778/778/1 779/779/1
f 658/658/1 779/779/1 659/659/1
f 659/659/1 779/779/1 780/780/1
f 659/659/1 780/780/1 660/660/1
f 660/660/1 780/780/1 781/781/1
f 660/660/1 781/781/1 661/661/1
f 661/661/1 781/781/1 782/782/1
f 661/661/1 782/782/1 662/662/1
f 662/662/1 782/782/1 783/783/1
f 662/662/1 783/783/1 663/663/1
f 663/663/1 783/783/1 784/784/1
f 663/663/1 784/784/1 664/664/1
f 664/664/1 784/784/1 785/785/1
f 664/664/1 785/785/1 665/665/1
f 665/665/1 785/785/1 786/786/1
f 665/665/1 786/786/1 666/666/1
f 666/666/1 786/786/1 787/787/1
f 666/666/1 787/787/1 667/667/1
f 667/667/1 787/787/1 788/788/1
f 667/667/1 788/788/1 668/668/1
f 668/668/1 788/788/1 789/789/1
f 668/668/1 789/789/1 669/669/1
f 669/669/1 789/789/1 790/790/1
f 669/669/1 790/790/1 670/670/1
f 670/670/1 790/790/1 791/791/1
f 670/670/1 791/791/1 671/671/1
f 671/671/1 791/791/1 792/792/1
f 671/671/1 792/792/1 672/672/1
f 672/672/1 792/792/1 793/793/1
f 672/672/1 793/793/1 673/673/1
f 673/673/1 793/793/1 794/794/1
f 673/673/1 794/794/1 674/674/1
f 674/674/1 794/794/1 795/795/1
f 674/674/1 795/795/1 675/675/1
f 675/675/1 795/795/1 796/796/1
f 675/675/1 796/796/1 676/676/1
f 676/676/1 796/796/1 797/797/1
f 676/676/1 797/797/1 677/677/1
f 677/677/1 797/797/1 798/798/1
f 677/677/1 798/798/1 678/678/1
f 678/678/1 798/798/1 799/799/1
f 678/678/1 799/799/1 679/679/1
f 679/679/1 799/799/1 800/800/1
f 679/679/1 800/800/1 680/680/1
f 680/680/1 800/800/1 801/801/1
f 680/680/1 801/801/1 681/681/1
f 681/681/1 801/801/1 802/802/1
f 681/681/1 802/802/1 682/682/1
f 682/682/1 802/802/1 803/803/1
f 682/682/1 803/803/1 683/683/1
f 683/683/1 803/803/1 804/804/1
f 683/683/1 804/804/1 684/684/1
f 684/684/1 804/804/1 805/805/1
f 684/684/1 805/805/1 685/685/1
f 685/685/1 805/805/1 806/806/1
f 685/685/1 806/806/1 686/686/1
f 686/686/1 806/806/1 807/807/1
f 686/686/1 807/807/1 687/687/1
f 687/687/1 807/807/1 808/808/1
f 687/687/1 808/808/1 688/688/1
f 688/688/1 808/808/1 809/809/1
f 688/688/1 809/809/1 689/689/1
f 689/689/1 809/809/1 810/810/1
f 689/689/1 810/810/1 690/690/1
f 690/690/1 810/810/1 811/811/1
f 690/690/1 811/811/1 691/691/1
f 691/691/1 811/811/1 812/812/1
f 691/691/1 812/812/1 692/692/1
f 692/692/1 812/812/1 813/813/1
f 692/692/1 813/813/1 693/693/1
f 693/693/1 813/813/1 814/814/1
f 693/693/1 814/814/1 694/694/1
f 694/694/1 814/814/1 815/815/1
f 694/694/1 815/815/1 695/695/1
f 695/695/1 815/815/1 816/816/1
f 695/695/1 816/816/1 696/696/1
f 696/696/1 816/816/1 817/817/1
f 696/696/1 817/817/1 697/697/1
f 697/697/1 817/817/1 818/818/1
f 697/697/1 818/818/1 698/698/1
f 698/698/1 818/818/1 819/819/1
f 698/698/1 819/819/1 699/699/1
f 699/699/1 819/819/1 820/820/1
f 699/699/1 820/820/1 700/700/1
f 700/700/1 820/820/1 821/821/1
f 700/700/1 821/821/1 701/701/1
f 701/701/1 821/821/1 822/822/1
f 701/701/1 822/822/1 702/702/1
f 702/702/1 822/822/1 823/823/1
f 702/702/1 823/823/1 703/703/1
f 703/703/1 823/823/1 824/824/1
f 703/703/1 824/824/1 704/704/1
f 704/704/1 824/824/1 825/825/1
f 704/704/1 825/825/1 705/705/1
f 705/705/1 825/825/1 826/826/1
f 705/705/1 826/826/1 706/706/1
f 706/706/1 826/826/1 827/827/1
f 706/706/1 827/827/1 707/707/1
f 707/707/1 827/827/1 828/828/1
f 707/707/1 828/828/1 708/708/1
f 708/708/1 828/828/1 829/829/1
f 708/708/1 829/829/1 709/709/1
f 709/709/1 829/829/1 830/830/1
f 709/709/1 830/830/1 710/710/1
f 710/710/1 830/830/1 831/831/1
f 710/710/1 831/831/1 711/711/1
f 711/711/1 831/831/1 832/832/1
f 711/711/1 832/832/1 712/712/1
f 712/712/1 832/832/1 833/833/1
f 712/712/1 833/833/1 713/713/1
f 713/713/1 833/833/1 834/834/1
f 713/713/1 834/834/1 714/714/1
f 714/714/1 834/834/1 835/835/1
f 714/714/1 835/835/1 715/715/1
f 715/715/1 835/835/1 836/836/1
f 715/715/1 836/836/1 716/716/1
f 716/716/1 836/836/1 837/837/1
f 716/716/1 837/837/1 717/717/1
f 717/717/1 837/837/1 838/838/1
f 717/717/1 838/838/1 718/718/1
f 718/718/1 838/838/1 839/839/1
f 718/718/1 839/839/1 719/719/1
f 719/719/1 839/839/1 840/840/1
f 719/719/1 840/840/1 720/720/1
f 720/720/1 840/840/1 841/841/1
f 720/720/1 841/841/1 721/721/1
f 721/721/1 841/841/1 842/842/1
f 721/721/1 842/842/1 722/722/1
f 722/722/1 842/842/1 843/843/1
f 722/722/1 843/843/1 723/723/1
f 723/723/1 843/843/1 844/844/1
f 723/723/1 844/844/1 724/724/1
f 724/724/1 844/844/1 845/845/1
f 724/724/1 845/845/1 725/725/1
f 725/725/1 845/845/1 846/846/1
f 725/725/1 846/846/1 726/726/1
f 726/726/1 846/846/1 847/847/1
f 727/727/1 848/848/1 728/728/1
f 728/728/1 848/848/1 849/849/1
f 728/728/1 849/849/1 729/729/1
f 729/729/1 849/849/1 850/850/1
f 729/729/1 850/850/1 730/730/1
f 730/730/1 850/850/1 851/851/1
f 730/730/1 851/851/1 731/731/1
f 731/731/1 851/851/1 852/852/1
f 731/731/1 852/852/1 732/732/1
f 732/732/1 852/852/1 853/853/1
f 732/732/1 853/853/1 733/733/1
f 733/733/1 853/853/1 854/854/1
f 733/733/1 854/854/1 734/734/1
f 734/734/1 854/854/1 855/855/1
f 734/734/1 855/855/1 735/735/1
f 735/735/1 855/855/1 856/856/1
f 735/735/1 856/856/1 736/736/1
f 736/736/1 856/856/1 857/857/1
f 736/736/1 857/857/1 737/737/1
f 737/737/1 857/857/1 858/858/1
f 737/737/1 858/858/1 738/738/1
f 738/738/1 858/858/1 859/859/1
f 738/738/1 859/859/1 739/739/1
f 739/739/1 859/859/1 860/860/1
f 739/739/1 860/860/1 740/740/1
f 740/740/1 860/860/1 861/861/1
f 740/740/1 861/861/1 741/741/1
f 741/741/1 861/861/1 862/862/1
f 741/741/1 862/862/1 742/742/1
f 742/742/1 862/862/1 863/863/1
f 742/742/1 863/863/1 743/743/1
f 743/743/1 863/863/1 864/864/1
f 743/743/1 864/864/1 744/744/1
f 744/744/1 864/864/1 865/865/1
f 744/744/1 865/865/1 745/745/1
f 745/745/1 865/865/1 866/866/1
f 745/745/1 866/866/1 746/746/1
f 746/746/1 866/866/1 867/867/1
f 746/746/1 867/867/1 747/747/1
f 747/747/1 867/867/1 868/868/1
f 747/747/1 868/868/1 748/748/1
f 748/748/1 868/868/1 869/869/1
f 748/748/1 869/869/1 749/749/1
f 749/749/1 869/869/1 870/870/1
f 749/749/1 870/870/1 750/750/1
f 750/750/1 870/870/1 871/871/1
f 750/750/1 871/871/1 751/751/1
f 751/751/1 871/871/1 872/872/1
f 751/751/1 872/872/1 752/752/1
f 752/752/1 872/872/1 873/873/1
f 752/752/1 873/873/1 753/753/1
f 753/753/1 873/873/1 874/874/1
f 753/753/1 874/874/1 754/754/1
f 754/754/1 874/874/1 875/875/1
f 754/754/1 875/875/1 755/755/1
f 755/755/1 875/875/1 876/876/1
f 755/755/1 876/876/1 756/756/1
f 756/756/1 876/876/1 877/877/1
f 756/756/1 877/877/1 757/757/1
f 757/757/1 877/877/1 878/878/1
f 757/757/1 878/878/1 758/758/1
f 758/758/1 878/878/1 879/879/1
f 758/758/1 879/879/1 759/759/1
f 759/759/1 879/879/1 880/880/1
f 759/759/1 880/880/1 760/760/1
f 760/760/1 880/880/1 881/881/1
f 760/760/1 881/881/1 761/761/1
f 761/761/1 881/881/1 882/882/1
f 761/761/1 882/882/1 762/762/1
f 762/762/1 882/882/1 883/883/1
f 762/762/1 883/883/1 763/763/1
f 763/763/1 883/883/1 884/884/1
f 763/763/1 884/884/1 764/764/1
f 764/764/1 884/884/1 885/885/1
f 764/764/1 885/885/1 765/765/1
f 765/765/1 885/885/1 886/886/1
f 765/765/1 886/886/1 766/766/1
f 766/766/1 886/886/1 887/887/1
f 766/766/1 887/887/1 767/767/1
f 767/767/1 887/887/1 888/888/1
f 767/767/1 888/888/1 768/768/1
f 768/768/1 888/888/1 889/889/1
f 768/768/1 889/889/1 769/769/1
f 769/769/1 889/889/1 890/890/1
f 769/769/1 890/890/1 770/770/1
f 770/770/1 890/890/1 891/891/1
f 770/770/1 891/891/1 771/771/1
f 771/771/1 891/891/1 892/892/1
f 771/771/1 892/892/1 772/772/1
f 772/772/1 892/892/1 893/893/1
f 772/772/1 893/893/1 773/773/1
f 773/773/1 893/893/1 894/894/1
f 773/773/1 894/894/1 774/774/1
f 774/774/1 894/894/1 895/895/1
f 774/774/1 895/895/1 775/775/1
f 775/775/1 895/895/1 896/896/1
f 775/775/1 896/896/1 776/776/1
f 776/776/1 896/896/1 897/897/1
f 776/776/1 897/897/1 777/777/1
f 777/777/1 897/897/1 898/898/1
f 777/777/1 898/898/1 778/778/1
f 778/778/1 898/898/1 899/899/1
f 778/778/1 899/899/1 779/779/1
f 779/779/1 899/899/1 900/900/1
f 779/779/1 900/900/1 780/780/1
f 780/780/1 900/900/1 901/901/1
f 780/780/1 901/901/1 781/781/1
f 781/781/1 901/901/1 902/902/1
f 781/781/1 902/902/1 782/782/1
f 782/782/1 902/902/1 903/903/1
f 782/782/1 903/903/1 783/783/1
f 783/783/1 903/903/1 904/904/1
f 783/783/1 904/904/1 784/784/1
f 784/784/1 904/904/1 905/905/1
f 784/784/1 905/905/1 785/785/1
f 785/785/1 905/905/1 906/906/1
f 785/785/1 906/906/1 786/786/1
f 786/786/1 906/906/1 907/907/1
f 786/786/1 907/907/1 787/787/1
f 787/787/1 907/907/1 908/908/1
f 787/787/1 908/908/1 788/788/1
f 788/788/1 908/908/1 909/909/1
f 788/788/1 909/909/1 789/789/1
f 789/789/1 909/909/1 910/910/1
f 789/789/1 910/910/1 790/790/1
f 790/790/1 910/910/1 911/911/1
f 790/790/1 911/911/1 791/791/1
f 791/791/1 911/911/1 912/912/1
f 791/791/1 912/912/1 792/792/1
f 792/792/1 912/912/1 913/913/1
f 792/792/1 913/913/1 793/793/1
f 793/793/1 913/913/1 914/914/1
f 793/793/1 914/914/1 794/794/1
f 794/794/1 914/914/1 915/915/1
f 794/794/1 915/915/1 795/795/1
f 795/795/1 915/915/1 916/916/1
f 795/795/1 916/916/1 796/796/1
f 796/796/1 916/916/1 917/917/1
f 796/796/1 917/917/1 797/797/1
f 797/797/1 917/917/1 918/918/1
f 797/797/1 918/918/1 798/798/1
f 798/798/1 918/918/1 919/919/1
f 798/798/1 919/919/1 799/799/1
f 799/799/1 919/919/1 920/920/1
f 799/799/1 920/920/1 800/800/1
f 800/800/1 920/920/1 921/921/1
f 800/800/1 921/921/1 801/801/1
f 801/801/1 921/921/1 922/922/1
f 801/801/1 922/922/1 802/802/1
f 802/802/1 922/922/1 923/923/1
f 802/802/1 923/923/1 803/803/1
f 803/803/1 923/923/1 924/924/1
f 803/803/1 924/924/1 804/804/1
f 804/804/1 924/924/1 925/925/1
f 804/804/1 925/925/1 805/805/1
f 805/805/1 925/925/1 926/926/1
f 805/805/1 926/926/1 806/806/1
f 806/806/1 926/926/1 927/927/1
f 806/806/1 927/927/1 807/807/1
f 807/807/1 927/927/1 928/928/1
f 807/807/1 928/928/1 808/808/1
f 808/808/1 928/928/1 929/929/1
f 808/808/1 929/929/1 809/809/1
f 809/809/1 929/929/1 930/930/1
f 809/809/1 930/930/1 810/810/1
f 810/810/1 930/930/1 931/931/1
f 810/810/1 931/931/1 811/811/1
f 811/811/1 931/931/1 932/932/1
f 811/811/1 932/932/1 812/812/1
f 812/812/1 932/932/1 933/933/1
f 812/812/1 933/933/1 813/813/1
f 813/813/1 933/933/1 934/934/1
f 813/813/1 934/934/1 814/814/1
f 814/814/1 934/934/1 935/935/1
f 814/814/1 935/935/1 815/815/1
f 815/815/1 935/935/1 936/936/1
f 815/815/1 936/936/1 816/816/1
f 816/816/1 936/936/1 937/937/1
f 816/816/1 937/937/1 817/817/1
f 817/817/1 937/937/1 938/938/1
f 817/817/1 938/938/1 818/818/1
f 818/818/1 938/938/1 939/939/1
f 818/818/1 939/939/1 819/819/1
f 819/819/1 939/939/1 940/940/1
f 819/819/1 940/940/1 820/820/1
f 820/820/1 940/940/1 941/941/1
f 820/820/1 941/941/1 821/821/1
f 821/821/1 941/941/1 942/942/1
f 821/821/1 942/942/1 822/822/1
f 822/822/1 942/942/1 943/943/1
f 822/822/1 943/943/1 823/823/1
f 823/823/1 943/943/1 944/944/1
f 823/823/1 944/944/1 824/824/1
f 824/824/1 944/944/1 945/945/1
f 824/824/1 945/945/1 825/825/1
f 825/825/1 945/945/1 946/946/1
f 825/825/1 946/946/1 826/826/1
f 826/826/1 946/946/1 947/947/1
f 826/826/1 947/947/1 827/827/1
f 827/827/1 947/947/1 948/948/1
f 827/827/1 948/948/1 828/828/1
f 828/828/1 948/948/1 949/949/1
f 828/828/1 949/949/1 829/829/1
f 829/829/1 949/949/1 950/950/1
f 829/829/1 950/950/1 830/830/1
f 830/830/1 950/950/1 951/951/1
f 830/830/1 951/951/1 831/831/1
f 831/831/1 951/951/1 952/952/1
f 831/831/1 952/952/1 832/832/1
f 832/832/1 952/952/1 953/953/1
f 832/832/1 953/953/1 833/833/1
f 833/833/1 953/953/1 954/954/1
f 833/833/1 954/954/1 834/834/1
f 834/834/1 954/954/1 955/955/1
f 834/834/1 955/955/1 835/835/1
f 835/835/1 955/955/1 956/956/1
f 835/835/1 956/956/1 836/836/1
f 836/836/1 956/956/1 957/957/1
f 836/836/1 957/957/1 837/837/1
f 837/837/1 957/957/1 958/958/1
f 837/837/1 958/958/1 838/838/1
f 838/838/1 958/958/1 959/959/1
f 838/838/1 959/959/1 839/839/1
f 839/839/1 959/959/1 960/960/1
f 839/839/1 960/960/1 840/840/1
f 840/840/1 960/960/1 961/961/1
f 840/840/1 961/961/1 841/841/1
f 841/841/1 961/961/1 962/962/1
f 841/841/1 962/962/1 842/842/1
f 842/842/1 962/962/1 963/963/1
f 842/842/1 963/963/1 843/843/1
f 843/843/1 963/963/1 964/964/1
f 843/843/1 964/964/1 844/844/1
f 844/844/1 964/964/1 965/965/1
f 844/844/1 965/965/1 845/845/1
f 845/845/1 965/965/1 966/966/1
f 845/845/1 966/966/1 846/846/1
f 846/846/1 966/966/1 967/967/1
f 846/846/1 967/967/1 847/847/1
f 847/847/1 967/967/1 968/968/1
f 848/848/1 969/969/1 849/849/1
f 849/849/1 969/969/1 970/970/1
f 849/849/1 970/970/1 850/850/1
f 850/850/1 970/970/1 971/971/1
f 850/850/1 971/971/1 851/851/1
f 851/851/1 971/971/1 972/972/1
f 851/851/1 972/972/1 852/852/1
f 852/852/1 972/972/1 973/973/1
f 852/852/1 973/973/1 853/853/1
f 853/853/1 973/973/1 974/974/1
f 853/853/1 974/974/1 854/854/1
f 854/854/1 974/974/1 975/975/1
f 854/854/1 975/975/1 855/855/1
f 855/855/1 975/975/1 976/976/1
f 855/855/1 976/976/1 856/856/1
f 856/856/1 976/976/1 977/977/1
f 856/856/1 977/977/1 857/857/1
f 857/857/1 977/977/1 978/978/1
f 857/857/1 978/978/1 858/858/1
f 858/858/1 978/978/1 979/979/1
f 858/858/1 979/979/1 859/859/1
f 859/859/1 979/979/1 980/980/1
f 859/859/1 980/980/1 860/860/1
f 860/860/1 980/980/1 981/981/1
f 860/860/1 981/981/1 861/861/1
f 861/861/1 981/981/1 982/982/1
f 861/861/1 982/982/1 862/862/1
f 862/862/1 982/982/1 983/983/1
f 862/862/1 983/983/1 863/863/1
f 863/863/1 983/983/1 984/984/1
f 863/863/1 984/984/1 864/864/1
f 864/864/1 984/984/1 985/985/1
f 864/864/1 985/985/1 865/865/1
f 865/865/1 985/985/1 986/986/1
f 865/865/1 986/986/1 866/866/1
f 866/866/1 986/986/1 987/987/1
f 866/866/1 987/987/1 867/867/1
f 867/867/1 987/987/1 988/988/1
f 867/867/1 988/988/1 868/868/1
f 868/868/1 988/988/1 989/989/1
f 868/868/1 989/989/1 869/869/1
f 869/869/1 989/989/1 990/990/1
f 869/869/1 990/990/1 870/870/1
f 870/870/1 990/990/1 991/991/1
f 870/870/1 991/991/1 871/871/1
f 871/871/1 991/991/1 992/992/1
f 871/871/1 992/992/1 872/872/1
f 872/872/1 992/992/1 993/993/1
f 872/872/1 993/993/1 873/873/1
f 873/873/1 993/993/1 994/994/1
f 873/873/1 994/994/1 874/874/1
f 874/874/1 994/994/1 995/995/1
f 874/874/1 995/995/1 875/875/1
f 875/875/1 995/995/1 996/996/1
f 875/875/1 996/996/1 876/876/1
f 876/876/1 996/996/1 997/997/1
f 876/876/1 997/997/1 877/877/1
f 877/877/1 997/997/1 998/998/1
f 877/877/1 998/998/1 878/878/1
f 878/878/1 998/998/1 999/999/1
f 878/878/1 999/999/1 879/879/1
f 879/879/1 999/999/1 1000/1000/1
f 879/879/1 1000/1000/1 880/880/1
f 880/880/1 1000/1000/1 1001/1001/1
f 880/880/1 1001/1001/1 881/881/1
f 881/881/1 1001/1001/1 1002/1002/1
f 881/881/1 1002/1002/1 882/882/1
f 882/882/1 1002/1002/1 1003/1003/1
f 882/882/1 1003/1003/1 883/883/1
f 883/883/1 1003/1003/1 1004/1004/1
f 883/883/1 1004/1004/1 884/884/1
f 884/884/1 1004/1004/1 1005/1005/1
f 884/884/1 1005/1005/1 885/885/1
f 885/885/1 1005/1005/1 1006/1006/1
f 885/885/1 1006/1006/1 886/886/1
f 886/886/1 1006/1006/1 1007/1007/1
f 886/886/1 1007/1007/1 887/887/1
f 887/887/1 1007/1007/1 1008/1008/1
f 887/887/1 1008/1008/1 888/888/1
f 888/888/1 1008/1008/1 1009/1009/1
f 888/888/1 1009/1009/1 889/889/1
f 889/889/1 1009/1009/1 1010/1010/1
f 889/889/1 1010/1010/1 890/890/1
f 890/890/1 1010/1010/1 1011/1011/1
f 890/890/1 1011/1011/1 891/891/1
f 891/891/1 1011/1011/1 1012/1012/1
f 891/891/1 1012/1012/1 892/892/1
f 892/892/1 1012/1012/1 1013/1013/1
f 892/892/1 1013/1013/1 893/893/1
f 893/893/1 1013/1013/1 1014/1014/1
f 893/893/1 1014/1014/1 894/894/1
f 894/894/1 1014/1014/1 1015/1015/1
f 894/894/1 1015/1015/1 895/895/1
f 895/895/1 1015/1015/1 1016/1016/1
f 895/895/1 1016/1016/1 896/896/1
f 896/896/1 1016/1016/1 1017/1017/1
f 896/896/1 1017/1017/1 897/897/1
f 897/897/1 1017/1017/1 1018/1018/1
f 897/897/1 1018/1018/1 898/898/1
f 898/898/1 1018/1018/1 1019/1019/1
f 898/898/1 1019/1019/1 899/899/1
f 899/899/1 1019/1019/1 1020/1020/1
f 899/899/1 1020/1020/1 900/900/1
f 900/900/1 1020/1020/1 1021/1021/1
f 900/900/1 1021/1021/1 901/901/1
f 901/901/1 1021/1021/1 1022/1022/1
f 901/901/1 1022/1022/1 902/902/1
f 902/902/1 1022/1022/1 1023/1023/1
f 902/902/1 1023/1023/1 903/903/1
f 903/903/1 1023/1023/1 1024/1024/1
f 903/903/1 1024/1024/1 904/904/1
f 904/904/1 1024/1024/1 1025/1025/1
f 904/904/1 1025/1025/1 905/905/1
f 905/905/1 1025/1025/1 1026/1026/1
f 905/905/1 1026/1026/1 906/906/1
f 906/906/1 1026/1026/1 1027/1027/1
f 906/906/1 1027/1027/1 907/907/1
f 907/907/1 1027/1027/1 1028/1028/1
f 907/907/1 1028/1028/1 908/908/1
f 908/908/1 1028/1028/1 1029/1029/1
f 908/908/1 1029/1029/1 909/909/1
f 909/909/1 1029/1029/1 1030/1030/1
f 909/909/1 1030/1030/1 910/910/1
f 910/910/1 1030/1030/1 1031/1031/1
f 910/910/1 1031/1031/1 911/911/1
f 911/911/1 1031/1031/1 1032/1032/1
f 911/911/1 1032/1032/1 912/912/1
f 912/912/1 1032/1032/1 1033/1033/1
f 912/912/1 1033/1033/1 913/913/1
f 913/913/1 1033/1033/1 1034/1034/1
f 913/913/1 1034/1034/1 914/914/1
f 914/914/1 1034/1034/1 1035/1035/1
f 914/914/1 1035/1035/1 915/915/1
f 915/915/1 1035/1035/1 1036/1036/1
f 915/915/1 1036/1036/1 916/916/1
f 916/916/1 1036/1036/1 1037/1037/1
f 916/916/1 1037/1037/1 917/917/1
f 917/917/1 1037/1037/1 1038/1038/1
f 917/917/1 1038/1038/1 918/918/1
f 918/918/1 1038/1038/1 1039/1039/1
f 918/918/1 1039/1039/1 919/919/1
f 919/919/1 1039/1039/1 1040/1040/1
f 919/919/1 1040/1040/1 920/920/1
f 920/920/1 1040/1040/1 1041/1041/1
f 920/920/1 1041/1041/1 921/921/1
f 921/921/1 1041/1041/1 1042/1042/1
f 921/921/1 1042/1042/1 922/922/1
f 922/922/1 1042/1042/1 1043/1043/1
f 922/922/1 1043/1043/1 923/923/1
f 923/923/1 1043/1043/1 1044/1044/1
f 923/923/1 1044/1044/1 924/924/1
f 924/924/1 1044/1044/1 1045/1045/1
f 924/924/1 1045/1045/1 925/925/1
f 925/925/1 1045/1045/1 1046/1046/1
f 925/925/1 1046/1046/1 926/926/1
f 926/926/1 1046/1046/1 1047/1047/1
f 926/926/1 1047/1047/1 927/927/1
f 927/927/1 1047/1047/1 1048/1048/1
f 927/927/1 1048/1048/1 928/928/1
f 928/928/1 1048/1048/1 1049/1049/1
f 928/928/1 1049/1049/1 929/929/1
f 929/929/1 1049/1049/1 1050/1050/1
f 929/929/1 1050/1050/1 930/930/1
f 930/930/1 1050/1050/1 1051/1051/1
f 930/930/1 1051/1051/1 931/931/1
f 931/931/1 1051/1051/1 1052/1052/1
f 931/931/1 1052/1052/1 932/932/1
f 932/932/1 1052/1052/1 1053/1053/1
f 932/932/1 1053/1053/1 933/933/1
f 933/933/1 1053/1053/1 1054/1054/1
f 933/933/1 1054/1054/1 934/934/1
f 934/934/1 1054/1054/1 1055/1055/1
f 934/934/1 1055/1055/1 935/935/1
f 935/935/1 1055/1055/1 1056/1056/1
f 935/935/1 1056/1056/1 936/936/1
f 936/936/1 1056/1056/1 1057/1057/1
f 936/936/1 1057/1057/1 937/937/1
f 937/937/1 1057/1057/1 1058/1058/1
f 937/937/1 1058/1058/1 938/938/1
f 938/938/1 1058/1058/1 1059/1059/1
f 938/938/1 1059/1059/1 939/939/1
f 939/939/1 1059/1059/1 1060/1060/1
f 939/939/1 1060/1060/1 940/940/1
f 940/940/1 1060/1060/1 1061/1061/1
f 940/940/1 1061/1061/1 941/941/1
f 941/941/1 1061/1061/1 1062/1062/1
f 941/941/1 1062/1062/1 942/942/1
f 942/942/1 1062/1062/1 1063/1063/1
f 942/942/1 1063/1063/1 943/943/1
f 943/943/1 1063/1063/1 1064/1064/1
f 943/943/1 1064/1064/1 944/944/1
f 944/944/1 1064/1064/1 1065/1065/1
f 944/944/1 1065/1065/1 945/945/1
f 945/945/1 1065/1065/1 1066/1066/1
f 945/945/1 1066/1066/1 946/946/1
f 946/946/1 1066/1066/1 1067/1067/1
f 946/946/1 1067/1067/1 947/947/1
f 947/947/1 1067/1067/1 1068/1068/1
f 947/947/1 1068/1068/1 948/948/1
f 948/948/1 1068/1068/1 1069/1069/1
f 948/948/1 1069/1069/1 949/949/1
f 949/949/1 1069/1069/1 1070/1070/1
f 949/949/1 1070/1070/1 950/950/1
f 950/950/1 1070/1070/1 1071/1071/1
f 950/950/1 1071/1071/1 951/951/1
f 951/951/1 1071/1071/1 1072/1072/1
f 951/951/1 1072/1072/1 952/952/1
f 952/952/1 1072/1072/1 1073/1073/1
f 952/952/1 1073/1073/1 953/953/1
f 953/953/1 1073/1073/1 1074/1074/1
f 953/953/1 1074/1074/1 954/954/1
f 954/954/1 1074/1074/1 1075/1075/1
f 954/954/1 1075/1075/1 955/955/1
f 955/955/1 1075/1075/1 1076/1076/1
f 955/955/1 1076/1076/1 956/956/1
f 956/956/1 1076/1076/1 1077/1077/1
f 956/956/1 1077/1077/1 957/957/1
f 957/957/1 1077/1077/1 1078/1078/1
f 957/957/1 1078/1078/1 958/958/1
f 958/958/1 1078/1078/1 1079/1079/1
f 958/958/1 1079/1079/1 959/959/1
f 959/959/1 1079/1079/1 1080/1080/1
f 959/959/1 1080/1080/1 960/960/1
f 960/960/1 1080/1080/1 1081/1081/1
f 960/960/1 1081/1081/1 961/961/1
f 961/961/1 1081/1081/1 1082/1082/1
f 961/961/1 1082/1082/1 962/962/1
f 962/962/1 1082/1082/1 1083/1083/1
f 962/962/1 1083/1083/1 963/963/1
f 963/963/1 1083/1083/1 1084/1084/1
f 963/963/1 1084/1084/1 964/964/1
f 964/964/1 1084/1084/1 1085/1085/1
f 964/964/1 1085/1085/1 965/965/1
f 965/965/1 1085/1085/1 1086/1086/1
f 965/965/1 1086/1086/1 966/966/1
f 966/966/1 1086/1086/1 1087/1087/1
f 966/966/1 1087/1087/1 967/967/1
f 967/967/1 1087/1087/1 1088/1088/1
f 967/967/1 1088/1088/1 968/968/1
f 968/968/1 1088/1088/1 1089/1089/1
f 969/969/1 1090/1090/1 970/970/1
f 970/970/1 1090/1090/1 1091/1091/1
f 970/970/1 1091/1091/1 971/971/1
f 971/971/1 1091/1091/1 1092/1092/1
f 971/971/1 1092/1092/1 972/972/1
f 972/972/1 1092/1092/1 1093/1093/1
f 972/972/1 1093/1093/1 973/973/1
f 973/973/1 1093/1093/1 1094/1094/1
f 973/973/1 1094/1094/1 974/974/1
f 974/974/1 1094/1094/1 1095/1095/1
f 974/974/1 1095/1095/1 975/975/1
f 975/975/1 1095/1095/1 1096/1096/1
f 975/975/1 1096/1096/1 976/976/1
f 976/976/1 1096/1096/1 1097/1097/1
f 976/976/1 1097/1097/1 977/977/1
f 977/977/1 1097/1097/1 1098/1098/1
f 977/977/1 1098/1098/1 978/978/1
f 978/978/1 1098/1098/1 1099/1099/1
f 978/978/1 1099/1099/1 979/979/1
f 979/979/1 1099/1099/1 1100/1100/1
f 979/979/1 1100/1100/1 980/980/1
f 980/980/1 1100/1100/1 1101/1101/1
f 980/980/1 1101/1101/1 981/981/1
f 981/981/1 1101/1101/1 1102/1102/1
f 981/981/1 1102/1102/1 982/982/1
f 982/982/1 1102/1102/1 1103/1103/1
f 982/982/1 1103/1103/1 983/983/1
f 983/983/1 1103/1103/1 1104/1104/1
f 983/983/1 1104/1104/1 984/984/1
f 984/984/1 1104/1104/1 1105/1105/1
f 984/984/1 1105/1105/1 985/985/1
f 985/985/1 1105/1105/1 1106/1106/1
f 985/985/1 1106/1106/1 986/986/1
f 986/986/1 1106/1106/1 1107/1107/1
f 986/986/1 1107/1107/1 987/987/1
f 987/987/1 1107/1107/1 1108/1108/1
f 987/987/1 1108/1108/1 988/988/1
f 988/988/1 1108/1108/1 1109/1109/1
f 988/988/1 1109/1109/1 989/989/1
f 989/989/1 1109/1109/1 1110/1110/1
f 989/989/1 1110/1110/1 990/990/1
f 990/990/1 1110/1110/1 1111/1111/1
f 990/990/1 1111/1111/1 991/991/1
f 991/991/1 1111/1111/1 1112/1112/1
f 991/991/1 1112/1112/1 992/992/1
f 992/992/1 1112/1112/1 1113/1113/1
f 992/992/1 1113/1113/1 993/993/1
f 993/993/1 1113/1113/1 1114/1114/1
f 993/993/1 1114/1114/1 994/994/1
f 994/994/1 1114/1114/1 1115/1115/1
f 994/994/1 1115/1115/1 995/995/1
f 995/995/1 1115/1115/1 1116/1116/1
f 995/995/1 1116/1116/1 996/996/1
f 996/996/1 1116/1116/1 1117/1117/1
f 996/996/1 1117/1117/1 997/997/1
f 997/997/1 1117/1117/1 1118/1118/1
f 997/997/1 1118/1118/1 998/998/1
f 998/998/1 1118/1118/1 1119/1119/1
f 998/998/1 1119/1119/1 999/999/1
f 999/999/1 1119/1119/1 1120/1120/1
f 999/999/1 1120/1120/1 1000/1000/1
f 1000/1000/1 1120/1120/1 1121/1121/1
f 1000/1000/1 1121/1121/1 1001/1001/1
f 1001/1001/1 1121/1121/1 1122/1122/1
f 1001/1001/1 1122/1122/1 1002/1002/1
f 1002/1002/1 1122/1122/1 1123/1123/1
f 1002/1002/1 1123/1123/1 1003/1003/1
f 1003/1003/1 1123/1123/1 1124/1124/1
f 1003/1003/1 1124/1124/1 1004/1004/1
f 1004/1004/1 1124/1124/1 1125/1125/1
f 1004/1004/1 1125/1125/1 1005/1005/1
f 1005/1005/1 1125/1125/1 1126/1126/1
f 1005/1005/1 1126/1126/1 1006/1006/1
f 1006/1006/1 1126/1126/1 1127/1127/1
f 1006/1006/1 1127/1127/1 1007/1007/1
f 1007/1007/1 1127/1127/1 1128/1128/1
f 1007/1007/1 1128/1128/1 1008/1008/1
f 1008/1008/1 1128/1128/1 1129/1129/1
f 1008/1008/1 1129/1129/1 1009/1009/1
f 1009/1009/1 1129/1129/1 1130/1130/1
f 1009/1009/1 1130/1130/1 1010/1010/1
f 1010/1010/1 1130/1130/1 1131/1131/1
f 1010/1010/1 1131/1131/1 1011/1011/1
f 1011/1011/1 1131/1131/1 1132/1132/1
f 1011/1011/1 1132/1132/1 1012/1012/1
f 1012/1012/1 1132/1132/1 1133/1133/1
f 1012/1012/1 1133/1133/1 1013/1013/1
f 1013/1013/1 1133/1133/1 1134/1134/1
f 1013/1013/1 1134/1134/1 1014/1014/1
f 1014/1014/1 1134/1134/1 1135/1135/1
f 1014/1014/1 1135/1135/1 1015/1015/1
f 1015/1015/1 1135/1135/1 1136/1136/1
f 1015/1015/1 1136/1136/1 1016/1016/1
f 1016/1016/1 1136/1136/1 1137/1137/1
f 1016/1016/1 1137/1137/1 1017/1017/1
f 1017/1017/1 1137/1137/1 1138/1138/1
f 1017/1017/1 1138/1138/1 1018/1018/1
f 1018/1018/1 1138/1138/1 1139/1139/1
f 1018/1018/1 1139/1139/1 1019/1019/1
f 1019/1019/1 1139/1139/1 1140/1140/1
f 1019/1019/1 1140/1140/1 1020/1020/1
f 1020/1020/1 1140/1140/1 1141/1141/1
f 1020/1020/1 1141/1141/1 1021/1021/1
f 1021/1021/1 1141/1141/1 1142/1142/1
f 1021/1021/1 1142/1142/1 1022/1022/1
f 1022/1022/1 1142/1142/1 1143/1143/1
f 1022/1022/1 1143/1143/1 1023/1023/1
f 1023/1023/1 1143/1143/1 1144/1144/1
f 1023/1023/1 1144/1144/1 1024/1024/1
f 1024/1024/1 1144/1144/1 1145/1145/1
f 1024/1024/1 1145/1145/1 1025/1025/1
f 1025/1025/1 1145/1145/1 1146/1146/1
f 1025/1025/1 1146/1146/1 1026/1026/1
f 1026/1026/1 1146/1146/1 1147/1147/1
f 1026/1026/1 1147/1147/1 1027/1027/1
f 1027/1027/1 1147/1147/1 1148/1148/1
f 1027/1027/1 1148/1148/1 1028/1028/1
f 1028/1028/1 1148/1148/1 1149/1149/1
f 1028/1028/1 1149/1149/1 1029/1029/1
f 1029/1029/1 1149/1149/1 1150/1150/1
f 1029/1029/1 1150/1150/1 1030/1030/1
f 1030/1030/1 1150/1150/1 1151/1151/1
f 1030/1030/1 1151/1151/1 1031/1031/1
f 1031/1031/1 1151/1151/1 1152/1152/1
f 1031/1031/1 1152/1152/1 1032/1032/1
f 1032/1032/1 1152/1152/1 1153/1153/1
f 1032/1032/1 1153/1153/1 1033/1033/1
f 1033/1033/1 1153/1153/1 1154/1154/1
f 1033/1033/1 1154/1154/1 1034/1034/1
f 1034/1034/1 1154/1154/1 1155/1155/1
f 1034/1034/1 1155/1155/1 1035/1035/1
f 1035/1035/1 1155/1155/1 1156/1156/1
f 1035/1035/1 1156/1156/1 1036/1036/1
f 1036/1036/1 1156/1156/1 1157/1157/1
f 1036/1036/1 1157/1157/1 1037/1037/1
f 1037/1037/1 1157/1157/1 1158/1158/1
f 1037/1037/1 1158/1158/1 1038/1038/1
f 1038/1038/1 1158/1158/1 1159/1159/1
f 1038/1038/1 1159/1159/1 1039/1039/1
f 1039/1039/1 1159/1159/1 1160/1160/1
f 1039/1039/1 1160/1160/1 1040/1040/1
f 1040/1040/1 1160/1160/1 1161/1161/1
f 1040/1040/1 1161/1161/1 1041/1041/1
f 1041/1041/1 1161/1161/1 1162/1162/1
f 1041/1041/1 1162/1162/1 1042/1042/1
f 1042/1042/1 1162/1162/1 1163/1163/1
f 1042/1042/1 1163/1163/1 1043/1043/1
f 1043/1043/1 1163/1163/1 1164/1164/1
f 1043/1043/1 1164/1164/1 1044/1044/1
f 1044/1044/1 1164/1164/1 1165/1165/1
f 1044/1044/1 1165/1165/1 1045/1045/1
f 1045/1045/1 1165/1165/1 1166/1166/1
f 1045/1045/1 1166/1166/1 1046/1046/1
f 1046/1046/1 1166/1166/1 1167/1167/1
f 1046/1046/1 1167/1167/1 1047/1047/1
f 1047/1047/1 1167/1167/1 1168/1168/1
f 1047/1047/1 1168/1168/1 1048/1048/1
f 1048/1048/1 1168/1168/1 1169/1169/1
f 1048/1048/1 1169/1169/1 1049/1049/1
f 1049/1049/1 1169/1169/1 1170/1170/1
f 1049/1049/1 1170/1170/1 1050/1050/1
f 1050/1050/1 1170/1170/1 1171/1171/1
f 1050/1050/1 1171/1171/1 1051/1051/1
f 1051/1051/1 1171/1171/1 1172/1172/1
f 1051/1051/1 1172/1172/1 1052/1052/1
f 1052/1052/1 1172/1172/1 1173/1173/1
f 1052/1052/1 1173/1173/1 1053/1053/1
f 1053/1053/1 1173/1173/1 1174/1174/1
f 1053/1053/1 1174/1174/1 1054/1054/1
f 1054/1054/1 1174/1174/1 1175/1175/1
f 1054/1054/1 1175/1175/1 1055/1055/1
f 1055/1055/1 1175/1175/1 1176/1176/1
f 1055/1055/1 1176/1176/1 1056/1056/1
f 1056/1056/1 1176/1176/1 1177/1177/1
f 1056/1056/1 1177/1177/1 1057/1057/1
f 1057/1057/1 1177/1177/1 1178/1178/1
f 1057/1057/1 1178/1178/1 1058/1058/1
f 1058/1058/1 1178/1178/1 1179/1179/1
f 1058/1058/1 1179/1179/1 1059/1059/1
f 1059/1059/1 1179/1179/1 1180/1180/1
f 1059/1059/1 1180/1180/1 1060/1060/1
f 1060/1060/1 1180/1180/1 1181/1181/1
f 1060/1060/1 1181/1181/1 1061/1061/1
f 1061/1061/1 1181/1181/1 1182/1182/1
f 1061/1061/1 1182/1182/1 1062/1062/1
f 1062/1062/1 1182/1182/1 1183/1183/1
f 1062/1062/1 1183/1183/1 1063/1063/1
f 1063/1063/1 1183/1183/1 1184/1184/1
f 1063/1063/1 1184/1184/1 1064/1064/1
f 1064/1064/1 1184/1184/1 1185/1185/1
f 1064/1064/1 1185/1185/1 1065/1065/1
f 1065/1065/1 1185/1185/1 1186/1186/1
f 1065/1065/1 1186/1186/1 1066/1066/1
f 1066/1066/1 1186/1186/1 1187/1187/1
f 1066/1066/1 1187/1187/1 1067/1067/1
f 1067/1067/1 1187/1187/1 1188/1188/1
f 1067/1067/1 1188/1188/1 1068/1068/1
f 1068/1068/1 1188/1188/1 1189/1189/1
f 1068/1068/1 1189/1189/1 1069/1069/1
f 1069/1069/1 1189/1189/1 1190/1190/1
f 1069/1069/1 1190/1190/1 1070/1070/1
f 1070/1070/1 1190/1190/1 1191/1191/1
f 1070/1070/1 1191/1191/1 1071/1071/1
f 1071/1071/1 1191/1191/1 1192/1192/1
f 1071/1071/1 1192/1192/1 1072/1072/1
f 1072/1072/1 1192/1192/1 1193/1193/1
f 1072/1072/1 1193/1193/1 1073/1073/1
f 1073/1073/1 1193/1193/1 1194/1194/1
f 1073/1073/1 1194/1194/1 1074/1074/1
f 1074/1074/1 1194/1194/1 1195/1195/1
f 1074/1074/1 1195/1195/1 1075/1075/1
f 1075/1075/1 1195/1195/1 1196/1196/1
f 1075/1075/1 1196/1196/1 1076/1076/1
f 1076/1076/1 1196/1196/1 1197/1197/1
f 1076/1076/1 1197/1197/1 1077/1077/1
f 1077/1077/1 1197/1197/1 1198/1198/1
f 1077/1077/1 1198/1198/1 1078/1078/1
f 1078/1078/1 1198/1198/1 1199/1199/1
f 1078/1078/1 1199/1199/1 1079/1079/1
f 1079/1079/1 1199/1199/1 1200/1200/1
f 1079/1079/1 1200/1200/1 1080/1080/1
f 1080/1080/1 1200/1200/1 1201/1201/1
f 1080/1080/1 1201/1201/1 1081/1081/1
f 1081/1081/1 1201/1201/1 1202/1202/1
f 1081/1081/1 1202/1202/1 1082/1082/1
f 1082/1082/1 1202/1202/1 1203/1203/1
f 1082/1082/1 1203/1203/1 1083/1083/1
f 1083/1083/1 1203/1203/1 1204/1204/1
f 1083/1083/1 1204/1204/1 1084/1084/1
f 1084/1084/1 1204/1204/1 1205/1205/1
f 1084/1084/1 1205/1205/1 1085/1085/1
f 1085/1085/1 1205/1205/1 1206/1206/1
f 1085/1085/1 1206/1206/1 1086/1086/1
f 1086/1086/1 1206/1206/1 1207/1207/1
f 1086/1086/1 1207/1207/1 1087/1087/1
f 1087/1087/1 1207/1207/1 1208/1208/1
f 1087/1087/1 1208/1208/1 1088/1088/1
f 1088/1088/1 1208/1208/1 1209/1209/1
f 1088/1088/1 1209/1209/1 1089/1089/1
f 1089/1089/1 1209/1209/1 1210/1210/1
f 1090/1090/1 1211/1211/1 1091/1091/1
f 1091/1091/1 1211/1211/1 1212/1212/1
f 1091/1091/1 1212/1212/1 1092/1092/1
f 1092/1092/1 1212/1212/1 1213/1213/1
f 1092/1092/1 1213/1213/1 1093/1093/1
f 1093/1093/1 1213/1213/1 1214/1214/1
f 1093/1093/1 1214/1214/1 1094/1094/1
f 1094/1094/1 1214/1214/1 1215/1215/1
f 1094/1094/1 1215/1215/1 1095/1095/1
f 1095/1095/1 1215/1215/1 1216/1216/1
f 1095/1095/1 1216/1216/1 1096/1096/1
f 1096/1096/1 1216/1216/1 1217/1217/1
f 1096/1096/1 1217/1217/1 1097/1097/1
f 1097/1097/1 1217/1217/1 1218/1218/1
f 1097/1097/1 1218/1218/1 1098/1098/1
f 1098/1098/1 1218/1218/1 1219/1219/1
f 1098/1098/1 1219/1219/1 1099/1099/1
f 1099/1099/1 1219/1219/1 1220/1220/1
f 1099/1099/1 1220/1220/1 1100/1100/1
f 1100/1100/1 1220/1220/1 1221/1221/1
f 1100/1100/1 1221/1221/1 1101/1101/1
f 1101/1101/1 1221/1221/1 1222/1222/1
f 1101/1101/1 1222/1222/1 1102/1102/1
f 1102/1102/1 1222/1222/1 1223/1223/1
f 1102/1102/1 1223/1223/1 1103/1103/1
f 1103/1103/1 1223/1223/1 1224/1224/1
f 1103/1103/1 1224/1224/1 1104/1104/1
f 1104/1104/1 1224/1224/1 1225/1225/1
f 1104/1104/1 1225/1225/1 1105/1105/1
f 1105/1105/1 1225/1225/1 1226/1226/1
f 1105/1105/1 1226/1226/1 1106/1106/1
f 1106/1106/1 1226/1226/1 1227/1227/1
f 1106/1106/1 1227/1227/1 1107/1107/1
f 1107/1107/1 1227/1227/1 1228/1228/1
f 1107/1107/1 1228/1228/1 1108/1108/1
f 1108/1108/1 1228/1228/1 1229/1229/1
f 1108/1108/1 1229/1229/1 1109/1109/1
f 1109/1109/1 1229/1229/1 1230/1230/1
f 1109/1109/1 1230/1230/1 1110/1110/1
f 1110/1110/1 1230/1230/1 1231/1231/1
f 1110/1110/1 1231/1231/1 1111/1111/1
f 1111/1111/1 1231/1231/1 1232/1232/1
f 1111/1111/1 1232/1232/1 1112/1112/1
f 1112/1112/1 1232/1232/1 1233/1233/1
f 1112/1112/1 1233/1233/1 1113/1113/1
f 1113/1113/1 1233/1233/1 1234/1234/1
f 1113/1113/1 1234/1234/1 1114/1114/1
f 1114/1114/1 1234/1234/1 1235/1235/1
f 1114/1114/1 1235/1235/1 1115/1115/1
f 1115/1115/1 1235/1235/1 1236/1236/1
f 1115/1115/1 1236/1236/1 1116/1116/1
f 1116/1116/1 1236/1236/1 1237/1237/1
f 1116/1116/1 1237/1237/1 1117/1117/1
f 1117/1117/1 1237/1237/1 1238/1238/1
f 1117/1117/1 1238/1238/1 1118/1118/1
f 1118/1118/1 1238/1238/1 1239/1239/1
f 1118/1118/1 1239/1239/1 1119/1119/1
f 1119/1119/1 1239/1239/1 1240/1240/1
f 1119/1119/1 1240/1240/1 1120/1120/1
f 1120/1120/1 1240/1240/1 1241/1241/1
f 1120/1120/1 1241/1241/1 1121/1121/1
f 1121/1121/1 1241/1241/1 1242/1242/1
f 1121/1121/1 1242/1242/1 1122/1122/1
f 1122/1122/1 1242/1242/1 1243/1243/1
f 1122/1122/1 1243/1243/1 1123/1123/1
f 1123/1123/1 1243/1243/1 1244/1244/1
f 1123/1123/1 1244/1244/1 1124/1124/1
f 1124/1124/1 1244/1244/1 1245/1245/1
f 1124/1124/1 1245/1245/1 1125/1125/1
f 1125/1125/1 1245/1245/1 1246/1246/1
f 1125/1125/1 1246/1246/1 1126/1126/1
f 1126/1126/1 1246/1246/1 1247/1247/1
f 1126/1126/1 1247/1247/1 1127/1127/1
f 1127/1127/1 1247/1247/1 1248/1248/1
f 1127/1127/1 1248/1248/1 1128/1128/1
f 1128/1128/1 1248/1248/1 1249/1249/1
f 1128/1128/1 1249/1249/1 1129/1129/1
f 1129/1129/1 1249/1249/1 1250/1250/1
f 1129/1129/1 1250/1250/1 1130/1130/1
f 1130/1130/1 1250/1250/1 1251/1251/1
f 1130/1130/1 1251/1251/1 1131/1131/1
f 1131/1131/1 1251/1251/1 1252/1252/1
f 1131/1131/1 1252/1252/1 1132/1132/1
f 1132/1132/1 1252/1252/1 1253/1253/1
f 1132/1132/1 1253/1253/1 1133/1133/1
f 1133/1133/1 1253/1253/1 1254/1254/1
f 1133/1133/1 1254/1254/1 1134/1134/1
f 1134/1134/1 1254/1254/1 1255/1255/1
f 1134/1134/1 1255/1255/1 1135/1135/1
f 1135/1135/1 1255/1255/1 1256/1256/1
f 1135/1135/1 1256/1256/1 1136/1136/1
f 1136/1136/1 1256/1256/1 1257/1257/1
f 1136/1136/1 1257/1257/1 1137/1137/1
f 1137/1137/1 1257/1257/1 1258/1258/1
f 1137/1137/1 1258/1258/1 1138/1138/1
f 1138/1138/1 1258/1258/1 1259/1259/1
f 1138/1138/1 1259/1259/1 1139/1139/1
f 1139/1139/1 1259/1259/1 1260/1260/1
f 1139/1139/1 1260/1260/1 1140/1140/1
f 1140/1140/1 1260/1260/1 1261/1261/1
f 1140/1140/1 1261/1261/1 1141/1141/1
f 1141/1141/1 1261/1261/1 1262/1262/1
f 1141/1141/1 1262/1262/1 1142/1142/1
f 1142/1142/1 1262/1262/1 1263/1263/1
f 1142/1142/1 1263/1263/1 1143/1143/1
f 1143/1143/1 1263/1263/1 1264/1264/1
f 1143/1143/1 1264/1264/1 1144/1144/1
f 1144/1144/1 1264/1264/1 1265/1265/1
f 1144/1144/1 1265/1265/1 1145/1145/1
f 1145/1145/1 1265/1265/1 1266/1266/1
f 1145/1145/1 1266/1266/1 1146/1146/1
f 1146/1146/1 1266/1266/1 1267/1267/1
f 1146/1146/1 1267/1267/1 1147/1147/1
f 1147/1147/1 1267/1267/1 1268/1268/1
f 1147/1147/1 1268/1268/1 1148/1148/1
f 1148/1148/1 1268/1268/1 1269/1269/1
f 1148/1148/1 1269/1269/1 1149/1149/1
f 1149/1149/1 1269/1269/1 1270/1270/1
f 1149/1149/1 1270/1270/1 1150/1150/1
f 1150/1150/1 1270/1270/1 1271/1271/1
f 1150/1150/1 1271/1271/1 1151/1151/1
f 1151/1151/1 1271/1271/1 1272/1272/1
f 1151/1151/1 1272/1272/1 1152/1152/1
f 1152/1152/1 1272/1272/1 1273/1273/1
f 1152/1152/1 1273/1273/1 1153/1153/1
f 1153/1153/1 1273/1273/1 1274/1274/1
f 1153/1153/1 1274/1274/1 1154/1154/1
f 1154/1154/1 1274/1274/1 1275/1275/1
f 1154/1154/1 1275/1275/1 1155/1155/1
f 1155/1155/1 1275/1275/1 1276/1276/1
f 1155/1155/1 1276/1276/1 1156/1156/1
f 1156/1156/1 1276/1276/1 1277/1277/1
f 1156/1156/1 1277/1277/1 1157/1157/1
f 1157/1157/1 1277/1277/1 1278/1278/1
f 1157/1157/1 1278/1278/1 1158/1158/1
f 1158/1158/1 1278/1278/1 1279/1279/1
f 1158/1158/1 1279/1279/1 1159/1159/1
f 1159/1159/1 1279/1279/1 1280/1280/1
f 1159/1159/1 1280/1280/1 1160/1160/1
f 1160/1160/1 1280/1280/1 1281/1281/1
f 1160/1160/1 1281/1281/1 1161/1161/1
f 1161/1161/1 1281/1281/1 1282/1282/1
f 1161/1161/1 1282/1282/1 1162/1162/1
f 1162/1162/1 1282/1282/1 1283/1283/1
f 1162/1162/1 1283/1283/1 1163/1163/1
f 1163/1163/1 1283/1283/1 1284/1284/1
f 1163/1163/1 1284/1284/1 1164/1164/1
f 1164/1164/1 1284/1284/1 1285/1285/1
f 1164/1164/1 1285/1285/1 1165/1165/1
f 1165/1165/1 1285/1285/1 1286/1286/1
f 1165/1165/1 1286/1286/1 1166/1166/1
f 1166/1166/1 1286/1286/1 1287/1287/1
f 1166/1166/1 1287/1287/1 1167/1167/1
f 1167/1167/1 1287/1287/1 1288/1288/1
f 1167/1167/1 1288/1288/1 1168/1168/1
f 1168/1168/1 1288/1288/1 1289/1289/1
f 1168/1168/1 1289/1289/1 1169/1169/1
f 1169/1169/1 1289/1289/1 1290/1290/1
f 1169/1169/1 1290/1290/1 1170/1170/1
f 1170/1170/1 1290/1290/1 1291/1291/1
f 1170/1170/1 1291/1291/1 1171/1171/1
f 1171/1171/1 1291/1291/1 1292/1292/1
f 1171/1171/1 1292/1292/1 1172/1172/1
f 1172/1172/1 1292/1292/1 1293/1293/1
f 1172/1172/1 1293/1293/1 1173/1173/1
f 1173/1173/1 1293/1293/1 1294/1294/1
f 1173/1173/1 1294/1294/1 1174/1174/1
f 1174/1174/1 1294/1294/1 1295/1295/1
f 1174/1174/1 1295/1295/1 1175/1175/1
f 1175/1175/1 1295/1295/1 1296/1296/1
f 1175/1175/1 1296/1296/1 1176/1176/1
f 1176/1176/1 1296/1296/1 1297/1297/1
f 1176/1176/1 1297/1297/1 1177/1177/1
f 1177/1177/1 1297/1297/1 1298/1298/1
f 1177/1177/1 1298/1298/1 1178/1178/1
f 1178/1178/1 1298/1298/1 1299/1299/1
f 1178/1178/1 1299/1299/1 1179/1179/1
f 1179/1179/1 1299/1299/1 1300/1300/1
f 1179/1179/1 1300/1300/1 1180/1180/1
f 1180/1180/1 1300/1300/1 1301/1301/1
f 1180/1180/1 1301/1301/1 1181/1181/1
f 1181/1181/1 1301/1301/1 1302/1302/1
f 1181/1181/1 1302/1302/1 1182/1182/1
f 1182/1182/1 1302/1302/1 1303/1303/1
f 1182/1182/1 1303/1303/1 1183/1183/1
f 1183/1183/1 1303/1303/1 1304/1304/1
f 1183/1183/1 1304/1304/1 1184/1184/1
f 1184/1184/1 1304/1304/1 1305/1305/1
f 1184/1184/1 1305/1305/1 1185/1185/1
f 1185/1185/1 1305/1305/1 1306/1306/1
f 1185/1185/1 1306/1306/1 1186/1186/1
f 1186/1186/1 1306/1306/1 1307/1307/1
f 1186/1186/1 1307/1307/1 1187/1187/1
f 1187/1187/1 1307/1307/1 1308/1308/1
f 1187/1187/1 1308/1308/1 1188/1188/1
f 1188/1188/1 1308/1308/1 1309/1309/1
f 1188/1188/1 1309/1309/1 1189/1189/1
f 1189/1189/1 1309/1309/1 1310/1310/1
f 1189/1189/1 1310/1310/1 1190/1190/1
f 1190/1190/1 1310/1310/1 1311/1311/1
f 1190/1190/1 1311/1311/1 1191/1191/1
f 1191/1191/1 1311/1311/1 1312/1312/1
f 1191/1191/1 1312/1312/1 1192/1192/1
f 1192/1192/1 1312/1312/1 1313/1313/1
f 1192/1192/1 1313/1313/1 1193/1193/1
f 1193/1193/1 1313/1313/1 1314/1314/1
f 1193/1193/1 1314/1314/1 1194/1194/1
f 1194/1194/1 1314/1314/1 1315/1315/1
f 1194/1194/1 1315/1315/1 1195/1195/1
f 1195/1195/1 1315/1315/1 1316/1316/1
f 1195/1195/1 1316/1316/1 1196/1196/1
f 1196/1196/1 1316/1316/1 1317/1317/1
f 1196/1196/1 1317/1317/1 1197/1197/1
f 1197/1197/1 1317/1317/1 1318/1318/1
f 1197/1197/1 1318/1318/1 1198/1198/1
f 1198/1198/1 1318/1318/1 1319/1319/1
f 1198/1198/1 1319/1319/1 1199/1199/1
f 1199/1199/1 1319/1319/1 1320/1320/1
f 1199/1199/1 1320/1320/1 1200/1200/1
f 1200/1200/1 1320/1320/1 1321/1321/1
f 1200/1200/1 1321/1321/1 1201/1201/1
f 1201/1201/1 1321/1321/1 1322/1322/1
f 1201/1201/1 1322/1322/1 1202/1202/1
f 1202/1202/1 1322/1322/1 1323/1323/1
f 1202/1202/1 1323/1323/1 1203/1203/1
f 1203/1203/1 1323/1323/1 1324/1324/1
f 1203/1203/1 1324/1324/1 1204/1204/1
f 1204/1204/1 1324/1324/1 1325/1325/1
f 1204/1204/1 1325/1325/1 1205/1205/1
f 1205/1205/1 1325/1325/1 1326/1326/1
f 1205/1205/1 1326/1326/1 1206/1206/1
f 1206/1206/1 1326/1326/1 1327/1327/1
f 1206/1206/1 1327/1327/1 1207/1207/1
f 1207/1207/1 1327/1327/1 1328/1328/1
f 1207/1207/1 1328/1328/1 1208/1208/1
f 1208/1208/1 1328/1328/1 1329/1329/1
f 1208/1208/1 1329/1329/1 1209/1209/1
f 1209/1209/1 1329/1329/1 1330/1330/1
f 1209/1209/1 1330/1330/1 1210/1210/1
f 1210/1210/1 1330/1330/1 1331/1331/1
f 1211/1211/1 1332/1332/1 1212/1212/1
f 1212/1212/1 1332/1332/1 1333/1333/1
f 1212/1212/1 1333/1333/1 1213/1213/1
f 1213/1213/1 1333/1333/1 1334/1334/1
f 1213/1213/1 1334/1334/1 1214/1214/1
f 1214/1214/1 1334/1334/1 1335/1335/1
f 1214/1214/1 1335/1335/1 1215/1215/1
f 1215/1215/1 1335/1335/1 1336/1336/1
f 1215/1215/1 1336/1336/1 1216/1216/1
f 1216/1216/1 1336/1336/1 1337/1337/1
f 1216/1216/1 1337/1337/1 1217/1217/1
f 1217/1217/1 1337/1337/1 1338/1338/1
f 1217/1217/1 1338/1338/1 1218/1218/1
f 1218/1218/1 1338/1338/1 1339/1339/1
f 1218/1218/1 1339/1339/1 1219/1219/1
f 1219/1219/1 1339/1339/1 1340/1340/1
f 1219/1219/1 1340/1340/1 1220/1220/1
f 1220/1220/1 1340/1340/1 1341/1341/1
f 1220/1220/1 1341/1341/1 1221/1221/1
f 1221/1221/1 1341/1341/1 1342/1342/1
f 1221/1221/1 1342/1342/1 1222/1222/1
f 1222/1222/1 1342/1342/1 1343/1343/1
f 1222/1222/1 1343/1343/1 1223/1223/1
f 1223/1223/1 1343/1343/1 1344/1344/1
f 1223/1223/1 1344/1344/1 1224/1224/1
f 1224/1224/1 1344/1344/1 1345/1345/1
f 1224/1224/1 1345/1345/1 1225/1225/1
f 1225/1225/1 1345/1345/1 1346/1346/1
f 1225/1225/1 1346/1346/1 1226/1226/1
f 1226/1226/1 1346/1346/1 1347/1347/1
f 1226/1226/1 1347/1347/1 1227/1227/1
f 1227/1227/1 1347/1347/1 1348/1348/1
f 1227/1227/1 1348/1348/1 1228/1228/1
f 1228/1228/1 1348/1348/1 1349/1349/1
f 1228/1228/1 1349/1349/1 1229/1229/1
f 1229/1229/1 1349/1349/1 1350/1350/1
f 1229/1229/1 1350/1350/1 1230/1230/1
f 1230/1230/1 1350/1350/1 1351/1351/1
f 1230/1230/1 1351/1351/1 1231/1231/1
f 1231/1231/1 1351/1351/1 1352/1352/1
f 1231/1231/1 1352/1352/1 1232/1232/1
f 1232/1232/1 1352/1352/1 1353/1353/1
f 1232/1232/1 1353/1353/1 1233/1233/1
f 1233/1233/1 1353/1353/1 1354/1354/1
f 1233/1233/1 1354/1354/1 1234/1234/1
f 1234/1234/1 1354/1354/1 1355/1355/1
f 1234/1234/1 1355/1355/1 1235/1235/1
f 1235/1235/1 1355/1355/1 1356/1356/1
f 1235/1235/1 1356/1356/1 1236/1236/1
f 1236/1236/1 1356/1356/1 1357/1357/1
f 1236/1236/1 1357/1357/1 1237/1237/1
f 1237/1237/1 1357/1357/1 1358/1358/1
f 1237/1237/1 1358/1358/1 1238/1238/1
f 1238/1238/1 1358/1358/1 1359/1359/1
f 1238/1238/1 1359/1359/1 1239/1239/1
f 1239/1239/1 1359/1359/1 1360/1360/1
f 1239/1239/1 1360/1360/1 1240/1240/1
f 1240/1240/1 1360/1360/1 1361/1361/1
f 1240/1240/1 1361/1361/1 1241/1241/1
f 1241/1241/1 1361/1361/1 1362/1362/1
f 1241/1241/1 1362/1362/1 1242/1242/1
f 1242/1242/1 1362/1362/1 1363/1363/1
f 1242/1242/1 1363/1363/1 1243/1243/1
f 1243/1243/1 1363/1363/1 1364/1364/1
f 1243/1243/1 1364/1364/1 1244/1244/1
f 1244/1244/1 1364/1364/1 1365/1365/1
f 1244/1244/1 1365/1365/1 1245/1245/1
f 1245/1245/1 1365/1365/1 1366/1366/1
f 1245/1245/1 1366/1366/1 1246/1246/1
f 1246/1246/1 1366/1366/1 1367/1367/1
f 1246/1246/1 1367/1367/1 1247/1247/1
f 1247/1247/1 1367/1367/1 1368/1368/1
f 1247/1247/1 1368/1368/1 1248/1248/1
f 1248/1248/1 1368/1368/1 1369/1369/1
f 1248/1248/1 1369/1369/1 1249/1249/1
f 1249/1249/1 1369/1369/1 1370/1370/1
f 1249/1249/1 1370/1370/1 1250/1250/1
f 1250/1250/1 1370/1370/1 1371/1371/1
f 1250/1250/1 1371/1371/1 1251/1251/1
f 1251/1251/1 1371/1371/1 1372/1372/1
f 1251/1251/1 1372/1372/1 1252/1252/1
f 1252/1252/1 1372/1372/1 1373/1373/1
f 1252/1252/1 1373/1373/1 1253/1253/1
f 1253/1253/1 1373/1373/1 1374/1374/1
f 1253/1253/1 1374/1374/1 1254/1254/1
f 1254/1254/1 1374/1374/1 1375/1375/1
f 1254/1254/1 1375/1375/1 1255/1255/1
f 1255/1255/1 1375/1375/1 1376/1376/1
f 1255/1255/1 1376/1376/1 1256/1256/1
f 1256/1256/1 1376/1376/1 1377/1377/1
f 1256/1256/1 1377/1377/1 1257/1257/1
f 1257/1257/1 1377/1377/1 1378/1378/1
f 1257/1257/1 1378/1378/1 1258/1258/1
f 1258/1258/1 1378/1378/1 1379/1379/1
f 1258/1258/1 1379/1379/1 1259/1259/1
f 1259/1259/1 1379/1379/1 1380/1380/1
f 1259/1259/1 1380/1380/1 1260/1260/1
f 1260/1260/1 1380/1380/1 1381/1381/1
f 1260/1260/1 1381/1381/1 1261/1261/1
f 1261/1261/1 1381/1381/1 1382/1382/1
f 1261/1261/1 1382/1382/1 1262/1262/1
f 1262/1262/1 1382/1382/1 1383/1383/1
f 1262/1262/1 1383/1383/1 1263/1263/1
f 1263/1263/1 1383/1383/1 1384/1384/1
f 1263/1263/1 1384/1384/1 1264/1264/1
f 1264/1264/1 1384/1384/1 1385/1385/1
f 1264/1264/1 1385/1385/1 1265/1265/1
f 1265/1265/1 1385/1385/1 1386/1386/1
f 1265/1265/1 1386/1386/1 1266/1266/1
f 1266/1266/1 1386/1386/1 1387/1387/1
f 1266/1266/1 1387/1387/1 1267/1267/1
f 1267/1267/1 1387/1387/1 1388/1388/1
f 1267/1267/1 1388/1388/1 1268/1268/1
f 1268/1268/1 1388/1388/1 1389/1389/1
f 1268/1268/1 1389/1389/1 1269/1269/1
f 1269/1269/1 1389/1389/1 1390/1390/1
f 1269/1269/1 1390/1390/1 1270/1270/1
f 1270/1270/1 1390/1390/1 1391/1391/1
f 1270/1270/1 1391/1391/1 1271/1271/1
f 1271/1271/1 1391/1391/1 1392/1392/1
f 1271/1271/1 1392/1392/1 1272/1272/1
f 1272/1272/1 1392/1392/1 1393/1393/1
f 1272/1272/1 1393/1393/1 1273/1273/1
f 1273/1273/1 1393/1393/1 1394/1394/1
f 1273/1273/1 1394/1394/1 1274/1274/1
f 1274/1274/1 1394/1394/1 1395/1395/1
f 1274/1274/1 1395/1395/1 1275/1275/1
f 1275/1275/1 1395/1395/1 1396/1396/1
f 1275/1275/1 1396/1396/1 1276/1276/1
f 1276/1276/1 1396/1396/1 1397/1397/1
f 1276/1276/1 1397/1397/1 1277/1277/1
f 1277/1277/1 1397/1397/1 1398/1398/1
f 1277/1277/1 1398/1398/1 1278/1278/1
f 1278/1278/1 1398/1398/1 1399/1399/1
f 1278/1278/1 1399/1399/1 1279/1279/1
f 1279/1279/1 1399/1399/1 1400/1400/1
f 1279/1279/1 1400/1400/1 1280/1280/1
f 1280/1280/1 1400/1400/1 1401/1401/1
f 1280/1280/1 1401/1401/1 1281/1281/1
f 1281/1281/1 1401/1401/1 1402/1402/1
f 1281/1281/1 1402/1402/1 1282/1282/1
f 1282/1282/1 1402/1402/1 1403/1403/1
f 1282/1282/1 1403/1403/1 1283/1283/1
f 1283/1283/1 1403/1403/1 1404/1404/1
f 1283/1283/1 1404/1404/1 1284/1284/1
f 1284/1284/1 1404/1404/1 1405/1405/1
f 1284/1284/1 1405/1405/1 1285/1285/1
f 1285/1285/1 1405/1405/1 1406/1406/1
f 1285/1285/1 1406/1406/1 1286/1286/1
f 1286/1286/1 1406/1406/1 1407/1407/1
f 1286/1286/1 1407/1407/1 1287/1287/1
f 1287/1287/1 1407/1407/1 1408/1408/1
f 1287/1287/1 1408/1408/1 1288/1288/1
f 1288/1288/1 1408/1408/1 1409/1409/1
f 1288/1288/1 1409/1409/1 1289/1289/1
f 1289/1289/1 1409/1409/1 1410/1410/1
f 1289/1289/1 1410/1410/1 1290/1290/1
f 1290/1290/1 1410/1410/1 1411/1411/1
f 1290/1290/1 1411/1411/1 1291/1291/1
f 1291/1291/1 1411/1411/1 1412/1412/1
f 1291/1291/1 1412/1412/1 1292/1292/1
f 1292/1292/1 1412/1412/1 1413/1413/1
f 1292/1292/1 1413/1413/1 1293/1293/1
f 1293/1293/1 1413/1413/1 1414/1414/1
f 1293/1293/1 1414/1414/1 1294/1294/1
f 1294/1294/1 1414/1414/1 1415/1415/1
f 1294/1294/1 1415/1415/1 1295/1295/1
f 1295/1295/1 1415/1415/1 1416/1416/1
f 1295/1295/1 1416/1416/1 1296/1296/1
f 1296/1296/1 1416/1416/1 1417/1417/1
f 1296/1296/1 1417/1417/1 1297/1297/1
f 1297/1297/1 1417/1417/1 1418/1418/1
f 1297/1297/1 1418/1418/1 1298/1298/1
f 1298/1298/1 1418/1418/1 1419/1419/1
f 1298/1298/1 1419/1419/1 1299/1299/1
f 1299/1299/1 1419/1419/1 1420/1420/1
f 1299/1299/1 1420/1420/1 1300/1300/1
f 1300/1300/1 1420/1420/1 1421/1421/1
f 1300/1300/1 1421/1421/1 1301/1301/1
f 1301/1301/1 1421/1421/1 1422/1422/1
f 1301/1301/1 1422/1422/1 1302/1302/1
f 1302/1302/1 1422/1422/1 1423/1423/1
f 1302/1302/1 1423/1423/1 1303/1303/1
f 1303/1303/1 1423/1423/1 1424/1424/1
f 1303/1303/1 1424/1424/1 1304/1304/1
f 1304/1304/1 1424/1424/1 1425/1425/1
f 1304/1304/1 1425/1425/1 1305/1305/1
f 1305/1305/1 1425/1425/1 1426/1426/1
f 1305/1305/1 1426/1426/1 1306/1306/1
f 1306/1306/1 1426/1426/1 1427/1427/1
f 1306/1306/1 1427/1427/1 1307/1307/1
f 1307/1307/1 1427/1427/1 1428/1428/1
f 1307/1307/1 1428/1428/1 1308/1308/1
f 1308/1308/1 1428/1428/1 1429/1429/1
f 1308/1308/1 1429/1429/1 1309/1309/1
f 1309/1309/1 1429/1429/1 1430/1430/1
f 1309/1309/1 1430/1430/1 1310/1310/1
f 1310/1310/1 1430/1430/1 1431/1431/1
f 1310/1310/1 1431/1431/1 1311/1311/1
f 1311/1311/1 1431/1431/1 1432/1432/1
f 1311/1311/1 1432/1432/1 1312/1312/1
f 1312/1312/1 1432/1432/1 1433/1433/1
f 1312/1312/1 1433/1433/1 1313/1313/1
f 1313/1313/1 1433/1433/1 1434/1434/1
f 1313/1313/1 1434/1434/1 1314/1314/1
f 1314/1314/1 1434/1434/1 1435/1435/1
f 1314/1314/1 1435/1435/1 1315/1315/1
f 1315/1315/1 1435/1435/1 1436/1436/1
f 1315/1315/1 1436/1436/1 1316/1316/1
f 1316/1316/1 1436/1436/1 1437/1437/1
f 1316/1316/1 1437/1437/1 1317/1317/1
f 1317/1317/1 1437/1437/1 1438/1438/1
f 1317/1317/1 1438/1438/1 1318/1318/1
f 1318/1318/1 1438/1438/1 1439/1439/1
f 1318/1318/1 1439/1439/1 1319/1319/1
f 1319/1319/1 1439/1439/1 1440/1440/1
f 1319/1319/1 1440/1440/1 1320/1320/1
f 1320/1320/1 1440/1440/1 1441/1441/1
f 1320/1320/1 1441/1441/1 1321/1321/1
f 1321/1321/1 1441/1441/1 1442/1442/1
f 1321/1321/1 1442/1442/1 1322/1322/1
f 1322/1322/1 1442/1442/1 1443/1443/1
f 1322/1322/1 1443/1443/1 1323/1323/1
f 1323/1323/1 1443/1443/1 1444/1444/1
f 1323/1323/1 1444/1444/1 1324/1324/1
f 1324/1324/1 1444/1444/1 1445/1445/1
f 1324/1324/1 1445/1445/1 1325/1325/1
f 1325/1325/1 1445/1445/1 1446/1446/1
f 1325/1325/1 1446/1446/1 1326/1326/1
f 1326/1326/1 1446/1446/1 1447/1447/1
f 1326/1326/1 1447/1447/1 1327/1327/1
f 1327/1327/1 1447/1447/1 1448/1448/1
f 1327/1327/1 1448/1448/1 1328/1328/1
f 1328/1328/1 1448/1448/1 1449/1449/1
f 1328/1328/1 1449/1449/1 1329/1329/1
f 1329/1329/1 1449/1449/1 1450/1450/1
f 1329/1329/1 1450/1450/1 1330/1330/1
f 1330/1330/1 1450/1450/1 1451/1451/1
f 1330/1330/1 1451/1451/1 1331/1331/1
f 1331/1331/1 1451/1451/1 1452/1452/1
f 1332/1332/1 1453/1453/1 1333/1333/1
f 1333/1333/1 1453/1453/1 1454/1454/1
f 1333/1333/1 1454/1454/1 1334/1334/1
f 1334/1334/1 1454/1454/1 1455/1455/1
f 1334/1334/1 1455/1455/1 1335/1335/1
f 1335/1335/1 1455/1455/1 1456/1456/1
f 1335/1335/1 1456/1456/1 1336/1336/1
f 1336/1336/1 1456/1456/1 1457/1457/1
f 1336/1336/1 1457/1457/1 1337/1337/1
f 1337/1337/1 1457/1457/1 1458/1458/1
f 1337/1337/1 1458/1458/1 1338/1338/1
f 1338/1338/1 1458/1458/1 1459/1459/1
f 1338/1338/1 1459/1459/1 1339/1339/1
f 1339/1339/1 1459/1459/1 1460/1460/1
f 1339/1339/1 1460/1460/1 1340/1340/1
f 1340/1340/1 1460/1460/1 1461/1461/1
f 1340/1340/1 1461/1461/1 1341/1341/1
f 1341/1341/1 1461/1461/1 1462/1462/1
f 1341/1341/1 1462/1462/1 1342/1342/1
f 1342/1342/1 1462/1462/1 1463/1463/1
f 1342/1342/1 1463/1463/1 1343/1343/1
f 1343/1343/1 1463/1463/1 1464/1464/1
f 1343/1343/1 1464/1464/1 1344/1344/1
f 1344/1344/1 1464/1464/1 1465/1465/1
f 1344/1344/1 1465/1465/1 1345/1345/1
f 1345/1345/1 1465/1465/1 1466/1466/1
f 1345/1345/1 1466/1466/1 1346/1346/1
f 1346/1346/1 1466/1466/1 1467/1467/1
f 1346/1346/1 1467/1467/1 1347/1347/1
f 1347/1347/1 1467/1467/1 1468/1468/1
f 1347/1347/1 1468/1468/1 1348/1348/1
f 1348/1348/1 1468/1468/1 1469/1469/1
f 1348/1348/1 1469/1469/1 1349/1349/1
f 1349/1349/1 1469/1469/1 1470/1470/1
f 1349/1349/1 1470/1470/1 1350/1350/1
f 1350/1350/1 1470/1470/1 1471/1471/1
f 1350/1350/1 1471/1471/1 1351/1351/1
f 1351/1351/1 1471/1471/1 1472/1472/1
f 1351/1351/1 1472/1472/1 1352/1352/1
f 1352/1352/1 1472/1472/1 1473/1473/1
f 1352/1352/1 1473/1473/1 1353/1353/1
f 1353/1353/1 1473/1473/1 1474/1474/1
f 1353/1353/1 1474/1474/1 1354/1354/1
f 1354/1354/1 1474/1474/1 1475/1475/1
f 1354/1354/1 1475/1475/1 1355/1355/1
f 1355/1355/1 1475/1475/1 1476/1476/1
f 1355/1355/1 1476/1476/1 1356/1356/1
f 1356/1356/1 1476/1476/1 1477/1477/1
f 1356/1356/1 1477/1477/1 1357/1357/1
f 1357/1357/1 1477/1477/1 1478/1478/1
f 1357/1357/1 1478/1478/1 1358/1358/1
f 1358/1358/1 1478/1478/1 1479/1479/1
f 1358/1358/1 1479/1479/1 1359/1359/1
f 1359/1359/1 1479/1479/1 1480/1480/1
f 1359/1359/1 1480/1480/1 1360/1360/1
f 1360/1360/1 1480/1480/1 1481/1481/1
f 1360/1360/1 1481/1481/1 1361/1361/1
f 1361/1361/1 1481/1481/1 1482/1482/1
f 1361/1361/1 1482/1482/1 1362/1362/1
f 1362/1362/1 1482/1482/1 1483/1483/1
f 1362/1362/1 1483/1483/1 1363/1363/1
f 1363/1363/1 1483/1483/1 1484/1484/1
f 1363/1363/1 1484/1484/1 1364/1364/1
f 1364/1364/1 1484/1484/1 1485/1485/1
f 1364/1364/1 1485/1485/1 1365/1365/1
f 1365/1365/1 1485/1485/1 1486/1486/1
f 1365/1365/1 1486/1486/1 1366/1366/1
f 1366/1366/1 1486/1486/1 1487/1487/1
f 1366/1366/1 1487/1487/1 1367/1367/1
f 1367/1367/1 1487/1487/1 1488/1488/1
f 1367/1367/1 1488/1488/1 1368/1368/1
f 1368/1368/1 1488/1488/1 1489/1489/1
f 1368/1368/1 1489/1489/1 1369/1369/1
f 1369/1369/1 1489/1489/1 1490/1490/1
f 1369/1369/1 1490/1490/1 1370/1370/1
f 1370/1370/1 1490/1490/1 1491/1491/1
f 1370/1370/1 1491/1491/1 1371/1371/1
f 1371/1371/1 1491/1491/1 1492/1492/1
f 1371/1371/1 1492/1492/1 1372/1372/1
f 1372/1372/1 1492/1492/1 1493/1493/1
f 1372/1372/1 1493/1493/1 1373/1373/1
f 1373/1373/1 1493/1493/1 1494/1494/1
f 1373/1373/1 1494/1494/1 1374/1374/1
f 1374/1374/1 1494/1494/1 1495/1495/1
f 1374/1374/1 1495/1495/1 1375/1375/1
f 1375/1375/1 1495/1495/1 1496/1496/1
f 1375/1375/1 1496/1496/1 1376/1376/1
f 1376/1376/1 1496/1496/1 1497/1497/1
f 1376/1376/1 1497/1497/1 1377/1377/1
f 1377/1377/1 1497/1497/1 1498/1498/1
f 1377/1377/1 1498/1498/1 1378/1378/1
f 1378/1378/1 1498/1498/1 1499/1499/1
f 1378/1378/1 1499/1499/1 1379/1379/1
f 1379/1379/1 1499/1499/1 1500/1500/1
f 1379/1379/1 1500/1500/1 1380/1380/1
f 1380/1380/1 1500/1500/1 1501/1501/1
f 1380/1380/1 1501/1501/1 1381/1381/1
f 1381/1381/1 1501/1501/1 1502/1502/1
f 1381/1381/1 1502/1502/1 1382/1382/1
f 1382/1382/1 1502/1502/1 1503/1503/1
f 1382/1382/1 1503/1503/1 1383/1383/1
f 1383/1383/1 1503/1503/1 1504/1504/1
f 1383/1383/1 1504/1504/1 1384/1384/1
f 1384/1384/1 1504/1504/1 1505/1505/1
f 1384/1384/1 1505/1505/1 1385/1385/1
f 1385/1385/1 1505/1505/1 1506/1506/1
f 1385/1385/1 1506/1506/1 1386/1386/1
f 1386/1386/1 1506/1506/1 1507/1507/1
f 1386/1386/1 1507/1507/1 1387/1387/1
f 1387/1387/1 1507/1507/1 1508/1508/1
f 1387/1387/1 1508/1508/1 1388/1388/1
f 1388/1388/1 1508/1508/1 1509/1509/1
f 1388/1388/1 1509/1509/1 1389/1389/1
f 1389/1389/1 1509/1509/1 1510/1510/1
f 1389/1389/1 1510/1510/1 1390/1390/1
f 1390/1390/1 1510/1510/1 1511/1511/1
f 1390/1390/1 1511/1511/1 1391/1391/1
f 1391/1391/1 1511/1511/1 1512/1512/1
f 1391/1391/1 1512/1512/1 1392/1392/1
f 1392/1392/1 1512/1512/1 1513/1513/1
f 1392/1392/1 1513/1513/1 1393/1393/1
f 1393/1393/1 1513/1513/1 1514/1514/1
f 1393/1393/1 1514/1514/1 1394/1394/1
f 1394/1394/1 1514/1514/1 1515/1515/1
f 1394/1394/1 1515/1515/1 1395/1395/1
f 1395/1395/1 1515/1515/1 1516/1516/1
f 1395/1395/1 1516/1516/1 1396/1396/1
f 1396/1396/1 1516/1516/1 1517/1517/1
f 1396/1396/1 1517/1517/1 1397/1397/1
f 1397/1397/1 1517/1517/1 1518/1518/1
f 1397/1397/1 1518/1518/1 1398/1398/1
f 1398/1398/1 1518/1518/1 1519/1519/1
f 1398/1398/1 1519/1519/1 1399/1399/1
f 1399/1399/1 1519/1519/1 1520/1520/1
f 1399/1399/1 1520/1520/1 1400/1400/1
f 1400/1400/1 1520/1520/1 1521/1521/1
f 1400/1400/1 1521/1521/1 1401/1401/1
f 1401/1401/1 1521/1521/1 1522/1522/1
f 1401/1401/1 1522/1522/1 1402/1402/1
f 1402/1402/1 1522/1522/1 1523/1523/1
f 1402/1402/1 1523/1523/1 1403/1403/1
f 1403/1403/1 1523/1523/1 1524/1524/1
f 1403/1403/1 1524/1524/1 1404/1404/1
f 1404/1404/1 1524/1524/1 1525/1525/1
f 1404/1404/1 1525/1525/1 1405/1405/1
f 1405/1405/1 1525/1525/1 1526/1526/1
f 1405/1405/1 1526/1526/1 1406/1406/1
f 1406/1406/1 1526/1526/1 1527/1527/1
f 1406/1406/1 1527/1527/1 1407/1407/1
f 1407/1407/1 1527/1527/1 1528/1528/1
f 1407/1407/1 1528/1528/1 1408/1408/1
f 1408/1408/1 1528/1528/1 1529/1529/1
f 1408/1408/1 1529/1529/1 1409/1409/1
f 1409/1409/1 1529/1529/1 1530/1530/1
f 1409/1409/1 1530/1530/1 1410/1410/1
f 1410/1410/1 1530/1530/1 1531/1531/1
f 1410/1410/1 1531/1531/1 1411/1411/1
f 1411/1411/1 1531/1531/1 1532/1532/1
f 1411/1411/1 1532/1532/1 1412/1412/1
f 1412/1412/1 1532/1532/1 1533/1533/1
f 1412/1412/1 1533/1533/1 1413/1413/1
f 1413/1413/1 1533/1533/1 1534/1534/1
f 1413/1413/1 1534/1534/1 1414/1414/1
f 1414/1414/1 1534/1534/1 1535/1535/1
f 1414/1414/1 1535/1535/1 1415/1415/1
f 1415/1415/1 1535/1535/1 1536/1536/1
f 1415/1415/1 1536/1536/1 1416/1416/1
f 1416/1416/1 1536/1536/1 1537/1537/1
f 1416/1416/1 1537/1537/1 1417/1417/1
f 1417/1417/1 1537/1537/1 1538/1538/1
f 1417/1417/1 1538/1538/1 1418/1418/1
f 1418/1418/1 1538/1538/1 1539/1539/1
f 1418/1418/1 1539/1539/1 1419/1419/1
f 1419/1419/1 1539/1539/1 1540/1540/1
f 1419/1419/1 1540/1540/1 1420/1420/1
f 1420/1420/1 1540/1540/1 1541/1541/1
f 1420/1420/1 1541/1541/1 1421/1421/1
f 1421/1421/1 1541/1541/1 1542/1542/1
f 1421/1421/1 1542/1542/1 1422/1422/1
f 1422/1422/1 1542/1542/1 1543/1543/1
f 1422/1422/1 1543/1543/1 1423/1423/1
f 1423/1423/1 1543/1543/1 1544/1544/1
f 1423/1423/1 1544/1544/1 1424/1424/1
f 1424/1424/1 1544/1544/1 1545/1545/1
f 1424/1424/1 1545/1545/1 1425/1425/1
f 1425/1425/1 1545/1545/1 1546/1546/1
f 1425/1425/1 1546/1546/1 1426/1426/1
f 1426/1426/1 1546/1546/1 1547/1547/1
f 1426/1426/1 1547/1547/1 1427/1427/1
f 1427/1427/1 1547/1547/1 1548/1548/1
f 1427/1427/1 1548/1548/1 1428/1428/1
f 1428/1428/1 1548/1548/1 1549/1549/1
f 1428/1428/1 1549/1549/1 1429/1429/1
f 1429/1429/1 1549/1549/1 1550/1550/1
f 1429/1429/1 1550/1550/1 1430/1430/1
f 1430/1430/1 1550/1550/1 1551/1551/1
f 1430/1430/1 1551/1551/1 1431/1431/1
f 1431/1431/1 1551/1551/1 1552/1552/1
f 1431/1431/1 1552/1552/1 1432/1432/1
f 1432/1432/1 1552/1552/1 1553/1553/1
f 1432/1432/1 1553/1553/1 1433/1433/1
f 1433/1433/1 1553/1553/1 1554/1554/1
f 1433/1433/1 1554/1554/1 1434/1434/1
f 1434/1434/1 1554/1554/1 1555/1555/1
f 1434/1434/1 1555/1555/1 1435/1435/1
f 1435/1435/1 1555/1555/1 1556/1556/1
f 1435/1435/1 1556/1556/1 1436/1436/1
f 1436/1436/1 1556/1556/1 1557/1557/1
f 1436/1436/1 1557/1557/1 1437/1437/1
f 1437/1437/1 1557/1557/1 1558/1558/1
f 1437/1437/1 1558/1558/1 1438/1438/1
f 1438/1438/1 1558/1558/1 1559/1559/1
f 1438/1438/1 1559/1559/1 1439/1439/1
f 1439/1439/1 1559/1559/1 1560/1560/1
f 1439/1439/1 1560/1560/1 1440/1440/1
f 1440/1440/1 1560/1560/1 1561/1561/1
f 1440/1440/1 1561/1561/1 1441/1441/1
f 1441/1441/1 1561/1561/1 1562/1562/1
f 1441/1441/1 1562/1562/1 1442/1442/1
f 1442/1442/1 1562/1562/1 1563/1563/1
f 1442/1442/1 1563/1563/1 1443/1443/1
f 1443/1443/1 1563/1563/1 1564/1564/1
f 1443/1443/1 1564/1564/1 1444/1444/1
f 1444/1444/1 1564/1564/1 1565/1565/1
f 1444/1444/1 1565/1565/1 1445/1445/1
f 1445/1445/1 1565/1565/1 1566/1566/1
f 1445/1445/1 1566/1566/1 1446/1446/1
f 1446/1446/1 1566/1566/1 1567/1567/1
f 1446/1446/1 1567/1567/1 1447/1447/1
f 1447/1447/1 1567/1567/1 1568/1568/1
f 1447/1447/1 1568/1568/1 1448/1448/1
f 1448/1448/1 1568/1568/1 1569/1569/1
f 1448/1448/1 1569/1569/1 1449/1449/1
f 1449/1449/1 1569/1569/1 1570/1570/1
f 1449/1449/1 1570/1570/1 1450/1450/1
f 1450/1450/1 1570/1570/1 1571/1571/1
f 1450/1450/1 1571/1571/1 1451/1451/1
f 1451/1451/1 1571/1571/1 1572/1572/1
f 1451/1451/1 1572/1572/1 1452/1452/1
f 1452/1452/1 1572/1572/1 1573/1573/1
f 1453/1453/1 1574/1574/1 1454/1454/1
f 1454/1454/1 1574/1574/1 1575/1575/1
f 1454/1454/1 1575/1575/1 1455/1455/1
f 1455/1455/1 1575/1575/1 1576/1576/1
f 1455/1455/1 1576/1576/1 1456/1456/1
f 1456/1456/1 1576/1576/1 1577/1577/1
f 1456/1456/1 1577/1577/1 1457/1457/1
f 1457/1457/1 1577/1577/1 1578/1578/1
f 1457/1457/1 1578/1578/1 1458/1458/1
f 1458/1458/1 1578/1578/1 1579/1579/1
f 1458/1458/1 1579/1579/1 1459/1459/1
f 1459/1459/1 1579/1579/1 1580/1580/1
f 1459/1459/1 1580/1580/1 1460/1460/1
f 1460/1460/1 1580/1580/1 1581/1581/1
f 1460/1460/1 1581/1581/1 1461/1461/1
f 1461/1461/1 1581/1581/1 1582/1582/1
f 1461/1461/1 1582/1582/1 1462/1462/1
f 1462/1462/1 1582/1582/1 1583/1583/1
f 1462/1462/1 1583/1583/1 1463/1463/1
f 1463/1463/1 1583/1583/1 1584/1584/1
f 1463/1463/1 1584/1584/1 1464/1464/1
f 1464/1464/1 1584/1584/1 1585/1585/1
f 1464/1464/1 1585/1585/1 1465/1465/1
f 1465/1465/1 1585/1585/1 1586/1586/1
f 1465/1465/1 1586/1586/1 1466/1466/1
f 1466/1466/1 1586/1586/1 1587/1587/1
f 1466/1466/1 1587/1587/1 1467/1467/1
f 1467/1467/1 1587/1587/1 1588/1588/1
f 1467/1467/1 1588/1588/1 1468/1468/1
f 1468/1468/1 1588/1588/1 1589/1589/1
f 1468/1468/1 1589/1589/1 1469/1469/1
f 1469/1469/1 1589/1589/1 1590/1590/1
f 1469/1469/1 1590/1590/1 1470/1470/1
f 1470/1470/1 1590/1590/1 1591/1591/1
f 1470/1470/1 1591/1591/1 1471/1471/1
f 1471/1471/1 1591/1591/1 1592/1592/1
f 1471/1471/1 1592/1592/1 1472/1472/1
f 1472/1472/1 1592/1592/1 1593/1593/1
f 1472/1472/1 1593/1593/1 1473/1473/1
f 1473/1473/1 1593/1593/1 1594/1594/1
f 1473/1473/1 1594/1594/1 1474/1474/1
f 1474/1474/1 1594/1594/1 1595/1595/1
f 1474/1474/1 1595/1595/1 1475/1475/1
f 1475/1475/1 1595/1595/1 1596/1596/1
f 1475/1475/1 1596/1596/1 1476/1476/1
f 1476/1476/1 1596/1596/1 1597/1597/1
f 1476/1476/1 1597/1597/1 1477/1477/1
f 1477/1477/1 1597/1597/1 1598/1598/1
f 1477/1477/1 1598/1598/1 1478/1478/1
f 1478/1478/1 1598/1598/1 1599/1599/1
f 1478/1478/1 1599/1599/1 1479/1479/1
f 1479/1479/1 1599/1599/1 1600/1600/1
f 1479/1479/1 1600/1600/1 1480/1480/1
f 1480/1480/1 1600/1600/1 1601/1601/1
f 1480/1480/1 1601/1601/1 1481/1481/1
f 1481/1481/1 1601/1601/1 1602/1602/1
f 1481/1481/1 1602/1602/1 1482/1482/1
f 1482/1482/1 1602/1602/1 1603/1603/1
f 1482/1482/1 1603/1603/1 1483/1483/1
f 1483/1483/1 1603/1603/1 1604/1604/1
f 1483/1483/1 1604/1604/1 1484/1484/1
f 1484/1484/1 1604/1604/1 1605/1605/1
f 1484/1484/1 1605/1605/1 1485/1485/1
f 1485/1485/1 1605/1605/1 1606/1606/1
f 1485/1485/1 1606/1606/1 1486/1486/1
f 1486/1486/1 1606/1606/1 1607/1607/1
f 1486/1486/1 1607/1607/1 1487/1487/1
f 1487/1487/1 1607/1607/1 1608/1608/1
f 1487/1487/1 1608/1608/1 1488/1488/1
f 1488/1488/1 1608/1608/1 1609/1609/1
f 1488/1488/1 1609/1609/1 1489/1489/1
f 1489/1489/1 1609/1609/1 1610/1610/1
f 1489/1489/1 1610/1610/1 1490/1490/1
f 1490/1490/1 1610/1610/1 1611/1611/1
f 1490/1490/1 1611/1611/1 1491/1491/1
f 1491/1491/1 1611/1611/1 1612/1612/1
f 1491/1491/1 1612/1612/1 1492/1492/1
f 1492/1492/1 1612/1612/1 1613/1613/1
f 1492/1492/1 1613/1613/1 1493/1493/1
f 1493/1493/1 1613/1613/1 1614/1614/1
f 1493/1493/1 1614/1614/1 1494/1494/1
f 1494/1494/1 1614/1614/1 1615/1615/1
f 1494/1494/1 1615/1615/1 1495/1495/1
f 1495/1495/1 1615/1615/1 1616/1616/1
f 1495/1495/1 1616/1616/1 1496/1496/1
f 1496/1496/1 1616/1616/1 1617/1617/1
f 1496/1496/1 1617/1617/1 1497/1497/1
f 1497/1497/1 1617/1617/1 1618/1618/1
f 1497/1497/1 1618/1618/1 1498/1498/1
f 1498/1498/1 1618/1618/1 1619/1619/1
f 1498/1498/1 1619/1619/1 1499/1499/1
f 1499/1499/1 1619/1619/1 1620/1620/1
f 1499/1499/1 1620/1620/1 1500/1500/1
f 1500/1500/1 1620/1620/1 1621/1621/1
f 1500/1500/1 1621/1621/1 1501/1501/1
f 1501/1501/1 1621/1621/1 1622/1622/1
f 1501/1501/1 1622/1622/1 1502/1502/1
f 1502/1502/1 1622/1622/1 1623/1623/1
f 1502/1502/1 1623/1623/1 1503/1503/1
f 1503/1503/1 1623/1623/1 1624/1624/1
f 1503/1503/1 1624/1624/1 1504/1504/1
f 1504/1504/1 1624/1624/1 1625/1625/1
f 1504/1504/1 1625/1625/1 1505/1505/1
f 1505/1505/1 1625/1625/1 1626/1626/1
f 1505/1505/1 1626/1626/1 1506/1506/1
f 1506/1506/1 1626/1626/1 1627/1627/1
f 1506/1506/1 1627/1627/1 1507/1507/1
f 1507/1507/1 1627/1627/1 1628/1628/1
f 1507/1507/1 1628/1628/1 1508/1508/1
f 1508/1508/1 1628/1628/1 1629/1629/1
f 1508/1508/1 1629/1629/1 1509/1509/1
f 1509/1509/1 1629/1629/1 1630/1630/1
f 1509/1509/1 1630/1630/1 1510/1510/1
f 1510/1510/1 1630/1630/1 1631/1631/1
f 1510/1510/1 1631/1631/1 1511/1511/1
f 1511/1511/1 1631/1631/1 1632/1632/1
f 1511/1511/1 1632/1632/1 1512/1512/1
f 1512/1512/1 1632/1632/1 1633/1633/1
f 1512/1512/1 1633/1633/1 1513/1513/1
f 1513/1513/1 1633/1633/1 1634/1634/1
f 1513/1513/1 1634/1634/1 1514/1514/1
f 1514/1514/1 1634/1634/1 1635/1635/1
f 1514/1514/1 1635/1635/1 1515/1515/1
f 1515/1515/1 1635/1635/1 1636/1636/1
f 1515/1515/1 1636/1636/1 1516/1516/1
f 1516/1516/1 1636/1636/1 1637/1637/1
f 1516/1516/1 1637/1637/1 1517/1517/1
f 1517/1517/1 1637/1637/1 1638/1638/1
f 1517/1517/1 1638/1638/1 1518/1518/1
f 1518/1518/1 1638/1638/1 1639/1639/1
f 1518/1518/1 1639/1639/1 1519/1519/1
f 1519/1519/1 1639/1639/1 1640/1640/1
f 1519/1519/1 1640/1640/1 1520/1520/1
f 1520/1520/1 1640/1640/1 1641/1641/1
f 1520/1520/1 1641/1641/1 1521/1521/1
f 1521/1521/1 1641/1641/1 1642/1642/1
f 1521/1521/1 1642/1642/1 1522/1522/1
f 1522/1522/1 1642/1642/1 1643/1643/1
f 1522/1522/1 1643/1643/1 1523/1523/1
f 1523/1523/1 1643/1643/1 1644/1644/1
f 1523/1523/1 1644/1644/1 1524/1524/1
f 1524/1524/1 1644/1644/1 1645/1645/1
f 1524/1524/1 1645/1645/1 1525/1525/1
f 1525/1525/1 1645/1645/1 1646/1646/1
f 1525/1525/1 1646/1646/1 1526/1526/1
f 1526/1526/1 1646/1646/1 1647/1647/1
f 1526/1526/1 1647/1647/1 1527/1527/1
f 1527/1527/1 1647/1647/1 1648/1648/1
f 1527/1527/1 1648/1648/1 1528/1528/1
f 1528/1528/1 1648/1648/1 1649/1649/1
f 1528/1528/1 1649/1649/1 1529/1529/1
f 1529/1529/1 1649/1649/1 1650/1650/1
f 1529/1529/1 1650/1650/1 1530/1530/1
f 1530/1530/1 1650/1650/1 1651/1651/1
f 1530/1530/1 1651/1651/1 1531/1531/1
f 1531/1531/1 1651/1651/1 1652/1652/1
f 1531/1531/1 1652/1652/1 1532/1532/1
f 1532/1532/1 1652/1652/1 1653/1653/1
f 1532/1532/1 1653/1653/1 1533/1533/1
f 1533/1533/1 1653/1653/1 1654/1654/1
f 1533/1533/1 1654/1654/1 1534/1534/1
f 1534/1534/1 1654/1654/1 1655/1655/1
f 1534/1534/1 1655/1655/1 1535/1535/1
f 1535/1535/1 1655/1655/1 1656/1656/1
f 1535/1535/1 1656/1656/1 1536/1536/1
f 1536/1536/1 1656/1656/1 1657/1657/1
f 1536/1536/1 1657/1657/1 1537/1537/1
f 1537/1537/1 1657/1657/1 1658/1658/1
f 1537/1537/1 1658/1658/1 1538/1538/1
f 1538/1538/1 1658/1658/1 1659/1659/1
f 1538/1538/1 1659/1659/1 1539/1539/1
f 1539/1539/1 1659/1659/1 1660/1660/1
f 1539/1539/1 1660/1660/1 1540/1540/1
f 1540/1540/1 1660/1660/1 1661/1661/1
f 1540/1540/1 1661/1661/1 1541/1541/1
f 1541/1541/1 1661/1661/1 1662/1662/1
f 1541/1541/1 1662/1662/1 1542/1542/1
f 1542/1542/1 1662/1662/1 1663/1663/1
f 1542/1542/1 1663/1663/1 1543/1543/1
f 1543/1543/1 1663/1663/1 1664/1664/1
f 1543/1543/1 1664/1664/1 1544/1544/1
f 1544/1544/1 1664/1664/1 1665/1665/1
f 1544/1544/1 1665/1665/1 1545/1545/1
f 1545/1545/1 1665/1665/1 1666/1666/1
f 1545/1545/1 1666/1666/1 1546/1546/1
f 1546/1546/1 1666/1666/1 1667/1667/1
f 1546/1546/1 1667/1667/1 1547/1547/1
f 1547/1547/1 1667/1667/1 1668/1668/1
f 1547/1547/1 1668/1668/1 1548/1548/1
f 1548/1548/1 1668/1668/1 1669/1669/1
f 1548/1548/1 1669/1669/1 1549/1549/1
f 1549/1549/1 1669/1669/1 1670/1670/1
f 1549/1549/1 1670/1670/1 1550/1550/1
f 1550/1550/1 1670/1670/1 1671/1671/1
f 1550/1550/1 1671/1671/1 1551/1551/1
f 1551/1551/1 1671/1671/1 1672/1672/1
f 1551/1551/1 1672/1672/1 1552/1552/1
f 1552/1552/1 1672/1672/1 1673/1673/1
f 1552/1552/1 1673/1673/1 1553/1553/1
f 1553/1553/1 1673/1673/1 1674/1674/1
f 1553/1553/1 1674/1674/1 1554/1554/1
f 1554/1554/1 1674/1674/1 1675/1675/1
f 1554/1554/1 1675/1675/1 1555/1555/1
f 1555/1555/1 1675/1675/1 1676/1676/1
f 1555/1555/1 1676/1676/1 1556/1556/1
f 1556/1556/1 1676/1676/1 1677/1677/1
f 1556/1556/1 1677/1677/1 1557/1557/1
f 1557/1557/1 1677/1677/1 1678/1678/1
f 1557/1557/1 1678/1678/1 1558/1558/1
f 1558/1558/1 1678/1678/1 1679/1679/1
f 1558/1558/1 1679/1679/1 1559/1559/1
f 1559/1559/1 1679/1679/1 1680/1680/1
f 1559/1559/1 1680/1680/1 1560/1560/1
f 1560/1560/1 1680/1680/1 1681/1681/1
f 1560/1560/1 1681/1681/1 1561/1561/1
f 1561/1561/1 1681/1681/1 1682/1682/1
f 1561/1561/1 1682/1682/1 1562/1562/1
f 1562/1562/1 1682/1682/1 1683/1683/1
f 1562/1562/1 1683/1683/1 1563/1563/1
f 1563/1563/1 1683/1683/1 1684/1684/1
f 1563/1563/1 1684/1684/1 1564/1564/1
f 1564/1564/1 1684/1684/1 1685/1685/1
f 1564/1564/1 1685/1685/1 1565/1565/1
f 1565/1565/1 1685/1685/1 1686/1686/1
f 1565/1565/1 1686/1686/1 1566/1566/1
f 1566/1566/1 1686/1686/1 1687/1687/1
f 1566/1566/1 1687/1687/1 1567/1567/1
f 1567/1567/1 1687/1687/1 1688/1688/1
f 1567/1567/1 1688/1688/1 1568/1568/1
f 1568/1568/1 1688/1688/1 1689/1689/1
f 1568/1568/1 1689/1689/1 1569/1569/1
f 1569/1569/1 1689/1689/1 1690/1690/1
f 1569/1569/1 1690/1690/1 1570/1570/1
f 1570/1570/1 1690/1690/1 1691/1691/1
f 1570/1570/1 1691/1691/1 1571/1571/1
f 1571/1571/1 1691/1691/1 1692/1692/1
f 1571/1571/1 1692/1692/1 1572/1572/1
f 1572/1572/1 1692/1692/1 1693/1693/1
f 1572/1572/1 1693/1693/1 1573/1573/1
f 1573/1573/1 1693/1693/1 1694/1694/1
f 1574/1574/1 1695/1695/1 1575/1575/1
f 1575/1575/1 1695/1695/1 1696/1696/1
f 1575/1575/1 1696/1696/1 1576/1576/1
f 1576/1576/1 1696/1696/1 1697/1697/1
f 1576/1576/1 1697/1697/1 1577/1577/1
f 1577/1577/1 1697/1697/1 1698/1698/1
f 1577/1577/1 1698/1698/1 1578/1578/1
f 1578/1578/1 1698/1698/1 1699/1699/1
f 1578/1578/1 1699/1699/1 1579/1579/1
f 1579/1579/1 1699/1699/1 1700/1700/1
f 1579/1579/1 1700/1700/1 1580/1580/1
f 1580/1580/1 1700/1700/1 1701/1701/1
f 1580/1580/1 1701/1701/1 1581/1581/1
f 1581/1581/1 1701/1701/1 1702/1702/1
f 1581/1581/1 1702/1702/1 1582/1582/1
f 1582/1582/1 1702/1702/1 1703/1703/1
f 1582/1582/1 1703/1703/1 1583/1583/1
f 1583/1583/1 1703/1703/1 1704/1704/1
f 1583/1583/1 1704/1704/1 1584/1584/1
f 1584/1584/1 1704/1704/1 1705/1705/1
f 1584/1584/1 1705/1705/1 1585/1585/1
f 1585/1585/1 1705/1705/1 1706/1706/1
f 1585/1585/1 1706/1706/1 1586/1586/1
f 1586/1586/1 1706/1706/1 1707/1707/1
f 1586/1586/1 1707/1707/1 1587/1587/1
f 1587/1587/1 1707/1707/1 1708/1708/1
f 1587/1587/1 1708/1708/1 1588/1588/1
f 1588/1588/1 1708/1708/1 1709/1709/1
f 1588/1588/1 1709/1709/1 1589/1589/1
f 1589/1589/1 1709/1709/1 1710/1710/1
f 1589/1589/1 1710/1710/1 1590/1590/1
f 1590/1590/1 1710/1710/1 1711/1711/1
f 1590/1590/1 1711/1711/1 1591/1591/1
f 1591/1591/1 1711/1711/1 1712/1712/1
f 1591/1591/1 1712/1712/1 1592/1592/1
f 1592/1592/1 1712/1712/1 1713/1713/1
f 1592/1592/1 1713/1713/1 1593/1593/1
f 1593/1593/1 1713/1713/1 1714/1714/1
f 1593/1593/1 1714/1714/1 1594/1594/1
f 1594/1594/1 1714/1714/1 1715/1715/1
f 1594/1594/1 1715/1715/1 1595/1595/1
f 1595/1595/1 1715/1715/1 1716/1716/1
f 1595/1595/1 1716/1716/1 1596/1596/1
f 1596/1596/1 1716/1716/1 1717/1717/1
f 1596/1596/1 1717/1717/1 1597/1597/1
f 1597/1597/1 1717/1717/1 1718/1718/1
f 1597/1597/1 1718/1718/1 1598/1598/1
f 1598/1598/1 1718/1718/1 1719/1719/1
f 1598/1598/1 1719/1719/1 1599/1599/1
f 1599/1599/1 1719/1719/1 1720/1720/1
f 1599/1599/1 1720/1720/1 1600/1600/1
f 1600/1600/1 1720/1720/1 1721/1721/1
f 1600/1600/1 1721/1721/1 1601/1601/1
f 1601/1601/1 1721/1721/1 1722/1722/1
f 1601/1601/1 1722/1722/1 1602/1602/1
f 1602/1602/1 1722/1722/1 1723/1723/1
f 1602/1602/1 1723/1723/1 1603/1603/1
f 1603/1603/1 1723/1723/1 1724/1724/1
f 1603/1603/1 1724/1724/1 1604/1604/1
f 1604/1604/1 1724/1724/1 1725/1725/1
f 1604/1604/1 1725/1725/1 1605/1605/1
f 1605/1605/1 1725/1725/1 1726/1726/1
f 1605/1605/1 1726/1726/1 1606/1606/1
f 1606/1606/1 1726/1726/1 1727/1727/1
f 1606/1606/1 1727/1727/1 1607/1607/1
f 1607/1607/1 1727/1727/1 1728/1728/1
f 1607/1607/1 1728/1728/1 1608/1608/1
f 1608/1608/1 1728/1728/1 1729/1729/1
f 1608/1608/1 1729/1729/1 1609/1609/1
f 1609/1609/1 1729/1729/1 1730/1730/1
f 1609/1609/1 1730/1730/1 1610/1610/1
f 1610/1610/1 1730/1730/1 1731/1731/1
f 1610/1610/1 1731/1731/1 1611/1611/1
f 1611/1611/1 1731/1731/1 1732/1732/1
f 1611/1611/1 1732/1732/1 1612/1612/1
f 1612/1612/1 1732/1732/1 1733/1733/1
f 1612/1612/1 1733/1733/1 1613/1613/1
f 1613/1613/1 1733/1733/1 1734/1734/1
f 1613/1613/1 1734/1734/1 1614/1614/1
f 1614/1614/1 1734/1734/1 1735/1735/1
f 1614/1614/1 1735/1735/1 1615/1615/1
f 1615/1615/1 1735/1735/1 1736/1736/1
f 1615/1615/1 1736/1736/1 1616/1616/1
f 1616/1616/1 1736/1736/1 1737/1737/1
f 1616/1616/1 1737/1737/1 1617/1617/1
f 1617/1617/1 1737/1737/1 1738/1738/1
f 1617/1617/1 1738/1738/1 1618/1618/1
f 1618/1618/1 1738/1738/1 1739/1739/1
f 1618/1618/1 1739/1739/1 1619/1619/1
f 1619/1619/1 1739/1739/1 1740/1740/1
f 1619/1619/1 1740/1740/1 1620/1620/1
f 1620/1620/1 1740/1740/1 1741/1741/1
f 1620/1620/1 1741/1741/1 1621/1621/1
f 1621/1621/1 1741/1741/1 1742/1742/1
f 1621/1621/1 1742/1742/1 1622/1622/1
f 1622/1622/1 1742/1742/1 1743/1743/1
f 1622/1622/1 1743/1743/1 1623/1623/1
f 1623/1623/1 1743/1743/1 1744/1744/1
f 1623/1623/1 1744/1744/1 1624/1624/1
f 1624/1624/1 1744/1744/1 1745/1745/1
f 1624/1624/1 1745/1745/1 1625/1625/1
f 1625/1625/1 1745/1745/1 1746/1746/1
f 1625/1625/1 1746/1746/1 1626/1626/1
f 1626/1626/1 1746/1746/1 1747/1747/1
f 1626/1626/1 1747/1747/1 1627/1627/1
f 1627/1627/1 1747/1747/1 1748/1748/1
f 1627/1627/1 1748/1748/1 1628/1628/1
f 1628/1628/1 1748/1748/1 1749/1749/1
f 1628/1628/1 1749/1749/1 1629/1629/1
f 1629/1629/1 1749/1749/1 1750/1750/1
f 1629/1629/1 1750/1750/1 1630/1630/1
f 1630/1630/1 1750/1750/1 1751/1751/1
f 1630/1630/1 1751/1751/1 1631/1631/1
f 1631/1631/1 1751/1751/1 1752/1752/1
f 1631/1631/1 1752/1752/1 1632/1632/1
f 1632/1632/1 1752/1752/1 1753/1753/1
f 1632/1632/1 1753/1753/1 1633/1633/1
f 1633/1633/1 1753/1753/1 1754/1754/1
f 1633/1633/1 1754/1754/1 1634/1634/1
f 1634/1634/1 1754/1754/1 1755/1755/1
f 1634/1634/1 1755/1755/1 1635/1635/1
f 1635/1635/1 1755/1755/1 1756/1756/1
f 1635/1635/1 1756/1756/1 1636/1636/1
f 1636/1636/1 1756/1756/1 1757/1757/1
f 1636/1636/1 1757/1757/1 1637/1637/1
f 1637/1637/1 1757/1757/1 1758/1758/1
f 1637/1637/1 1758/1758/1 1638/1638/1
f 1638/1638/1 1758/1758/1 1759/1759/1
f 1638/1638/1 1759/1759/1 1639/1639/1
f 1639/1639/1 1759/1759/1 1760/1760/1
f 1639/1639/1 1760/1760/1 1640/1640/1
f 1640/1640/1 1760/1760/1 1761/1761/1
f 1640/1640/1 1761/1761/1 1641/1641/1
f 1641/1641/1 1761/1761/1 1762/1762/1
f 1641/1641/1 1762/1762/1 1642/1642/1
f 1642/1642/1 1762/1762/1 1763/1763/1
f 1642/1642/1 1763/1763/1 1643/1643/1
f 1643/1643/1 1763/1763/1 1764/1764/1
f 1643/1643/1 1764/1764/1 1644/1644/1
f 1644/1644/1 1764/1764/1 1765/1765/1
f 1644/1644/1 1765/1765/1 1645/1645/1
f 1645/1645/1 1765/1765/1 1766/1766/1
f 1645/1645/1 1766/1766/1 1646/1646/1
f 1646/1646/1 1766/1766/1 1767/1767/1
f 1646/1646/1 1767/1767/1 1647/1647/1
f 1647/1647/1 1767/1767/1 1768/1768/1
f 1647/1647/1 1768/1768/1 1648/1648/1
f 1648/1648/1 1768/1768/1 1769/1769/1
f 1648/1648/1 1769/1769/1 1649/1649/1
f 1649/1649/1 1769/1769/1 1770/1770/1
f 1649/1649/1 1770/1770/1 1650/1650/1
f 1650/1650/1 1770/1770/1 1771/1771/1
f 1650/1650/1 1771/1771/1 1651/1651/1
f 1651/1651/1 1771/1771/1 1772/1772/1
f 1651/1651/1 1772/1772/1 1652/1652/1
f 1652/1652/1 1772/1772/1 1773/1773/1
f 1652/1652/1 1773/1773/1 1653/1653/1
f 1653/1653/1 1773/1773/1 1774/1774/1
f 1653/1653/1 1774/1774/1 1654/1654/1
f 1654/1654/1 1774/1774/1 1775/1775/1
f 1654/1654/1 1775/1775/1 1655/1655/1
f 1655/1655/1 1775/1775/1 1776/1776/1
f 1655/1655/1 1776/1776/1 1656/1656/1
f 1656/1656/1 1776/1776/1 1777/1777/1
f 1656/1656/1 1777/1777/1 1657/1657/1
f 1657/1657/1 1777/1777/1 1778/1778/1
f 1657/1657/1 1778/1778/1 1658/1658/1
f 1658/1658/1 1778/1778/1 1779/1779/1
f 1658/1658/1 1779/1779/1 1659/1659/1
f 1659/1659/1 1779/1779/1 1780/1780/1
f 1659/1659/1 1780/1780/1 1660/1660/1
f 1660/1660/1 1780/1780/1 1781/1781/1
f 1660/1660/1 1781/1781/1 1661/1661/1
f 1661/1661/1 1781/1781/1 1782/1782/1
f 1661/1661/1 1782/1782/1 1662/1662/1
f 1662/1662/1 1782/1782/1 1783/1783/1
f 1662/1662/1 1783/1783/1 1663/1663/1
f 1663/1663/1 1783/1783/1 1784/1784/1
f 1663/1663/1 1784/1784/1 1664/1664/1
f 1664/1664/1 1784/1784/1 1785/1785/1
f 1664/1664/1 1785/1785/1 1665/1665/1
f 1665/1665/1 1785/1785/1 1786/1786/1
f 1665/1665/1 1786/1786/1 1666/1666/1
f 1666/1666/1 1786/1786/1 1787/1787/1
f 1666/1666/1 1787/1787/1 1667/1667/1
f 1667/1667/1 1787/1787/1 1788/1788/1
f 1667/1667/1 1788/1788/1 1668/1668/1
f 1668/1668/1 1788/1788/1 1789/1789/1
f 1668/1668/1 1789/1789/1 1669/1669/1
f 1669/1669/1 1789/1789/1 1790/1790/1
f 1669/1669/1 1790/1790/1 1670/1670/1
f 1670/1670/1 1790/1790/1 1791/1791/1
f 1670/1670/1 1791/1791/1 1671/1671/1
f 1671/1671/1 1791/1791/1 1792/1792/1
f 1671/1671/1 1792/1792/1 1672/1672/1
f 1672/1672/1 1792/1792/1 1793/1793/1
f 1672/1672/1 1793/1793/1 1673/1673/1
f 1673/1673/1 1793/1793/1 1794/1794/1
f 1673/1673/1 1794/1794/1 1674/1674/1
f 1674/1674/1 1794/1794/1 1795/1795/1
f 1674/1674/1 1795/1795/1 1675/1675/1
f 1675/1675/1 1795/1795/1 1796/1796/1
f 1675/1675/1 1796/1796/1 1676/1676/1
f 1676/1676/1 1796/1796/1 1797/1797/1
f 1676/1676/1 1797/1797/1 1677/1677/1
f 1677/1677/1 1797/1797/1 1798/1798/1
f 1677/1677/1 1798/1798/1 1678/1678/1
f 1678/1678/1 1798/1798/1 1799/1799/1
f 1678/1678/1 1799/1799/1 1679/1679/1
f 1679/1679/1 1799/1799/1 1800/1800/1
f 1679/1679/1 1800/1800/1 1680/1680/1
f 1680/1680/1 1800/1800/1 1801/1801/1
f 1680/1680/1 1801/1801/1 1681/1681/1
f 1681/1681/1 1801/1801/1 1802/1802/1
f 1681/1681/1 1802/1802/1 1682/1682/1
f 1682/1682/1 1802/1802/1 1803/1803/1
f 1682/1682/1 1803/1803/1 1683/1683/1
f 1683/1683/1 1803/1803/1 1804/1804/1
f 1683/1683/1 1804/1804/1 1684/1684/1
f 1684/1684/1 1804/1804/1 1805/1805/1
f 1684/1684/1 1805/1805/1 1685/1685/1
f 1685/1685/1 1805/1805/1 1806/1806/1
f 1685/1685/1 1806/1806/1 1686/1686/1
f 1686/1686/1 1806/1806/1 1807/1807/1
f 1686/1686/1 1807/1807/1 1687/1687/1
f 1687/1687/1 1807/1807/1 1808/1808/1
f 1687/1687/1 1808/1808/1 1688/1688/1
f 1688/1688/1 1808/1808/1 1809/1809/1
f 1688/1688/1 1809/1809/1 1689/1689/1
f 1689/1689/1 1809/1809/1 1810/1810/1
f 1689/1689/1 1810/1810/1 1690/1690/1
f 1690/1690/1 1810/1810/1 1811/1811/1
f 1690/1690/1 1811/1811/1 1691/1691/1
f 1691/1691/1 1811/1811/1 1812/1812/1
f 1691/1691/1 1812/1812/1 1692/1692/1
f 1692/1692/1 1812/1812/1 1813/1813/1
f 1692/1692/1 1813/1813/1 1693/1693/1
f 1693/1693/1 1813/1813/1 1814/1814/1
f 1693/1693/1 1814/1814/1 1694/1694/1
f 1694/1694/1 1814/1814/1 1815/1815/1
f 1695/1695/1 1816/1816/1 1696/1696/1
f 1696/1696/1 1816/1816/1 1817/1817/1
f 1696/1696/1 1817/1817/1 1697/1697/1
f 1697/1697/1 1817/1817/1 1818/1818/1
f 1697/1697/1 1818/1818/1 1698/1698/1
f 1698/1698/1 1818/1818/1 1819/1819/1
f 1698/1698/1 1819/1819/1 1699/1699/1
f 1699/1699/1 1819/1819/1 1820/1820/1
f 1699/1699/1 1820/1820/1 1700/1700/1
f 1700/1700/1 1820/1820/1 1821/1821/1
f 1700/1700/1 1821/1821/1 1701/1701/1
f 1701/1701/1 1821/1821/1 1822/1822/1
f 1701/1701/1 1822/1822/1 1702/1702/1
f 1702/1702/1 1822/1822/1 1823/1823/1
f 1702/1702/1 1823/1823/1 1703/1703/1
f 1703/1703/1 1823/1823/1 1824/1824/1
f 1703/1703/1 1824/1824/1 1704/1704/1
f 1704/1704/1 1824/1824/1 1825/1825/1
f 1704/1704/1 1825/1825/1 1705/1705/1
f 1705/1705/1 1825/1825/1 1826/1826/1
f 1705/1705/1 1826/1826/1 1706/1706/1
f 1706/1706/1 1826/1826/1 1827/1827/1
f 1706/1706/1 1827/1827/1 1707/1707/1
f 1707/1707/1 1827/1827/1 1828/1828/1
f 1707/1707/1 1828/1828/1 1708/1708/1
f 1708/1708/1 1828/1828/1 1829/1829/1
f 1708/1708/1 1829/1829/1 1709/1709/1
f 1709/1709/1 1829/1829/1 1830/1830/1
f 1709/1709/1 1830/1830/1 1710/1710/1
f 1710/1710/1 1830/1830/1 1831/1831/1
f 1710/1710/1 1831/1831/1 1711/1711/1
f 1711/1711/1 1831/1831/1 1832/1832/1
f 1711/1711/1 1832/1832/1 1712/1712/1
f 1712/1712/1 1832/1832/1 1833/1833/1
f 1712/1712/1 1833/1833/1 1713/1713/1
f 1713/1713/1 1833/1833/1 1834/1834/1
f 1713/1713/1 1834/1834/1 1714/1714/1
f 1714/1714/1 1834/1834/1 1835/1835/1
f 1714/1714/1 1835/1835/1 1715/1715/1
f 1715/1715/1 1835/1835/1 1836/1836/1
f 1715/1715/1 1836/1836/1 1716/1716/1
f 1716/1716/1 1836/1836/1 1837/1837/1
f 1716/1716/1 1837/1837/1 1717/1717/1
f 1717/1717/1 1837/1837/1 1838/1838/1
f 1717/1717/1 1838/1838/1 1718/1718/1
f 1718/1718/1 1838/1838/1 1839/1839/1
f 1718/1718/1 1839/1839/1 1719/1719/1
f 1719/1719/1 1839/1839/1 1840/1840/1
f 1719/1719/1 1840/1840/1 1720/1720/1
f 1720/1720/1 1840/1840/1 1841/1841/1
f 1720/1720/1 1841/1841/1 1721/1721/1
f 1721/1721/1 1841/1841/1 1842/1842/1
f 1721/1721/1 1842/1842/1 1722/1722/1
f 1722/1722/1 1842/1842/1 1843/1843/1
f 1722/1722/1 1843/1843/1 1723/1723/1
f 1723/1723/1 1843/1843/1 1844/1844/1
f 1723/1723/1 1844/1844/1 1724/1724/1
f 1724/1724/1 1844/1844/1 1845/1845/1
f 1724/1724/1 1845/1845/1 1725/1725/1
f 1725/1725/1 1845/1845/1 1846/1846/1
f 1725/1725/1 1846/1846/1 1726/1726/1
f 1726/1726/1 1846/1846/1 1847/1847/1
f 1726/1726/1 1847/1847/1 1727/1727/1
f 1727/1727/1 1847/1847/1 1848/1848/1
f 1727/1727/1 1848/1848/1 1728/1728/1
f 1728/1728/1 1848/1848/1 1849/1849/1
f 1728/1728/1 1849/1849/1 1729/1729/1
f 1729/1729/1 1849/1849/1 1850/1850/1
f 1729/1729/1 1850/1850/1 1730/1730/1
f 1730/1730/1 1850/1850/1 1851/1851/1
f 1730/1730/1 1851/1851/1 1731/1731/1
f 1731/1731/1 1851/1851/1 1852/1852/1
f 1731/1731/1 1852/1852/1 1732/1732/1
f 1732/1732/1 1852/1852/1 1853/1853/1
f 1732/1732/1 1853/1853/1 1733/1733/1
f 1733/1733/1 1853/1853/1 1854/1854/1
f 1733/1733/1 1854/1854/1 1734/1734/1
f 1734/1734/1 1854/1854/1 1855/1855/1
f 1734/1734/1 1855/1855/1 1735/1735/1
f 1735/1735/1 1855/1855/1 1856/1856/1
f 1735/1735/1 1856/1856/1 1736/1736/1
f 1736/1736/1 1856/1856/1 1857/1857/1
f 1736/1736/1 1857/1857/1 1737/1737/1
f 1737/1737/1 1857/1857/1 1858/1858/1
f 1737/1737/1 1858/1858/1 1738/1738/1
f 1738/1738/1 1858/1858/1 1859/1859/1
f 1738/1738/1 1859/1859/1 1739/1739/1
f 1739/1739/1 1859/1859/1 1860/1860/1
f 1739/1739/1 1860/1860/1 1740/1740/1
f 1740/1740/1 1860/1860/1 1861/1861/1
f 1740/1740/1 1861/1861/1 1741/1741/1
f 1741/1741/1 1861/1861/1 1862/1862/1
f 1741/1741/1 1862/1862/1 1742/1742/1
f 1742/1742/1 1862/1862/1 1863/1863/1
f 1742/1742/1 1863/1863/1 1743/1743/1
f 1743/1743/1 1863/1863/1 1864/1864/1
f 1743/1743/1 1864/1864/1 1744/1744/1
f 1744/1744/1 1864/1864/1 1865/1865/1
f 1744/1744/1 1865/1865/1 1745/1745/1
f 1745/1745/1 1865/1865/1 1866/1866/1
f 1745/1745/1 1866/1866/1 1746/1746/1
f 1746/1746/1 1866/1866/1 1867/1867/1
f 1746/1746/1 1867/1867/1 1747/1747/1
f 1747/1747/1 1867/1867/1 1868/1868/1
f 1747/1747/1 1868/1868/1 1748/1748/1
f 1748/1748/1 1868/1868/1 1869/1869/1
f 1748/1748/1 1869/1869/1 1749/1749/1
f 1749/1749/1 1869/1869/1 1870/1870/1
f 1749/1749/1 1870/1870/1 1750/1750/1
f 1750/1750/1 1870/1870/1 1871/1871/1
f 1750/1750/1 1871/1871/1 1751/1751/1
f 1751/1751/1 1871/1871/1 1872/1872/1
f 1751/1751/1 1872/1872/1 1752/1752/1
f 1752/1752/1 1872/1872/1 1873/1873/1
f 1752/1752/1 1873/1873/1 1753/1753/1
f 1753/1753/1 1873/1873/1 1874/1874/1
f 1753/1753/1 1874/1874/1 1754/1754/1
f 1754/1754/1 1874/1874/1 1875/1875/1
f 1754/1754/1 1875/1875/1 1755/1755/1
f 1755/1755/1 1875/1875/1 1876/1876/1
f 1755/1755/1 1876/1876/1 1756/1756/1
f 1756/1756/1 1876/1876/1 1877/1877/1
f 1756/1756/1 1877/1877/1 1757/1757/1
f 1757/1757/1 1877/1877/1 1878/1878/1
f 1757/1757/1 1878/1878/1 1758/1758/1
f 1758/1758/1 1878/1878/1 1879/1879/1
f 1758/1758/1 1879/1879/1 1759/1759/1
f 1759/1759/1 1879/1879/1 1880/1880/1
f 1759/1759/1 1880/1880/1 1760/1760/1
f 1760/1760/1 1880/1880/1 1881/1881/1
f 1760/1760/1 1881/1881/1 1761/1761/1
f 1761/1761/1 1881/1881/1 1882/1882/1
f 1761/1761/1 1882/1882/1 1762/1762/1
f 1762/1762/1 1882/1882/1 1883/1883/1
f 1762/1762/1 1883/1883/1 1763/1763/1
f 1763/1763/1 1883/1883/1 1884/1884/1
f 1763/1763/1 1884/1884/1 1764/1764/1
f 1764/1764/1 1884/1884/1 1885/1885/1
f 1764/1764/1 1885/1885/1 1765/1765/1
f 1765/1765/1 1885/1885/1 1886/1886/1
f 1765/1765/1 1886/1886/1 1766/1766/1
f 1766/1766/1 1886/1886/1 1887/1887/1
f 1766/1766/1 1887/1887/1 1767/1767/1
f 1767/1767/1 1887/1887/1 1888/1888/1
f 1767/1767/1 1888/1888/1 1768/1768/1
f 1768/1768/1 1888/1888/1 1889/1889/1
f 1768/1768/1 1889/1889/1 1769/1769/1
f 1769/1769/1 1889/1889/1 1890/1890/1
f 1769/1769/1 1890/1890/1 1770/1770/1
f 1770/1770/1 1890/1890/1 1891/1891/1
f 1770/1770/1 1891/1891/1 1771/1771/1
f 1771/1771/1 1891/1891/1 1892/1892/1
f 1771/1771/1 1892/1892/1 1772/1772/1
f 1772/1772/1 1892/1892/1 1893/1893/1
f 1772/1772/1 1893/1893/1 1773/1773/1
f 1773/1773/1 1893/1893/1 1894/1894/1
f 1773/1773/1 1894/1894/1 1774/1774/1
f 1774/1774/1 1894/1894/1 1895/1895/1
f 1774/1774/1 1895/1895/1 1775/1775/1
f 1775/1775/1 1895/1895/1 1896/1896/1
f 1775/1775/1 1896/1896/1 1776/1776/1
f 1776/1776/1 1896/1896/1 1897/1897/1
f 1776/1776/1 1897/1897/1 1777/1777/1
f 1777/1777/1 1897/1897/1 1898/1898/1
f 1777/1777/1 1898/1898/1 1778/1778/1
f 1778/1778/1 1898/1898/1 1899/1899/1
f 1778/1778/1 1899/1899/1 1779/1779/1
f 1779/1779/1 1899/1899/1 1900/1900/1
f 1779/1779/1 1900/1900/1 1780/1780/1
f 1780/1780/1 1900/1900/1 1901/1901/1
f 1780/1780/1 1901/1901/1 1781/1781/1
f 1781/1781/1 1901/1901/1 1902/1902/1
f 1781/1781/1 1902/1902/1 1782/1782/1
f 1782/1782/1 1902/1902/1 1903/1903/1
f 1782/1782/1 1903/1903/1 1783/1783/1
f 1783/1783/1 1903/1903/1 1904/1904/1
f 1783/1783/1 1904/1904/1 1784/1784/1
f 1784/1784/1 1904/1904/1 1905/1905/1
f 1784/1784/1 1905/1905/1 1785/1785/1
f 1785/1785/1 1905/1905/1 1906/1906/1
f 1785/1785/1 1906/1906/1 1786/1786/1
f 1786/1786/1 1906/1906/1 1907/1907/1
f 1786/1786/1 1907/1907/1 1787/1787/1
f 1787/1787/1 1907/1907/1 1908/1908/1
f 1787/1787/1 1908/1908/1 1788/1788/1
f 1788/1788/1 1908/1908/1 1909/1909/1
f 1788/1788/1 1909/1909/1 1789/1789/1
f 1789/1789/1 1909/1909/1 1910/1910/1
f 1789/1789/1 1910/1910/1 1790/1790/1
f 1790/1790/1 1910/1910/1 1911/1911/1
f 1790/1790/1 1911/1911/1 1791/1791/1
f 1791/1791/1 1911/1911/1 1912/1912/1
f 1791/1791/1 1912/1912/1 1792/1792/1
f 1792/1792/1 1912/1912/1 1913/1913/1
f 1792/1792/1 1913/1913/1 1793/1793/1
f 1793/1793/1 1913/1913/1 1914/1914/1
f 1793/1793/1 1914/1914/1 1794/1794/1
f 1794/1794/1 1914/1914/1 1915/1915/1
f 1794/1794/1 1915/1915/1 1795/1795/1
f 1795/1795/1 1915/1915/1 1916/1916/1
f 1795/1795/1 1916/1916/1 1796/1796/1
f 1796/1796/1 1916/1916/1 1917/1917/1
f 1796/1796/1 1917/1917/1 1797/1797/1
f 1797/1797/1 1917/1917/1 1918/1918/1
f 1797/1797/1 1918/1918/1 1798/1798/1
f 1798/1798/1 1918/1918/1 1919/1919/1
f 1798/1798/1 1919/1919/1 1799/1799/1
f 1799/1799/1 1919/1919/1 1920/1920/1
f 1799/1799/1 1920/1920/1 1800/1800/1
f 1800/1800/1 1920/1920/1 1921/1921/1
f 1800/1800/1 1921/1921/1 1801/1801/1
f 1801/1801/1 1921/1921/1 1922/1922/1
f 1801/1801/1 1922/1922/1 1802/1802/1
f 1802/1802/1 1922/1922/1 1923/1923/1
f 1802/1802/1 1923/1923/1 1803/1803/1
f 1803/1803/1 1923/1923/1 1924/1924/1
f 1803/1803/1 1924/1924/1 1804/1804/1
f 1804/1804/1 1924/1924/1 1925/1925/1
f 1804/1804/1 1925/1925/1 1805/1805/1
f 1805/1805/1 1925/1925/1 1926/1926/1
f 1805/1805/1 1926/1926/1 1806/1806/1
f 1806/1806/1 1926/1926/1 1927/1927/1
f 1806/1806/1 1927/1927/1 1807/1807/1
f 1807/1807/1 1927/1927/1 1928/1928/1
f 1807/1807/1 1928/1928/1 1808/1808/1
f 1808/1808/1 1928/1928/1 1929/1929/1
f 1808/1808/1 1929/1929/1 1809/1809/1
f 1809/1809/1 1929/1929/1 1930/1930/1
f 1809/1809/1 1930/1930/1 1810/1810/1
f 1810/1810/1 1930/1930/1 1931/1931/1
f 1810/1810/1 1931/1931/1 1811/1811/1
f 1811/1811/1 1931/1931/1 1932/1932/1
f 1811/1811/1 1932/1932/1 1812/1812/1
f 1812/1812/1 1932/1932/1 1933/1933/1
f 1812/1812/1 1933/1933/1 1813/1813/1
f 1813/1813/1 1933/1933/1 1934/1934/1
f 1813/1813/1 1934/1934/1 1814/1814/1
f 1814/1814/1 1934/1934/1 1935/1935/1
f 1814/1814/1 1935/1935/1 1815/1815/1
f 1815/1815/1 1935/1935/1 1936/1936/1
f 1816/1816/1 1937/1937/1 1817/1817/1
f 1817/1817/1 1937/1937/1 1938/1938/1
f 1817/1817/1 1938/1938/1 1818/1818/1
f 1818/1818/1 1938/1938/1 1939/1939/1
f 1818/1818/1 1939/1939/1 1819/1819/1
f 1819/1819/1 1939/1939/1 1940/1940/1
f 1819/1819/1 1940/1940/1 1820/1820/1
f 1820/1820/1 1940/1940/1 1941/1941/1
f 1820/1820/1 1941/1941/1 1821/1821/1
f 1821/1821/1 1941/1941/1 1942/1942/1
f 1821/1821/1 1942/1942/1 1822/1822/1
f 1822/1822/1 1942/1942/1 1943/1943/1
f 1822/1822/1 1943/1943/1 1823/1823/1
f 1823/1823/1 1943/1943/1 1944/1944/1
f 1823/1823/1 1944/1944/1 1824/1824/1
f 1824/1824/1 1944/1944/1 1945/1945/1
f 1824/1824/1 1945/1945/1 1825/1825/1
f 1825/1825/1 1945/1945/1 1946/1946/1
f 1825/1825/1 1946/1946/1 1826/1826/1
f 1826/1826/1 1946/1946/1 1947/1947/1
f 1826/1826/1 1947/1947/1 1827/1827/1
f 1827/1827/1 1947/1947/1 1948/1948/1
f 1827/1827/1 1948/1948/1 1828/1828/1
f 1828/1828/1 1948/1948/1 1949/1949/1
f 1828/1828/1 1949/1949/1 1829/1829/1
f 1829/1829/1 1949/1949/1 1950/1950/1
f 1829/1829/1 1950/1950/1 1830/1830/1
f 1830/1830/1 1950/1950/1 1951/1951/1
f 1830/1830/1 1951/1951/1 1831/1831/1
f 1831/1831/1 1951/1951/1 1952/1952/1
f 1831/1831/1 1952/1952/1 1832/1832/1
f 1832/1832/1 1952/1952/1 1953/1953/1
f 1832/1832/1 1953/1953/1 1833/1833/1
f 1833/1833/1 1953/1953/1 1954/1954/1
f 1833/1833/1 1954/1954/1 1834/1834/1
f 1834/1834/1 1954/1954/1 1955/1955/1
f 1834/1834/1 1955/1955/1 1835/1835/1
f 1835/1835/1 1955/1955/1 1956/1956/1
f 1835/1835/1 1956/1956/1 1836/1836/1
f 1836/1836/1 1956/1956/1 1957/1957/1
f 1836/1836/1 1957/1957/1 1837/1837/1
f 1837/1837/1 1957/1957/1 1958/1958/1
f 1837/1837/1 1958/1958/1 1838/1838/1
f 1838/1838/1 1958/1958/1 1959/1959/1
f 1838/1838/1 1959/1959/1 1839/1839/1
f 1839/1839/1 1959/1959/1 1960/1960/1
f 1839/1839/1 1960/1960/1 1840/1840/1
f 1840/1840/1 1960/1960/1 1961/1961/1
f 1840/1840/1 1961/1961/1 1841/1841/1
f 1841/1841/1 1961/1961/1 1962/1962/1
f 1841/1841/1 1962/1962/1 1842/1842/1
f 1842/1842/1 1962/1962/1 1963/1963/1
f 1842/1842/1 1963/1963/1 1843/1843/1
f 1843/1843/1 1963/1963/1 1964/1964/1
f 1843/1843/1 1964/1964/1 1844/1844/1
f 1844/1844/1 1964/1964/1 1965/1965/1
f 1844/1844/1 1965/1965/1 1845/1845/1
f 1845/1845/1 1965/1965/1 1966/1966/1
f 1845/1845/1 1966/1966/1 1846/1846/1
f 1846/1846/1 1966/1966/1 1967/1967/1
f 1846/1846/1 1967/1967/1 1847/1847/1
f 1847/1847/1 1967/1967/1 1968/1968/1
f 1847/1847/1 1968/1968/1 1848/1848/1
f 1848/1848/1 1968/1968/1 1969/1969/1
f 1848/1848/1 1969/1969/1 1849/1849/1
f 1849/1849/1 1969/1969/1 1970/1970/1
f 1849/1849/1 1970/1970/1 1850/1850/1
f 1850/1850/1 1970/1970/1 1971/1971/1
f 1850/1850/1 1971/1971/1 1851/1851/1
f 1851/1851/1 1971/1971/1 1972/1972/1
f 1851/1851/1 1972/1972/1 1852/1852/1
f 1852/1852/1 1972/1972/1 1973/1973/1
f 1852/1852/1 1973/1973/1 1853/1853/1
f 1853/1853/1 1973/1973/1 1974/1974/1
f 1853/1853/1 1974/1974/1 1854/1854/1
f 1854/1854/1 1974/1974/1 1975/1975/1
f 1854/1854/1 1975/1975/1 1855/1855/1
f 1855/1855/1 1975/1975/1 1976/1976/1
f 1855/1855/1 1976/1976/1 1856/1856/1
f 1856/1856/1 1976/1976/1 1977/1977/1
f 1856/1856/1 1977/1977/1 1857/1857/1
f 1857/1857/1 1977/1977/1 1978/1978/1
f 1857/1857/1 1978/1978/1 1858/1858/1
f 1858/1858/1 1978/1978/1 1979/1979/1
f 1858/1858/1 1979/1979/1 1859/1859/1
f 1859/1859/1 1979/1979/1 1980/1980/1
f 1859/1859/1 1980/1980/1 1860/1860/1
f 1860/1860/1 1980/1980/1 1981/1981/1
f 1860/1860/1 1981/1981/1 1861/1861/1
f 1861/1861/1 1981/1981/1 1982/1982/1
f 1861/1861/1 1982/1982/1 1862/1862/1
f 1862/1862/1 1982/1982/1 1983/1983/1
f 1862/1862/1 1983/1983/1 1863/1863/1
f 1863/1863/1 1983/1983/1 1984/1984/1
f 1863/1863/1 1984/1984/1 1864/1864/1
f 1864/1864/1 1984/1984/1 1985/1985/1
f 1864/1864/1 1985/1985/1 1865/1865/1
f 1865/1865/1 1985/1985/1 1986/1986/1
f 1865/1865/1 1986/1986/1 1866/1866/1
f 1866/1866/1 1986/1986/1 1987/1987/1
f 1866/1866/1 1987/1987/1 1867/1867/1
f 1867/1867/1 1987/1987/1 1988/1988/1
f 1867/1867/1 1988/1988/1 1868/1868/1
f 1868/1868/1 1988/1988/1 1989/1989/1
f 1868/1868/1 1989/1989/1 1869/1869/1
f 1869/1869/1 1989/1989/1 1990/1990/1
f 1869/1869/1 1990/1990/1 1870/1870/1
f 1870/1870/1 1990/1990/1 1991/1991/1
f 1870/1870/1 1991/1991/1 1871/1871/1
f 1871/1871/1 1991/1991/1 1992/1992/1
f 1871/1871/1 1992/1992/1 1872/1872/1
f 1872/1872/1 1992/1992/1 1993/1993/1
f 1872/1872/1 1993/1993/1 1873/1873/1
f 1873/1873/1 1993/1993/1 1994/1994/1
f 1873/1873/1 1994/1994/1 1874/1874/1
f 1874/1874/1 1994/1994/1 1995/1995/1
f 1874/1874/1 1995/1995/1 1875/1875/1
f 1875/1875/1 1995/1995/1 1996/1996/1
f 1875/1875/1 1996/1996/1 1876/1876/1
f 1876/1876/1 1996/1996/1 1997/1997/1
f 1876/1876/1 1997/1997/1 1877/1877/1
f 1877/1877/1 1997/1997/1 1998/1998/1
f 1877/1877/1 1998/1998/1 1878/1878/1
f 1878/1878/1 1998/1998/1 1999/1999/1
f 1878/1878/1 1999/1999/1 1879/1879/1
f 1879/1879/1 1999/1999/1 2000/2000/1
f 1879/1879/1 2000/2000/1 1880/1880/1
f 1880/1880/1 2000/2000/1 2001/2001/1
f 1880/1880/1 2001/2001/1 1881/1881/1
f 1881/1881/1 2001/2001/1 2002/2002/1
f 1881/1881/1 2002/2002/1 1882/1882/1
f 1882/1882/1 2002/2002/1 2003/2003/1
f 1882/1882/1 2003/2003/1 1883/1883/1
f 1883/1883/1 2003/2003/1 2004/2004/1
f 1883/1883/1 2004/2004/1 1884/1884/1
f 1884/1884/1 2004/2004/1 2005/2005/1
f 1884/1884/1 2005/2005/1 1885/1885/1
f 1885/1885/1 2005/2005/1 2006/2006/1
f 1885/1885/1 2006/2006/1 1886/1886/1
f 1886/1886/1 2006/2006/1 2007/2007/1
f 1886/1886/1 2007/2007/1 1887/1887/1
f 1887/1887/1 2007/2007/1 2008/2008/1
f 1887/1887/1 2008/2008/1 1888/1888/1
f 1888/1888/1 2008/2008/1 2009/2009/1
f 1888/1888/1 2009/2009/1 1889/1889/1
f 1889/1889/1 2009/2009/1 2010/2010/1
f 1889/1889/1 2010/2010/1 1890/1890/1
f 1890/1890/1 2010/2010/1 2011/2011/1
f 1890/1890/1 2011/2011/1 1891/1891/1
f 1891/1891/1 2011/2011/1 2012/2012/1
f 1891/1891/1 2012/2012/1 1892/1892/1
f 1892/1892/1 2012/2012/1 2013/2013/1
f 1892/1892/1 2013/2013/1 1893/1893/1
f 1893/1893/1 2013/2013/1 2014/2014/1
f 1893/1893/1 2014/2014/1 1894/1894/1
f 1894/1894/1 2014/2014/1 2015/2015/1
f 1894/1894/1 2015/2015/1 1895/1895/1
f 1895/1895/1 2015/2015/1 2016/2016/1
f 1895/1895/1 2016/2016/1 1896/1896/1
f 1896/1896/1 2016/2016/1 2017/2017/1
f 1896/1896/1 2017/2017/1 1897/1897/1
f 1897/1897/1 2017/2017/1 2018/2018/1
f 1897/1897/1 2018/2018/1 1898/1898/1
f 1898/1898/1 2018/2018/1 2019/2019/1
f 1898/1898/1 2019/2019/1 1899/1899/1
f 1899/1899/1 2019/2019/1 2020/2020/1
f 1899/1899/1 2020/2020/1 1900/1900/1
f 1900/1900/1 2020/2020/1 2021/2021/1
f 1900/1900/1 2021/2021/1 1901/1901/1
f 1901/1901/1 2021/2021/1 2022/2022/1
f 1901/1901/1 2022/2022/1 1902/1902/1
f 1902/1902/1 2022/2022/1 2023/2023/1
f 1902/1902/1 2023/2023/1 1903/1903/1
f 1903/1903/1 2023/2023/1 2024/2024/1
f 1903/1903/1 2024/2024/1 1904/1904/1
f 1904/1904/1 2024/2024/1 2025/2025/1
f 1904/1904/1 2025/2025/1 1905/1905/1
f 1905/1905/1 2025/2025/1 2026/2026/1
f 1905/1905/1 2026/2026/1 1906/1906/1
f 1906/1906/1 2026/2026/1 2027/2027/1
f 1906/1906/1 2027/2027/1 1907/1907/1
f 1907/1907/1 2027/2027/1 2028/2028/1
f 1907/1907/1 2028/2028/1 1908/1908/1
f 1908/1908/1 2028/2028/1 2029/2029/1
f 1908/1908/1 2029/2029/1 1909/1909/1
f 1909/1909/1 2029/2029/1 2030/2030/1
f 1909/1909/1 2030/2030/1 1910/1910/1
f 1910/1910/1 2030/2030/1 2031/2031/1
f 1910/1910/1 2031/2031/1 1911/1911/1
f 1911/1911/1 2031/2031/1 2032/2032/1
f 1911/1911/1 2032/2032/1 1912/1912/1
f 1912/1912/1 2032/2032/1 2033/2033/1
f 1912/1912/1 2033/2033/1 1913/1913/1
f 1913/1913/1 2033/2033/1 2034/2034/1
f 1913/1913/1 2034/2034/1 1914/1914/1
f 1914/1914/1 2034/2034/1 2035/2035/1
f 1914/1914/1 2035/2035/1 1915/1915/1
f 1915/1915/1 2035/2035/1 2036/2036/1
f 1915/1915/1 2036/2036/1 1916/1916/1
f 1916/1916/1 2036/2036/1 2037/2037/1
f 1916/1916/1 2037/2037/1 1917/1917/1
f 1917/1917/1 2037/2037/1 2038/2038/1
f 1917/1917/1 2038/2038/1 1918/1918/1
f 1918/1918/1 2038/2038/1 2039/2039/1
f 1918/1918/1 2039/2039/1 1919/1919/1
f 1919/1919/1 2039/2039/1 2040/2040/1
f 1919/1919/1 2040/2040/1 1920/1920/1
f 1920/1920/1 2040/2040/1 2041/2041/1
f 1920/1920/1 2041/2041/1 1921/1921/1
f 1921/1921/1 2041/2041/1 2042/2042/1
f 1921/1921/1 2042/2042/1 1922/1922/1
f 1922/1922/1 2042/2042/1 2043/2043/1
f 1922/1922/1 2043/2043/1 1923/1923/1
f 1923/1923/1 2043/2043/1 2044/2044/1
f 1923/1923/1 2044/2044/1 1924/1924/1
f 1924/1924/1 2044/2044/1 2045/2045/1
f 1924/1924/1 2045/2045/1 1925/1925/1
f 1925/1925/1 2045/2045/1 2046/2046/1
f 1925/1925/1 2046/2046/1 1926/1926/1
f 1926/1926/1 2046/2046/1 2047/2047/1
f 1926/1926/1 2047/2047/1 1927/1927/1
f 1927/1927/1 2047/2047/1 2048/2048/1
f 1927/1927/1 2048/2048/1 1928/1928/1
f 1928/1928/1 2048/2048/1 2049/2049/1
f 1928/1928/1 2049/2049/1 1929/1929/1
f 1929/1929/1 2049/2049/1 2050/2050/1
f 1929/1929/1 2050/2050/1 1930/1930/1
f 1930/1930/1 2050/2050/1 2051/2051/1
f 1930/1930/1 2051/2051/1 1931/1931/1
f 1931/1931/1 2051/2051/1 2052/2052/1
f 1931/1931/1 2052/2052/1 1932/1932/1
f 1932/1932/1 2052/2052/1 2053/2053/1
f 1932/1932/1 2053/2053/1 1933/1933/1
f 1933/1933/1 2053/2053/1 2054/2054/1
f 1933/1933/1 2054/2054/1 1934/1934/1
f 1934/1934/1 2054/2054/1 2055/2055/1
f 1934/1934/1 2055/2055/1 1935/1935/1
f 1935/1935/1 2055/2055/1 2056/2056/1
f 1935/1935/1 2056/2056/1 1936/1936/1
f 1936/1936/1 2056/2056/1 2057/2057/1
f 1937/1937/1 2058/2058/1 1938/1938/1
f 1938/1938/1 2058/2058/1 2059/2059/1
f 1938/1938/1 2059/2059/1 1939/1939/1
f 1939/1939/1 2059/2059/1 2060/2060/1
f 1939/1939/1 2060/2060/1 1940/1940/1
f 1940/1940/1 2060/2060/1 2061/2061/1
f 1940/1940/1 2061/2061/1 1941/1941/1
f 1941/1941/1 2061/2061/1 2062/2062/1
f 1941/1941/1 2062/2062/1 1942/1942/1
f 1942/1942/1 2062/2062/1 2063/2063/1
f 1942/1942/1 2063/2063/1 1943/1943/1
f 1943/1943/1 2063/2063/1 2064/2064/1
f 1943/1943/1 2064/2064/1 1944/1944/1
f 1944/1944/1 2064/2064/1 2065/2065/1
f 1944/1944/1 2065/2065/1 1945/1945/1
f 1945/1945/1 2065/2065/1 2066/2066/1
f 1945/1945/1 2066/2066/1 1946/1946/1
f 1946/1946/1 2066/2066/1 2067/2067/1
f 1946/1946/1 2067/2067/1 1947/1947/1
f 1947/1947/1 2067/2067/1 2068/2068/1
f 1947/1947/1 2068/2068/1 1948/1948/1
f 1948/1948/1 2068/2068/1 2069/2069/1
f 1948/1948/1 2069/2069/1 1949/1949/1
f 1949/1949/1 2069/2069/1 2070/2070/1
f 1949/1949/1 2070/2070/1 1950/1950/1
f 1950/1950/1 2070/2070/1 2071/2071/1
f 1950/1950/1 2071/2071/1 1951/1951/1
f 1951/1951/1 2071/2071/1 2072/2072/1
f 1951/1951/1 2072/2072/1 1952/1952/1
f 1952/1952/1 2072/2072/1 2073/2073/1
f 1952/1952/1 2073/2073/1 1953/1953/1
f 1953/1953/1 2073/2073/1 2074/2074/1
f 1953/1953/1 2074/2074/1 1954/1954/1
f 1954/1954/1 2074/2074/1 2075/2075/1
f 1954/1954/1 2075/2075/1 1955/1955/1
f 1955/1955/1 2075/2075/1 2076/2076/1
f 1955/1955/1 2076/2076/1 1956/1956/1
f 1956/1956/1 2076/2076/1 2077/2077/1
f 1956/1956/1 2077/2077/1 1957/1957/1
f 1957/1957/1 2077/2077/1 2078/2078/1
f 1957/1957/1 2078/2078/1 1958/1958/1
f 1958/1958/1 2078/2078/1 2079/2079/1
f 1958/1958/1 2079/2079/1 1959/1959/1
f 1959/1959/1 2079/2079/1 2080/2080/1
f 1959/1959/1 2080/2080/1 1960/1960/1
f 1960/1960/1 2080/2080/1 2081/2081/1
f 1960/1960/1 2081/2081/1 1961/1961/1
f 1961/1961/1 2081/2081/1 2082/2082/1
f 1961/1961/1 2082/2082/1 1962/1962/1
f 1962/1962/1 2082/2082/1 2083/2083/1
f 1962/1962/1 2083/2083/1 1963/1963/1
f 1963/1963/1 2083/2083/1 2084/2084/1
f 1963/1963/1 2084/2084/1 1964/1964/1
f 1964/1964/1 2084/2084/1 2085/2085/1
f 1964/1964/1 2085/2085/1 1965/1965/1
f 1965/1965/1 2085/2085/1 2086/2086/1
f 1965/1965/1 2086/2086/1 1966/1966/1
f 1966/1966/1 2086/2086/1 2087/2087/1
f 1966/1966/1 2087/2087/1 1967/1967/1
f 1967/1967/1 2087/2087/1 2088/2088/1
f 1967/1967/1 2088/2088/1 1968/1968/1
f 1968/1968/1 2088/2088/1 2089/2089/1
f 1968/1968/1 2089/2089/1 1969/1969/1
f 1969/1969/1 2089/2089/1 2090/2090/1
f 1969/1969/1 2090/2090/1 1970/1970/1
f 1970/1970/1 2090/2090/1 2091/2091/1
f 1970/1970/1 2091/2091/1 1971/1971/1
f 1971/1971/1 2091/2091/1 2092/2092/1
f 1971/1971/1 2092/2092/1 1972/1972/1
f 1972/1972/1 2092/2092/1 2093/2093/1
f 1972/1972/1 2093/2093/1 1973/1973/1
f 1973/1973/1 2093/2093/1 2094/2094/1
f 1973/1973/1 2094/2094/1 1974/1974/1
f 1974/1974/1 2094/2094/1 2095/2095/1
f 1974/1974/1 2095/2095/1 1975/1975/1
f 1975/1975/1 2095/2095/1 2096/2096/1
f 1975/1975/1 2096/2096/1 1976/1976/1
f 1976/1976/1 2096/2096/1 2097/2097/1
f 1976/1976/1 2097/2097/1 1977/1977/1
f 1977/1977/1 2097/2097/1 2098/2098/1
f 1977/1977/1 2098/2098/1 1978/1978/1
f 1978/1978/1 2098/2098/1 2099/2099/1
f 1978/1978/1 2099/2099/1 1979/1979/1
f 1979/1979/1 2099/2099/1 2100/2100/1
f 1979/1979/1 2100/2100/1 1980/1980/1
f 1980/1980/1 2100/2100/1 2101/2101/1
f 1980/1980/1 2101/2101/1 1981/1981/1
f 1981/1981/1 2101/2101/1 2102/2102/1
f 1981/1981/1 2102/2102/1 1982/1982/1
f 1982/1982/1 2102/2102/1 2103/2103/1
f 1982/1982/1 2103/2103/1 1983/1983/1
f 1983/1983/1 2103/2103/1 2104/2104/1
f 1983/1983/1 2104/2104/1 1984/1984/1
f 1984/1984/1 2104/2104/1 2105/2105/1
f 1984/1984/1 2105/2105/1 1985/1985/1
f 1985/1985/1 2105/2105/1 2106/2106/1
f 1985/1985/1 2106/2106/1 1986/1986/1
f 1986/1986/1 2106/2106/1 2107/2107/1
f 1986/1986/1 2107/2107/1 1987/1987/1
f 1987/1987/1 2107/2107/1 2108/2108/1
f 1987/1987/1 2108/2108/1 1988/1988/1
f 1988/1988/1 2108/2108/1 2109/2109/1
f 1988/1988/1 2109/2109/1 1989/1989/1
f 1989/1989/1 2109/2109/1 2110/2110/1
f 1989/1989/1 2110/2110/1 1990/1990/1
f 1990/1990/1 2110/2110/1 2111/2111/1
f 1990/1990/1 2111/2111/1 1991/1991/1
f 1991/1991/1 2111/2111/1 2112/2112/1
f 1991/1991/1 2112/2112/1 1992/1992/1
f 1992/1992/1 2112/2112/1 2113/2113/1
f 1992/1992/1 2113/2113/1 1993/1993/1
f 1993/1993/1 2113/2113/1 2114/2114/1
f 1993/1993/1 2114/2114/1 1994/1994/1
f 1994/1994/1 2114/2114/1 2115/2115/1
f 1994/1994/1 2115/2115/1 1995/1995/1
f 1995/1995/1 2115/2115/1 2116/2116/1
f 1995/1995/1 2116/2116/1 1996/1996/1
f 1996/1996/1 2116/2116/1 2117/2117/1
f 1996/1996/1 2117/2117/1 1997/1997/1
f 1997/1997/1 2117/2117/1 2118/2118/1
f 1997/1997/1 2118/2118/1 1998/1998/1
f 1998/1998/1 2118/2118/1 2119/2119/1
f 1998/1998/1 2119/2119/1 1999/1999/1
f 1999/1999/1 2119/2119/1 2120/2120/1
f 1999/1999/1 2120/2120/1 2000/2000/1
f 2000/2000/1 2120/2120/1 2121/2121/1
f 2000/2000/1 2121/2121/1 2001/2001/1
f 2001/2001/1 2121/2121/1 2122/2122/1
f 2001/2001/1 2122/2122/1 2002/2002/1
f 2002/2002/1 2122/2122/1 2123/2123/1
f 2002/2002/1 2123/2123/1 2003/2003/1
f 2003/2003/1 2123/2123/1 2124/2124/1
f 2003/2003/1 2124/2124/1 2004/2004/1
f 2004/2004/1 2124/2124/1 2125/2125/1
f 2004/2004/1 2125/2125/1 2005/2005/1
f 2005/2005/1 2125/2125/1 2126/2126/1
f 2005/2005/1 2126/2126/1 2006/2006/1
f 2006/2006/1 2126/2126/1 2127/2127/1
f 2006/2006/1 2127/2127/1 2007/2007/1
f 2007/2007/1 2127/2127/1 2128/2128/1
f 2007/2007/1 2128/2128/1 2008/2008/1
f 2008/2008/1 2128/2128/1 2129/2129/1
f 2008/2008/1 2129/2129/1 2009/2009/1
f 2009/2009/1 2129/2129/1 2130/2130/1
f 2009/2009/1 2130/2130/1 2010/2010/1
f 2010/2010/1 2130/2130/1 2131/2131/1
f 2010/2010/1 2131/2131/1 2011/2011/1
f 2011/2011/1 2131/2131/1 2132/2132/1
f 2011/2011/1 2132/2132/1 2012/2012/1
f 2012/2012/1 2132/2132/1 2133/2133/1
f 2012/2012/1 2133/2133/1 2013/2013/1
f 2013/2013/1 2133/2133/1 2134/2134/1
f 2013/2013/1 2134/2134/1 2014/2014/1
f 2014/2014/1 2134/2134/1 2135/2135/1
f 2014/2014/1 2135/2135/1 2015/2015/1
f 2015/2015/1 2135/2135/1 2136/2136/1
f 2015/2015/1 2136/2136/1 2016/2016/1
f 2016/2016/1 2136/2136/1 2137/2137/1
f 2016/2016/1 2137/2137/1 2017/2017/1
f 2017/2017/1 2137/2137/1 2138/2138/1
f 2017/2017/1 2138/2138/1 2018/2018/1
f 2018/2018/1 2138/2138/1 2139/2139/1
f 2018/2018/1 2139/2139/1 2019/2019/1
f 2019/2019/1 2139/2139/1 2140/2140/1
f 2019/2019/1 2140/2140/1 2020/2020/1
f 2020/2020/1 2140/2140/1 2141/2141/1
f 2020/2020/1 2141/2141/1 2021/2021/1
f 2021/2021/1 2141/2141/1 2142/2142/1
f 2021/2021/1 2142/2142/1 2022/2022/1
f 2022/2022/1 2142/2142/1 2143/2143/1
f 2022/2022/1 2143/2143/1 2023/2023/1
f 2023/2023/1 2143/2143/1 2144/2144/1
f 2023/2023/1 2144/2144/1 2024/2024/1
f 2024/2024/1 2144/2144/1 2145/2145/1
f 2024/2024/1 2145/2145/1 2025/2025/1
f 2025/2025/1 2145/2145/1 2146/2146/1
f 2025/2025/1 2146/2146/1 2026/2026/1
f 2026/2026/1 2146/2146/1 2147/2147/1
f 2026/2026/1 2147/2147/1 2027/2027/1
f 2027/2027/1 2147/2147/1 2148/2148/1
f 2027/2027/1 2148/2148/1 2028/2028/1
f 2028/2028/1 2148/2148/1 2149/2149/1
f 2028/2028/1 2149/2149/1 2029/2029/1
f 2029/2029/1 2149/2149/1 2150/2150/1
f 2029/2029/1 2150/2150/1 2030/2030/1
f 2030/2030/1 2150/2150/1 2151/2151/1
f 2030/2030/1 2151/2151/1 2031/2031/1
f 2031/2031/1 2151/2151/1 2152/2152/1
f 2031/2031/1 2152/2152/1 2032/2032/1
f 2032/2032/1 2152/2152/1 2153/2153/1
f 2032/2032/1 2153/2153/1 2033/2033/1
f 2033/2033/1 2153/2153/1 2154/2154/1
f 2033/2033/1 2154/2154/1 2034/2034/1
f 2034/2034/1 2154/2154/1 2155/2155/1
f 2034/2034/1 2155/2155/1 2035/2035/1
f 2035/2035/1 2155/2155/1 2156/2156/1
f 2035/2035/1 2156/2156/1 2036/2036/1
f 2036/2036/1 2156/2156/1 2157/2157/1
f 2036/2036/1 2157/2157/1 2037/2037/1
f 2037/2037/1 2157/2157/1 2158/2158/1
f 2037/2037/1 2158/2158/1 2038/2038/1
f 2038/2038/1 2158/2158/1 2159/2159/1
f 2038/2038/1 2159/2159/1 2039/2039/1
f 2039/2039/1 2159/2159/1 2160/2160/1
f 2039/2039/1 2160/2160/1 2040/2040/1
f 2040/2040/1 2160/2160/1 2161/2161/1
f 2040/2040/1 2161/2161/1 2041/2041/1
f 2041/2041/1 2161/2161/1 2162/2162/1
f 2041/2041/1 2162/2162/1 2042/2042/1
f 2042/2042/1 2162/2162/1 2163/2163/1
f 2042/2042/1 2163/2163/1 2043/2043/1
f 2043/2043/1 2163/2163/1 2164/2164/1
f 2043/2043/1 2164/2164/1 2044/2044/1
f 2044/2044/1 2164/2164/1 2165/2165/1
f 2044/2044/1 2165/2165/1 2045/2045/1
f 2045/2045/1 2165/2165/1 2166/2166/1
f 2045/2045/1 2166/2166/1 2046/2046/1
f 2046/2046/1 2166/2166/1 2167/2167/1
f 2046/2046/1 2167/2167/1 2047/2047/1
f 2047/2047/1 2167/2167/1 2168/2168/1
f 2047/2047/1 2168/2168/1 2048/2048/1
f 2048/2048/1 2168/2168/1 2169/2169/1
f 2048/2048/1 2169/2169/1 2049/2049/1
f 2049/2049/1 2169/2169/1 2170/2170/1
f 2049/2049/1 2170/2170/1 2050/2050/1
f 2050/2050/1 2170/2170/1 2171/2171/1
f 2050/2050/1 2171/2171/1 2051/2051/1
f 2051/2051/1 2171/2171/1 2172/2172/1
f 2051/2051/1 2172/2172/1 2052/2052/1
f 2052/2052/1 2172/2172/1 2173/2173/1
f 2052/2052/1 2173/2173/1 2053/2053/1
f 2053/2053/1 2173/2173/1 2174/2174/1
f 2053/2053/1 2174/2174/1 2054/2054/1
f 2054/2054/1 2174/2174/1 2175/2175/1
f 2054/2054/1 2175/2175/1 2055/2055/1
f 2055/2055/1 2175/2175/1 2176/2176/1
f 2055/2055/1 2176/2176/1 2056/2056/1
f 2056/2056/1 2176/2176/1 2177/2177/1
f 2056/2056/1 2177/2177/1 2057/2057/1
f 2057/2057/1 2177/2177/1 2178/2178/1
f 2058/2058/1 2179/2179/1 2059/2059/1
f 2059/2059/1 2179/2179/1 2180/2180/1
f 2059/2059/1 2180/2180/1 2060/2060/1
f 2060/2060/1 2180/2180/1 2181/2181/1
f 2060/2060/1 2181/2181/1 2061/2061/1
f 2061/2061/1 2181/2181/1 2182/2182/1
f 2061/2061/1 2182/2182/1 2062/2062/1
f 2062/2062/1 2182/2182/1 2183/2183/1
f 2062/2062/1 2183/2183/1 2063/2063/1
f 2063/2063/1 2183/2183/1 2184/2184/1
f 2063/2063/1 2184/2184/1 2064/2064/1
f 2064/2064/1 2184/2184/1 2185/2185/1
f 2064/2064/1 2185/2185/1 2065/2065/1
f 2065/2065/1 2185/2185/1 2186/2186/1
f 2065/2065/1 2186/2186/1 2066/2066/1
f 2066/2066/1 2186/2186/1 2187/2187/1
f 2066/2066/1 2187/2187/1 2067/2067/1
f 2067/2067/1 2187/2187/1 2188/2188/1
f 2067/2067/1 2188/2188/1 2068/2068/1
f 2068/2068/1 2188/2188/1 2189/2189/1
f 2068/2068/1 2189/2189/1 2069/2069/1
f 2069/2069/1 2189/2189/1 2190/2190/1
f 2069/2069/1 2190/2190/1 2070/2070/1
f 2070/2070/1 2190/2190/1 2191/2191/1
f 2070/2070/1 2191/2191/1 2071/2071/1
f 2071/2071/1 2191/2191/1 2192/2192/1
f 2071/2071/1 2192/2192/1 2072/2072/1
f 2072/2072/1 2192/2192/1 2193/2193/1
f 2072/2072/1 2193/2193/1 2073/2073/1
f 2073/2073/1 2193/2193/1 2194/2194/1
f 2073/2073/1 2194/2194/1 2074/2074/1
f 2074/2074/1 2194/2194/1 2195/2195/1
f 2074/2074/1 2195/2195/1 2075/2075/1
f 2075/2075/1 2195/2195/1 2196/2196/1
f 2075/2075/1 2196/2196/1 2076/2076/1
f 2076/2076/1 2196/2196/1 2197/2197/1
f 2076/2076/1 2197/2197/1 2077/2077/1
f 2077/2077/1 2197/2197/1 2198/2198/1
f 2077/2077/1 2198/2198/1 2078/2078/1
f 2078/2078/1 2198/2198/1 2199/2199/1
f 2078/2078/1 2199/2199/1 2079/2079/1
f 2079/2079/1 2199/2199/1 2200/2200/1
f 2079/2079/1 2200/2200/1 2080/2080/1
f 2080/2080/1 2200/2200/1 2201/2201/1
f 2080/2080/1 2201/2201/1 2081/2081/1
f 2081/2081/1 2201/2201/1 2202/2202/1
f 2081/2081/1 2202/2202/1 2082/2082/1
f 2082/2082/1 2202/2202/1 2203/2203/1
f 2082/2082/1 2203/2203/1 2083/2083/1
f 2083/2083/1 2203/2203/1 2204/2204/1
f 2083/2083/1 2204/2204/1 2084/2084/1
f 2084/2084/1 2204/2204/1 2205/2205/1
f 2084/2084/1 2205/2205/1 2085/2085/1
f 2085/2085/1 2205/2205/1 2206/2206/1
f 2085/2085/1 2206/2206/1 2086/2086/1
f 2086/2086/1 2206/2206/1 2207/2207/1
f 2086/2086/1 2207/2207/1 2087/2087/1
f 2087/2087/1 2207/2207/1 2208/2208/1
f 2087/2087/1 2208/2208/1 2088/2088/1
f 2088/2088/1 2208/2208/1 2209/2209/1
f 2088/2088/1 2209/2209/1 2089/2089/1
f 2089/2089/1 2209/2209/1 2210/2210/1
f 2089/2089/1 2210/2210/1 2090/2090/1
f 2090/2090/1 2210/2210/1 2211/2211/1
f 2090/2090/1 2211/2211/1 2091/2091/1
f 2091/2091/1 2211/2211/1 2212/2212/1
f 2091/2091/1 2212/2212/1 2092/2092/1
f 2092/2092/1 2212/2212/1 2213/2213/1
f 2092/2092/1 2213/2213/1 2093/2093/1
f 2093/2093/1 2213/2213/1 2214/2214/1
f 2093/2093/1 2214/2214/1 2094/2094/1
f 2094/2094/1 2214/2214/1 2215/2215/1
f 2094/2094/1 2215/2215/1 2095/2095/1
f 2095/2095/1 2215/2215/1 2216/2216/1
f 2095/2095/1 2216/2216/1 2096/2096/1
f 2096/2096/1 2216/2216/1 2217/2217/1
f 2096/2096/1 2217/2217/1 2097/2097/1
f 2097/2097/1 2217/2217/1 2218/2218/1
f 2097/2097/1 2218/2218/1 2098/2098/1
f 2098/2098/1 2218/2218/1 2219/2219/1
f 2098/2098/1 2219/2219/1 2099/2099/1
f 2099/2099/1 2219/2219/1 2220/2220/1
f 2099/2099/1 2220/2220/1 2100/2100/1
f 2100/2100/1 2220/2220/1 2221/2221/1
f 2100/2100/1 2221/2221/1 2101/2101/1
f 2101/2101/1 2221/2221/1 2222/2222/1
f 2101/2101/1 2222/2222/1 2102/2102/1
f 2102/2102/1 2222/2222/1 2223/2223/1
f 2102/2102/1 2223/2223/1 2103/2103/1
f 2103/2103/1 2223/2223/1 2224/2224/1
f 2103/2103/1 2224/2224/1 2104/2104/1
f 2104/2104/1 2224/2224/1 2225/2225/1
f 2104/2104/1 2225/2225/1 2105/2105/1
f 2105/2105/1 2225/2225/1 2226/2226/1
f 2105/2105/1 2226/2226/1 2106/2106/1
f 2106/2106/1 2226/2226/1 2227/2227/1
f 2106/2106/1 2227/2227/1 2107/2107/1
f 2107/2107/1 2227/2227/1 2228/2228/1
f 2107/2107/1 2228/2228/1 2108/2108/1
f 2108/2108/1 2228/2228/1 2229/2229/1
f 2108/2108/1 2229/2229/1 2109/2109/1
f 2109/2109/1 2229/2229/1 2230/2230/1
f 2109/2109/1 2230/2230/1 2110/2110/1
f 2110/2110/1 2230/2230/1 2231/2231/1
f 2110/2110/1 2231/2231/1 2111/2111/1
f 2111/2111/1 2231/2231/1 2232/2232/1
f 2111/2111/1 2232/2232/1 2112/2112/1
f 2112/2112/1 2232/2232/1 2233/2233/1
f 2112/2112/1 2233/2233/1 2113/2113/1
f 2113/2113/1 2233/2233/1 2234/2234/1
f 2113/2113/1 2234/2234/1 2114/2114/1
f 2114/2114/1 2234/2234/1 2235/2235/1
f 2114/2114/1 2235/2235/1 2115/2115/1
f 2115/2115/1 2235/2235/1 2236/2236/1
f 2115/2115/1 2236/2236/1 2116/2116/1
f 2116/2116/1 2236/2236/1 2237/2237/1
f 2116/2116/1 2237/2237/1 2117/2117/1
f 2117/2117/1 2237/2237/1 2238/2238/1
f 2117/2117/1 2238/2238/1 2118/2118/1
f 2118/2118/1 2238/2238/1 2239/2239/1
f 2118/2118/1 2239/2239/1 2119/2119/1
f 2119/2119/1 2239/2239/1 2240/2240/1
f 2119/2119/1 2240/2240/1 2120/2120/1
f 2120/2120/1 2240/2240/1 2241/2241/1
f 2120/2120/1 2241/2241/1 2121/2121/1
f 2121/2121/1 2241/2241/1 2242/2242/1
f 2121/2121/1 2242/2242/1 2122/2122/1
f 2122/2122/1 2242/2242/1 2243/2243/1
f 2122/2122/1 2243/2243/1 2123/2123/1
f 2123/2123/1 2243/2243/1 2244/2244/1
f 2123/2123/1 2244/2244/1 2124/2124/1
f 2124/2124/1 2244/2244/1 2245/2245/1
f 2124/2124/1 2245/2245/1 2125/2125/1
f 2125/2125/1 2245/2245/1 2246/2246/1
f 2125/2125/1 2246/2246/1 2126/2126/1
f 2126/2126/1 2246/2246/1 2247/2247/1
f 2126/2126/1 2247/2247/1 2127/2127/1
f 2127/2127/1 2247/2247/1 2248/2248/1
f 2127/2127/1 2248/2248/1 2128/2128/1
f 2128/2128/1 2248/2248/1 2249/2249/1
f 2128/2128/1 2249/2249/1 2129/2129/1
f 2129/2129/1 2249/2249/1 2250/2250/1
f 2129/2129/1 2250/2250/1 2130/2130/1
f 2130/2130/1 2250/2250/1 2251/2251/1
f 2130/2130/1 2251/2251/1 2131/2131/1
f 2131/2131/1 2251/2251/1 2252/2252/1
f 2131/2131/1 2252/2252/1 2132/2132/1
f 2132/2132/1 2252/2252/1 2253/2253/1
f 2132/2132/1 2253/2253/1 2133/2133/1
f 2133/2133/1 2253/2253/1 2254/2254/1
f 2133/2133/1 2254/2254/1 2134/2134/1
f 2134/2134/1 2254/2254/1 2255/2255/1
f 2134/2134/1 2255/2255/1 2135/2135/1
f 2135/2135/1 2255/2255/1 2256/2256/1
f 2135/2135/1 2256/2256/1 2136/2136/1
f 2136/2136/1 2256/2256/1 2257/2257/1
f 2136/2136/1 2257/2257/1 2137/2137/1
f 2137/2137/1 2257/2257/1 2258/2258/1
f 2137/2137/1 2258/2258/1 2138/2138/1
f 2138/2138/1 2258/2258/1 2259/2259/1
f 2138/2138/1 2259/2259/1 2139/2139/1
f 2139/2139/1 2259/2259/1 2260/2260/1
f 2139/2139/1 2260/2260/1 2140/2140/1
f 2140/2140/1 2260/2260/1 2261/2261/1
f 2140/2140/1 2261/2261/1 2141/2141/1
f 2141/2141/1 2261/2261/1 2262/2262/1
f 2141/2141/1 2262/2262/1 2142/2142/1
f 2142/2142/1 2262/2262/1 2263/2263/1
f 2142/2142/1 2263/2263/1 2143/2143/1
f 2143/2143/1 2263/2263/1 2264/2264/1
f 2143/2143/1 2264/2264/1 2144/2144/1
f 2144/2144/1 2264/2264/1 2265/2265/1
f 2144/2144/1 2265/2265/1 2145/2145/1
f 2145/2145/1 2265/2265/1 2266/2266/1
f 2145/2145/1 2266/2266/1 2146/2146/1
f 2146/2146/1 2266/2266/1 2267/2267/1
f 2146/2146/1 2267/2267/1 2147/2147/1
f 2147/2147/1 2267/2267/1 2268/2268/1
f 2147/2147/1 2268/2268/1 2148/2148/1
f 2148/2148/1 2268/2268/1 2269/2269/1
f 2148/2148/1 2269/2269/1 2149/2149/1
f 2149/2149/1 2269/2269/1 2270/2270/1
f 2149/2149/1 2270/2270/1 2150/2150/1
f 2150/2150/1 2270/2270/1 2271/2271/1
f 2150/2150/1 2271/2271/1 2151/2151/1
f 2151/2151/1 2271/2271/1 2272/2272/1
f 2151/2151/1 2272/2272/1 2152/2152/1
f 2152/2152/1 2272/2272/1 2273/2273/1
f 2152/2152/1 2273/2273/1 2153/2153/1
f 2153/2153/1 2273/2273/1 2274/2274/1
f 2153/2153/1 2274/2274/1 2154/2154/1
f 2154/2154/1 2274/2274/1 2275/2275/1
f 2154/2154/1 2275/2275/1 2155/2155/1
f 2155/2155/1 2275/2275/1 2276/2276/1
f 2155/2155/1 2276/2276/1 2156/2156/1
f 2156/2156/1 2276/2276/1 2277/2277/1
f 2156/2156/1 2277/2277/1 2157/2157/1
f 2157/2157/1 2277/2277/1 2278/2278/1
f 2157/2157/1 2278/2278/1 2158/2158/1
f 2158/2158/1 2278/2278/1 2279/2279/1
f 2158/2158/1 2279/2279/1 2159/2159/1
f 2159/2159/1 2279/2279/1 2280/2280/1
f 2159/2159/1 2280/2280/1 2160/2160/1
f 2160/2160/1 2280/2280/1 2281/2281/1
f 2160/2160/1 2281/2281/1 2161/2161/1
f 2161/2161/1 2281/2281/1 2282/2282/1
f 2161/2161/1 2282/2282/1 2162/2162/1
f 2162/2162/1 2282/2282/1 2283/2283/1
f 2162/2162/1 2283/2283/1 2163/2163/1
f 2163/2163/1 2283/2283/1 2284/2284/1
f 2163/2163/1 2284/2284/1 2164/2164/1
f 2164/2164/1 2284/2284/1 2285/2285/1
f 2164/2164/1 2285/2285/1 2165/2165/1
f 2165/2165/1 2285/2285/1 2286/2286/1
f 2165/2165/1 2286/2286/1 2166/2166/1
f 2166/2166/1 2286/2286/1 2287/2287/1
f 2166/2166/1 2287/2287/1 2167/2167/1
f 2167/2167/1 2287/2287/1 2288/2288/1
f 2167/2167/1 2288/2288/1 2168/2168/1
f 2168/2168/1 2288/2288/1 2289/2289/1
f 2168/2168/1 2289/2289/1 2169/2169/1
f 2169/2169/1 2289/2289/1 2290/2290/1
f 2169/2169/1 2290/2290/1 2170/2170/1
f 2170/2170/1 2290/2290/1 2291/2291/1
f 2170/2170/1 2291/2291/1 2171/2171/1
f 2171/2171/1 2291/2291/1 2292/2292/1
f 2171/2171/1 2292/2292/1 2172/2172/1
f 2172/2172/1 2292/2292/1 2293/2293/1
f 2172/2172/1 2293/2293/1 2173/2173/1
f 2173/2173/1 2293/2293/1 2294/2294/1
f 2173/2173/1 2294/2294/1 2174/2174/1
f 2174/2174/1 2294/2294/1 2295/2295/1
f 2174/2174/1 2295/2295/1 2175/2175/1
f 2175/2175/1 2295/2295/1 2296/2296/1
f 2175/2175/1 2296/2296/1 2176/2176/1
f 2176/2176/1 2296/2296/1 2297/2297/1
f 2176/2176/1 2297/2297/1 2177/2177/1
f 2177/2177/1 2297/2297/1 2298/2298/1
f 2177/2177/1 2298/2298/1 2178/2178/1
f 2178/2178/1 2298/2298/1 2299/2299/1
f 2179/2179/1 2300/2300/1 2180/2180/1
f 2180/2180/1 2300/2300/1 2301/2301/1
f 2180/2180/1 2301/2301/1 2181/2181/1
f 2181/2181/1 2301/2301/1 2302/2302/1
f 2181/2181/1 2302/2302/1 2182/2182/1
f 2182/2182/1 2302/2302/1 2303/2303/1
f 2182/2182/1 2303/2303/1 2183/2183/1
f 2183/2183/1 2303/2303/1 2304/2304/1
f 2183/2183/1 2304/2304/1 2184/2184/1
f 2184/2184/1 2304/2304/1 2305/2305/1
f 2184/2184/1 2305/2305/1 2185/2185/1
f 2185/2185/1 2305/2305/1 2306/2306/1
f 2185/2185/1 2306/2306/1 2186/2186/1
f 2186/2186/1 2306/2306/1 2307/2307/1
f 2186/2186/1 2307/2307/1 2187/2187/1
f 2187/2187/1 2307/2307/1 2308/2308/1
f 2187/2187/1 2308/2308/1 2188/2188/1
f 2188/2188/1 2308/2308/1 2309/2309/1
f 2188/2188/1 2309/2309/1 2189/2189/1
f 2189/2189/1 2309/2309/1 2310/2310/1
f 2189/2189/1 2310/2310/1 2190/2190/1
f 2190/2190/1 2310/2310/1 2311/2311/1
f 2190/2190/1 2311/2311/1 2191/2191/1
f 2191/2191/1 2311/2311/1 2312/2312/1
f 2191/2191/1 2312/2312/1 2192/2192/1
f 2192/2192/1 2312/2312/1 2313/2313/1
f 2192/2192/1 2313/2313/1 2193/2193/1
f 2193/2193/1 2313/2313/1 2314/2314/1
f 2193/2193/1 2314/2314/1 2194/2194/1
f 2194/2194/1 2314/2314/1 2315/2315/1
f 2194/2194/1 2315/2315/1 2195/2195/1
f 2195/2195/1 2315/2315/1 2316/2316/1
f 2195/2195/1 2316/2316/1 2196/2196/1
f 2196/2196/1 2316/2316/1 2317/2317/1
f 2196/2196/1 2317/2317/1 2197/2197/1
f 2197/2197/1 2317/2317/1 2318/2318/1
f 2197/2197/1 2318/2318/1 2198/2198/1
f 2198/2198/1 2318/2318/1 2319/2319/1
f 2198/2198/1 2319/2319/1 2199/2199/1
f 2199/2199/1 2319/2319/1 2320/2320/1
f 2199/2199/1 2320/2320/1 2200/2200/1
f 2200/2200/1 2320/2320/1 2321/2321/1
f 2200/2200/1 2321/2321/1 2201/2201/1
f 2201/2201/1 2321/2321/1 2322/2322/1
f 2201/2201/1 2322/2322/1 2202/2202/1
f 2202/2202/1 2322/2322/1 2323/2323/1
f 2202/2202/1 2323/2323/1 2203/2203/1
f 2203/2203/1 2323/2323/1 2324/2324/1
f 2203/2203/1 2324/2324/1 2204/2204/1
f 2204/2204/1 2324/2324/1 2325/2325/1
f 2204/2204/1 2325/2325/1 2205/2205/1
f 2205/2205/1 2325/2325/1 2326/2326/1
f 2205/2205/1 2326/2326/1 2206/2206/1
f 2206/2206/1 2326/2326/1 2327/2327/1
f 2206/2206/1 2327/2327/1 2207/2207/1
f 2207/2207/1 2327/2327/1 2328/2328/1
f 2207/2207/1 2328/2328/1 2208/2208/1
f 2208/2208/1 2328/2328/1 2329/2329/1
f 2208/2208/1 2329/2329/1 2209/2209/1
f 2209/2209/1 2329/2329/1 2330/2330/1
f 2209/2209/1 2330/2330/1 2210/2210/1
f 2210/2210/1 2330/2330/1 2331/2331/1
f 2210/2210/1 2331/2331/1 2211/2211/1
f 2211/2211/1 2331/2331/1 2332/2332/1
f 2211/2211/1 2332/2332/1 2212/2212/1
f 2212/2212/1 2332/2332/1 2333/2333/1
f 2212/2212/1 2333/2333/1 2213/2213/1
f 2213/2213/1 2333/2333/1 2334/2334/1
f 2213/2213/1 2334/2334/1 2214/2214/1
f 2214/2214/1 2334/2334/1 2335/2335/1
f 2214/2214/1 2335/2335/1 2215/2215/1
f 2215/2215/1 2335/2335/1 2336/2336/1
f 2215/2215/1 2336/2336/1 2216/2216/1
f 2216/2216/1 2336/2336/1 2337/2337/1
f 2216/2216/1 2337/2337/1 2217/2217/1
f 2217/2217/1 2337/2337/1 2338/2338/1
f 2217/2217/1 2338/2338/1 2218/2218/1
f 2218/2218/1 2338/2338/1 2339/2339/1
f 2218/2218/1 2339/2339/1 2219/2219/1
f 2219/2219/1 2339/2339/1 2340/2340/1
f 2219/2219/1 2340/2340/1 2220/2220/1
f 2220/2220/1 2340/2340/1 2341/2341/1
f 2220/2220/1 2341/2341/1 2221/2221/1
f 2221/2221/1 2341/2341/1 2342/2342/1
f 2221/2221/1 2342/2342/1 2222/2222/1
f 2222/2222/1 2342/2342/1 2343/2343/1
f 2222/2222/1 2343/2343/1 2223/2223/1
f 2223/2223/1 2343/2343/1 2344/2344/1
f 2223/2223/1 2344/2344/1 2224/2224/1
f 2224/2224/1 2344/2344/1 2345/2345/1
f 2224/2224/1 2345/2345/1 2225/2225/1
f 2225/2225/1 2345/2345/1 2346/2346/1
f 2225/2225/1 2346/2346/1 2226/2226/1
f 2226/2226/1 2346/2346/1 2347/2347/1
f 2226/2226/1 2347/2347/1 2227/2227/1
f 2227/2227/1 2347/2347/1 2348/2348/1
f 2227/2227/1 2348/2348/1 2228/2228/1
f 2228/2228/1 2348/2348/1 2349/2349/1
f 2228/2228/1 2349/2349/1 2229/2229/1
f 2229/2229/1 2349/2349/1 2350/2350/1
f 2229/2229/1 2350/2350/1 2230/2230/1
f 2230/2230/1 2350/2350/1 2351/2351/1
f 2230/2230/1 2351/2351/1 2231/2231/1
f 2231/2231/1 2351/2351/1 2352/2352/1
f 2231/2231/1 2352/2352/1 2232/2232/1
f 2232/2232/1 2352/2352/1 2353/2353/1
f 2232/2232/1 2353/2353/1 2233/2233/1
f 2233/2233/1 2353/2353/1 2354/2354/1
f 2233/2233/1 2354/2354/1 2234/2234/1
f 2234/2234/1 2354/2354/1 2355/2355/1
f 2234/2234/1 2355/2355/1 2235/2235/1
f 2235/2235/1 2355/2355/1 2356/2356/1
f 2235/2235/1 2356/2356/1 2236/2236/1
f 2236/2236/1 2356/2356/1 2357/2357/1
f 2236/2236/1 2357/2357/1 2237/2237/1
f 2237/2237/1 2357/2357/1 2358/2358/1
f 2237/2237/1 2358/2358/1 2238/2238/1
f 2238/2238/1 2358/2358/1 2359/2359/1
f 2238/2238/1 2359/2359/1 2239/2239/1
f 2239/2239/1 2359/2359/1 2360/2360/1
f 2239/2239/1 2360/2360/1 2240/2240/1
f 2240/2240/1 2360/2360/1 2361/2361/1
f 2240/2240/1 2361/2361/1 2241/2241/1
f 2241/2241/1 2361/2361/1 2362/2362/1
f 2241/2241/1 2362/2362/1 2242/2242/1
f 2242/2242/1 2362/2362/1 2363/2363/1
f 2242/2242/1 2363/2363/1 2243/2243/1
f 2243/2243/1 2363/2363/1 2364/2364/1
f 2243/2243/1 2364/2364/1 2244/2244/1
f 2244/2244/1 2364/2364/1 2365/2365/1
f 2244/2244/1 2365/2365/1 2245/2245/1
f 2245/2245/1 2365/2365/1 2366/2366/1
f 2245/2245/1 2366/2366/1 2246/2246/1
f 2246/2246/1 2366/2366/1 2367/2367/1
f 2246/2246/1 2367/2367/1 2247/2247/1
f 2247/2247/1 2367/2367/1 2368/2368/1
f 2247/2247/1 2368/2368/1 2248/2248/1
f 2248/2248/1 2368/2368/1 2369/2369/1
f 2248/2248/1 2369/2369/1 2249/2249/1
f 2249/2249/1 2369/2369/1 2370/2370/1
f 2249/2249/1 2370/2370/1 2250/2250/1
f 2250/2250/1 2370/2370/1 2371/2371/1
f 2250/2250/1 2371/2371/1 2251/2251/1
f 2251/2251/1 2371/2371/1 2372/2372/1
f 2251/2251/1 2372/2372/1 2252/2252/1
f 2252/2252/1 2372/2372/1 2373/2373/1
f 2252/2252/1 2373/2373/1 2253/2253/1
f 2253/2253/1 2373/2373/1 2374/2374/1
f 2253/2253/1 2374/2374/1 2254/2254/1
f 2254/2254/1 2374/2374/1 2375/2375/1
f 2254/2254/1 2375/2375/1 2255/2255/1
f 2255/2255/1 2375/2375/1 2376/2376/1
f 2255/2255/1 2376/2376/1 2256/2256/1
f 2256/2256/1 2376/2376/1 2377/2377/1
f 2256/2256/1 2377/2377/1 2257/2257/1
f 2257/2257/1 2377/2377/1 2378/2378/1
f 2257/2257/1 2378/2378/1 2258/2258/1
f 2258/2258/1 2378/2378/1 2379/2379/1
f 2258/2258/1 2379/2379/1 2259/2259/1
f 2259/2259/1 2379/2379/1 2380/2380/1
f 2259/2259/1 2380/2380/1 2260/2260/1
f 2260/2260/1 2380/2380/1 2381/2381/1
f 2260/2260/1 2381/2381/1 2261/2261/1
f 2261/2261/1 2381/2381/1 2382/2382/1
f 2261/2261/1 2382/2382/1 2262/2262/1
f 2262/2262/1 2382/2382/1 2383/2383/1
f 2262/2262/1 2383/2383/1 2263/2263/1
f 2263/2263/1 2383/2383/1 2384/2384/1
f 2263/2263/1 2384/2384/1 2264/2264/1
f 2264/2264/1 2384/2384/1 2385/2385/1
f 2264/2264/1 2385/2385/1 2265/2265/1
f 2265/2265/1 2385/2385/1 2386/2386/1
f 2265/2265/1 2386/2386/1 2266/2266/1
f 2266/2266/1 2386/2386/1 2387/2387/1
f 2266/2266/1 2387/2387/1 2267/2267/1
f 2267/2267/1 2387/2387/1 2388/2388/1
f 2267/2267/1 2388/2388/1 2268/2268/1
f 2268/2268/1 2388/2388/1 2389/2389/1
f 2268/2268/1 2389/2389/1 2269/2269/1
f 2269/2269/1 2389/2389/1 2390/2390/1
f 2269/2269/1 2390/2390/1 2270/2270/1
f 2270/2270/1 2390/2390/1 2391/2391/1
f 2270/2270/1 2391/2391/1 2271/2271/1
f 2271/2271/1 2391/2391/1 2392/2392/1
f 2271/2271/1 2392/2392/1 2272/2272/1
f 2272/2272/1 2392/2392/1 2393/2393/1
f 2272/2272/1 2393/2393/1 2273/2273/1
f 2273/2273/1 2393/2393/1 2394/2394/1
f 2273/2273/1 2394/2394/1 2274/2274/1
f 2274/2274/1 2394/2394/1 2395/2395/1
f 2274/2274/1 2395/2395/1 2275/2275/1
f 2275/2275/1 2395/2395/1 2396/2396/1
f 2275/2275/1 2396/2396/1 2276/2276/1
f 2276/2276/1 2396/2396/1 2397/2397/1
f 2276/2276/1 2397/2397/1 2277/2277/1
f 2277/2277/1 2397/2397/1 2398/2398/1
f 2277/2277/1 2398/2398/1 2278/2278/1
f 2278/2278/1 2398/2398/1 2399/2399/1
f 2278/2278/1 2399/2399/1 2279/2279/1
f 2279/2279/1 2399/2399/1 2400/2400/1
f 2279/2279/1 2400/2400/1 2280/2280/1
f 2280/2280/1 2400/2400/1 2401/2401/1
f 2280/2280/1 2401/2401/1 2281/2281/1
f 2281/2281/1 2401/2401/1 2402/2402/1
f 2281/2281/1 2402/2402/1 2282/2282/1
f 2282/2282/1 2402/2402/1 2403/2403/1
f 2282/2282/1 2403/2403/1 2283/2283/1
f 2283/2283/1 2403/2403/1 2404/2404/1
f 2283/2283/1 2404/2404/1 2284/2284/1
f 2284/2284/1 2404/2404/1 2405/2405/1
f 2284/2284/1 2405/2405/1 2285/2285/1
f 2285/2285/1 2405/2405/1 2406/2406/1
f 2285/2285/1 2406/2406/1 2286/2286/1
f 2286/2286/1 2406/2406/1 2407/2407/1
f 2286/2286/1 2407/2407/1 2287/2287/1
f 2287/2287/1 2407/2407/1 2408/2408/1
f 2287/2287/1 2408/2408/1 2288/2288/1
f 2288/2288/1 2408/2408/1 2409/2409/1
f 2288/2288/1 2409/2409/1 2289/2289/1
f 2289/2289/1 2409/2409/1 2410/2410/1
f 2289/2289/1 2410/2410/1 2290/2290/1
f 2290/2290/1 2410/2410/1 2411/2411/1
f 2290/2290/1 2411/2411/1 2291/2291/1
f 2291/2291/1 2411/2411/1 2412/2412/1
f 2291/2291/1 2412/2412/1 2292/2292/1
f 2292/2292/1 2412/2412/1 2413/2413/1
f 2292/2292/1 2413/2413/1 2293/2293/1
f 2293/2293/1 2413/2413/1 2414/2414/1
f 2293/2293/1 2414/2414/1 2294/2294/1
f 2294/2294/1 2414/2414/1 2415/2415/1
f 2294/2294/1 2415/2415/1 2295/2295/1
f 2295/2295/1 2415/2415/1 2416/2416/1
f 2295/2295/1 2416/2416/1 2296/2296/1
f 2296/2296/1 2416/2416/1 2417/2417/1
f 2296/2296/1 2417/2417/1 2297/2297/1
f 2297/2297/1 2417/2417/1 2418/2418/1
f 2297/2297/1 2418/2418/1 2298/2298/1
f 2298/2298/1 2418/2418/1 2419/2419/1
f 2298/2298/1 2419/2419/1 2299/2299/1
f 2299/2299/1 2419/2419/1 2420/2420/1
f 2300/2300/1 2421/2421/1 2301/2301/1
f 2301/2301/1 2421/2421/1 2422/2422/1
f 2301/2301/1 2422/2422/1 2302/2302/1
f 2302/2302/1 2422/2422/1 2423/2423/1
f 2302/2302/1 2423/2423/1 2303/2303/1
f 2303/2303/1 2423/2423/1 2424/2424/1
f 2303/2303/1 2424/2424/1 2304/2304/1
f 2304/2304/1 2424/2424/1 2425/2425/1
f 2304/2304/1 2425/2425/1 2305/2305/1
f 2305/2305/1 2425/2425/1 2426/2426/1
f 2305/2305/1 2426/2426/1 2306/2306/1
f 2306/2306/1 2426/2426/1 2427/2427/1
f 2306/2306/1 2427/2427/1 2307/2307/1
f 2307/2307/1 2427/2427/1 2428/2428/1
f 2307/2307/1 2428/2428/1 2308/2308/1
f 2308/2308/1 2428/2428/1 2429/2429/1
f 2308/2308/1 2429/2429/1 2309/2309/1
f 2309/2309/1 2429/2429/1 2430/2430/1
f 2309/2309/1 2430/2430/1 2310/2310/1
f 2310/2310/1 2430/2430/1 2431/2431/1
f 2310/2310/1 2431/2431/1 2311/2311/1
f 2311/2311/1 2431/2431/1 2432/2432/1
f 2311/2311/1 2432/2432/1 2312/2312/1
f 2312/2312/1 2432/2432/1 2433/2433/1
f 2312/2312/1 2433/2433/1 2313/2313/1
f 2313/2313/1 2433/2433/1 2434/2434/1
f 2313/2313/1 2434/2434/1 2314/2314/1
f 2314/2314/1 2434/2434/1 2435/2435/1
f 2314/2314/1 2435/2435/1 2315/2315/1
f 2315/2315/1 2435/2435/1 2436/2436/1
f 2315/2315/1 2436/2436/1 2316/2316/1
f 2316/2316/1 2436/2436/1 2437/2437/1
f 2316/2316/1 2437/2437/1 2317/2317/1
f 2317/2317/1 2437/2437/1 2438/2438/1
f 2317/2317/1 2438/2438/1 2318/2318/1
f 2318/2318/1 2438/2438/1 2439/2439/1
f 2318/2318/1 2439/2439/1 2319/2319/1
f 2319/2319/1 2439/2439/1 2440/2440/1
f 2319/2319/1 2440/2440/1 2320/2320/1
f 2320/2320/1 2440/2440/1 2441/2441/1
f 2320/2320/1 2441/2441/1 2321/2321/1
f 2321/2321/1 2441/2441/1 2442/2442/1
f 2321/2321/1 2442/2442/1 2322/2322/1
f 2322/2322/1 2442/2442/1 2443/2443/1
f 2322/2322/1 2443/2443/1 2323/2323/1
f 2323/2323/1 2443/2443/1 2444/2444/1
f 2323/2323/1 2444/2444/1 2324/2324/1
f 2324/2324/1 2444/2444/1 2445/2445/1
f 2324/2324/1 2445/2445/1 2325/2325/1
f 2325/2325/1 2445/2445/1 2446/2446/1
f 2325/2325/1 2446/2446/1 2326/2326/1
f 2326/2326/1 2446/2446/1 2447/2447/1
f 2326/2326/1 2447/2447/1 2327/2327/1
f 2327/2327/1 2447/2447/1 2448/2448/1
f 2327/2327/1 2448/2448/1 2328/2328/1
f 2328/2328/1 2448/2448/1 2449/2449/1
f 2328/2328/1 2449/2449/1 2329/2329/1
f 2329/2329/1 2449/2449/1 2450/2450/1
f 2329/2329/1 2450/2450/1 2330/2330/1
f 2330/2330/1 2450/2450/1 2451/2451/1
f 2330/2330/1 2451/2451/1 2331/2331/1
f 2331/2331/1 2451/2451/1 2452/2452/1
f 2331/2331/1 2452/2452/1 2332/2332/1
f 2332/2332/1 2452/2452/1 2453/2453/1
f 2332/2332/1 2453/2453/1 2333/2333/1
f 2333/2333/1 2453/2453/1 2454/2454/1
f 2333/2333/1 2454/2454/1 2334/2334/1
f 2334/2334/1 2454/2454/1 2455/2455/1
f 2334/2334/1 2455/2455/1 2335/2335/1
f 2335/2335/1 2455/2455/1 2456/2456/1
f 2335/2335/1 2456/2456/1 2336/2336/1
f 2336/2336/1 2456/2456/1 2457/2457/1
f 2336/2336/1 2457/2457/1 2337/2337/1
f 2337/2337/1 2457/2457/1 2458/2458/1
f 2337/2337/1 2458/2458/1 2338/2338/1
f 2338/2338/1 2458/2458/1 2459/2459/1
f 2338/2338/1 2459/2459/1 2339/2339/1
f 2339/2339/1 2459/2459/1 2460/2460/1
f 2339/2339/1 2460/2460/1 2340/2340/1
f 2340/2340/1 2460/2460/1 2461/2461/1
f 2340/2340/1 2461/2461/1 2341/2341/1
f 2341/2341/1 2461/2461/1 2462/2462/1
f 2341/2341/1 2462/2462/1 2342/2342/1
f 2342/2342/1 2462/2462/1 2463/2463/1
f 2342/2342/1 2463/2463/1 2343/2343/1
f 2343/2343/1 2463/2463/1 2464/2464/1
f 2343/2343/1 2464/2464/1 2344/2344/1
f 2344/2344/1 2464/2464/1 2465/2465/1
f 2344/2344/1 2465/2465/1 2345/2345/1
f 2345/2345/1 2465/2465/1 2466/2466/1
f 2345/2345/1 2466/2466/1 2346/2346/1
f 2346/2346/1 2466/2466/1 2467/2467/1
f 2346/2346/1 2467/2467/1 2347/2347/1
f 2347/2347/1 2467/2467/1 2468/2468/1
f 2347/2347/1 2468/2468/1 2348/2348/1
f 2348/2348/1 2468/2468/1 2469/2469/1
f 2348/2348/1 2469/2469/1 2349/2349/1
f 2349/2349/1 2469/2469/1 2470/2470/1
f 2349/2349/1 2470/2470/1 2350/2350/1
f 2350/2350/1 2470/2470/1 2471/2471/1
f 2350/2350/1 2471/2471/1 2351/2351/1
f 2351/2351/1 2471/2471/1 2472/2472/1
f 2351/2351/1 2472/2472/1 2352/2352/1
f 2352/2352/1 2472/2472/1 2473/2473/1
f 2352/2352/1 2473/2473/1 2353/2353/1
f 2353/2353/1 2473/2473/1 2474/2474/1
f 2353/2353/1 2474/2474/1 2354/2354/1
f 2354/2354/1 2474/2474/1 2475/2475/1
f 2354/2354/1 2475/2475/1 2355/2355/1
f 2355/2355/1 2475/2475/1 2476/2476/1
f 2355/2355/1 2476/2476/1 2356/2356/1
f 2356/2356/1 2476/2476/1 2477/2477/1
f 2356/2356/1 2477/2477/1 2357/2357/1
f 2357/2357/1 2477/2477/1 2478/2478/1
f 2357/2357/1 2478/2478/1 2358/2358/1
f 2358/2358/1 2478/2478/1 2479/2479/1
f 2358/2358/1 2479/2479/1 2359/2359/1
f 2359/2359/1 2479/2479/1 2480/2480/1
f 2359/2359/1 2480/2480/1 2360/2360/1
f 2360/2360/1 2480/2480/1 2481/2481/1
f 2360/2360/1 2481/2481/1 2361/2361/1
f 2361/2361/1 2481/2481/1 2482/2482/1
f 2361/2361/1 2482/2482/1 2362/2362/1
f 2362/2362/1 2482/2482/1 2483/2483/1
f 2362/2362/1 2483/2483/1 2363/2363/1
f 2363/2363/1 2483/2483/1 2484/2484/1
f 2363/2363/1 2484/2484/1 2364/2364/1
f 2364/2364/1 2484/2484/1 2485/2485/1
f 2364/2364/1 2485/2485/1 2365/2365/1
f 2365/2365/1 2485/2485/1 2486/2486/1
f 2365/2365/1 2486/2486/1 2366/2366/1
f 2366/2366/1 2486/2486/1 2487/2487/1
f 2366/2366/1 2487/2487/1 2367/2367/1
f 2367/2367/1 2487/2487/1 2488/2488/1
f 2367/2367/1 2488/2488/1 2368/2368/1
f 2368/2368/1 2488/2488/1 2489/2489/1
f 2368/2368/1 2489/2489/1 2369/2369/1
f 2369/2369/1 2489/2489/1 2490/2490/1
f 2369/2369/1 2490/2490/1 2370/2370/1
f 2370/2370/1 2490/2490/1 2491/2491/1
f 2370/2370/1 2491/2491/1 2371/2371/1
f 2371/2371/1 2491/2491/1 2492/2492/1
f 2371/2371/1 2492/2492/1 2372/2372/1
f 2372/2372/1 2492/2492/1 2493/2493/1
f 2372/2372/1 2493/2493/1 2373/2373/1
f 2373/2373/1 2493/2493/1 2494/2494/1
f 2373/2373/1 2494/2494/1 2374/2374/1
f 2374/2374/1 2494/2494/1 2495/2495/1
f 2374/2374/1 2495/2495/1 2375/2375/1
f 2375/2375/1 2495/2495/1 2496/2496/1
f 2375/2375/1 2496/2496/1 2376/2376/1
f 2376/2376/1 2496/2496/1 2497/2497/1
f 2376/2376/1 2497/2497/1 2377/2377/1
f 2377/2377/1 2497/2497/1 2498/2498/1
f 2377/2377/1 2498/2498/1 2378/2378/1
f 2378/2378/1 2498/2498/1 2499/2499/1
f 2378/2378/1 2499/2499/1 2379/2379/1
f 2379/2379/1 2499/2499/1 2500/2500/1
f 2379/2379/1 2500/2500/1 2380/2380/1
f 2380/2380/1 2500/2500/1 2501/2501/1
f 2380/2380/1 2501/2501/1 2381/2381/1
f 2381/2381/1 2501/2501/1 2502/2502/1
f 2381/2381/1 2502/2502/1 2382/2382/1
f 2382/2382/1 2502/2502/1 2503/2503/1
f 2382/2382/1 2503/2503/1 2383/2383/1
f 2383/2383/1 2503/2503/1 2504/2504/1
f 2383/2383/1 2504/2504/1 2384/2384/1
f 2384/2384/1 2504/2504/1 2505/2505/1
f 2384/2384/1 2505/2505/1 2385/2385/1
f 2385/2385/1 2505/2505/1 2506/2506/1
f 2385/2385/1 2506/2506/1 2386/2386/1
f 2386/2386/1 2506/2506/1 2507/2507/1
f 2386/2386/1 2507/2507/1 2387/2387/1
f 2387/2387/1 2507/2507/1 2508/2508/1
f 2387/2387/1 2508/2508/1 2388/2388/1
f 2388/2388/1 2508/2508/1 2509/2509/1
f 2388/2388/1 2509/2509/1 2389/2389/1
f 2389/2389/1 2509/2509/1 2510/2510/1
f 2389/2389/1 2510/2510/1 2390/2390/1
f 2390/2390/1 2510/2510/1 2511/2511/1
f 2390/2390/1 2511/2511/1 2391/2391/1
f 2391/2391/1 2511/2511/1 2512/2512/1
f 2391/2391/1 2512/2512/1 2392/2392/1
f 2392/2392/1 2512/2512/1 2513/2513/1
f 2392/2392/1 2513/2513/1 2393/2393/1
f 2393/2393/1 2513/2513/1 2514/2514/1
f 2393/2393/1 2514/2514/1 2394/2394/1
f 2394/2394/1 2514/2514/1 2515/2515/1
f 2394/2394/1 2515/2515/1 2395/2395/1
f 2395/2395/1 2515/2515/1 2516/2516/1
f 2395/2395/1 2516/2516/1 2396/2396/1
f 2396/2396/1 2516/2516/1 2517/2517/1
f 2396/2396/1 2517/2517/1 2397/2397/1
f 2397/2397/1 2517/2517/1 2518/2518/1
f 2397/2397/1 2518/2518/1 2398/2398/1
f 2398/2398/1 2518/2518/1 2519/2519/1
f 2398/2398/1 2519/2519/1 2399/2399/1
f 2399/2399/1 2519/2519/1 2520/2520/1
f 2399/2399/1 2520/2520/1 2400/2400/1
f 2400/2400/1 2520/2520/1 2521/2521/1
f 2400/2400/1 2521/2521/1 2401/2401/1
f 2401/2401/1 2521/2521/1 2522/2522/1
f 2401/2401/1 2522/2522/1 2402/2402/1
f 2402/2402/1 2522/2522/1 2523/2523/1
f 2402/2402/1 2523/2523/1 2403/2403/1
f 2403/2403/1 2523/2523/1 2524/2524/1
f 2403/2403/1 2524/2524/1 2404/2404/1
f 2404/2404/1 2524/2524/1 2525/2525/1
f 2404/2404/1 2525/2525/1 2405/2405/1
f 2405/2405/1 2525/2525/1 2526/2526/1
f 2405/2405/1 2526/2526/1 2406/2406/1
f 2406/2406/1 2526/2526/1 2527/2527/1
f 2406/2406/1 2527/2527/1 2407/2407/1
f 2407/2407/1 2527/2527/1 2528/2528/1
f 2407/2407/1 2528/2528/1 2408/2408/1
f 2408/2408/1 2528/2528/1 2529/2529/1
f 2408/2408/1 2529/2529/1 2409/2409/1
f 2409/2409/1 2529/2529/1 2530/2530/1
f 2409/2409/1 2530/2530/1 2410/2410/1
f 2410/2410/1 2530/2530/1 2531/2531/1
f 2410/2410/1 2531/2531/1 2411/2411/1
f 2411/2411/1 2531/2531/1 2532/2532/1
f 2411/2411/1 2532/2532/1 2412/2412/1
f 2412/2412/1 2532/2532/1 2533/2533/1
f 2412/2412/1 2533/2533/1 2413/2413/1
f 2413/2413/1 2533/2533/1 2534/2534/1
f 2413/2413/1 2534/2534/1 2414/2414/1
f 2414/2414/1 2534/2534/1 2535/2535/1
f 2414/2414/1 2535/2535/1 2415/2415/1
f 2415/2415/1 2535/2535/1 2536/2536/1
f 2415/2415/1 2536/2536/1 2416/2416/1
f 2416/2416/1 2536/2536/1 2537/2537/1
f 2416/2416/1 2537/2537/1 2417/2417/1
f 2417/2417/1 2537/2537/1 2538/2538/1
f 2417/2417/1 2538/2538/1 2418/2418/1
f 2418/2418/1 2538/2538/1 2539/2539/1
f 2418/2418/1 2539/2539/1 2419/2419/1
f 2419/2419/1 2539/2539/1 2540/2540/1
f 2419/2419/1 2540/2540/1 2420/2420/1
f 2420/2420/1 2540/2540/1 2541/2541/1
f 2421/2421/1 2542/2542/1 2422/2422/1
f 2422/2422/1 2542/2542/1 2543/2543/1
f 2422/2422/1 2543/2543/1 2423/2423/1
f 2423/2423/1 2543/2543/1 2544/2544/1
f 2423/2423/1 2544/2544/1 2424/2424/1
f 2424/2424/1 2544/2544/1 2545/2545/1
f 2424/2424/1 2545/2545/1 2425/2425/1
f 2425/2425/1 2545/2545/1 2546/2546/1
f 2425/2425/1 2546/2546/1 2426/2426/1
f 2426/2426/1 2546/2546/1 2547/2547/1
f 2426/2426/1 2547/2547/1 2427/2427/1
f 2427/2427/1 2547/2547/1 2548/2548/1
f 2427/2427/1 2548/2548/1 2428/2428/1
f 2428/2428/1 2548/2548/1 2549/2549/1
f 2428/2428/1 2549/2549/1 2429/2429/1
f 2429/2429/1 2549/2549/1 2550/2550/1
f 2429/2429/1 2550/2550/1 2430/2430/1
f 2430/2430/1 2550/2550/1 2551/2551/1
f 2430/2430/1 2551/2551/1 2431/2431/1
f 2431/2431/1 2551/2551/1 2552/2552/1
f 2431/2431/1 2552/2552/1 2432/2432/1
f 2432/2432/1 2552/2552/1 2553/2553/1
f 2432/2432/1 2553/2553/1 2433/2433/1
f 2433/2433/1 2553/2553/1 2554/2554/1
f 2433/2433/1 2554/2554/1 2434/2434/1
f 2434/2434/1 2554/2554/1 2555/2555/1
f 2434/2434/1 2555/2555/1 2435/2435/1
f 2435/2435/1 2555/2555/1 2556/2556/1
f 2435/2435/1 2556/2556/1 2436/2436/1
f 2436/2436/1 2556/2556/1 2557/2557/1
f 2436/2436/1 2557/2557/1 2437/2437/1
f 2437/2437/1 2557/2557/1 2558/2558/1
f 2437/2437/1 2558/2558/1 2438/2438/1
f 2438/2438/1 2558/2558/1 2559/2559/1
f 2438/2438/1 2559/2559/1 2439/2439/1
f 2439/2439/1 2559/2559/1 2560/2560/1
f 2439/2439/1 2560/2560/1 2440/2440/1
f 2440/2440/1 2560/2560/1 2561/2561/1
f 2440/2440/1 2561/2561/1 2441/2441/1
f 2441/2441/1 2561/2561/1 2562/2562/1
f 2441/2441/1 2562/2562/1 2442/2442/1
f 2442/2442/1 2562/2562/1 2563/2563/1
f 2442/2442/1 2563/2563/1 2443/2443/1
f 2443/2443/1 2563/2563/1 2564/2564/1
f 2443/2443/1 2564/2564/1 2444/2444/1
f 2444/2444/1 2564/2564/1 2565/2565/1
f 2444/2444/1 2565/2565/1 2445/2445/1
f 2445/2445/1 2565/2565/1 2566/2566/1
f 2445/2445/1 2566/2566/1 2446/2446/1
f 2446/2446/1 2566/2566/1 2567/2567/1
f 2446/2446/1 2567/2567/1 2447/2447/1
f 2447/2447/1 2567/2567/1 2568/2568/1
f 2447/2447/1 2568/2568/1 2448/2448/1
f 2448/2448/1 2568/2568/1 2569/2569/1
f 2448/2448/1 2569/2569/1 2449/2449/1
f 2449/2449/1 2569/2569/1 2570/2570/1
f 2449/2449/1 2570/2570/1 2450/2450/1
f 2450/2450/1 2570/2570/1 2571/2571/1
f 2450/2450/1 2571/2571/1 2451/2451/1
f 2451/2451/1 2571/2571/1 2572/2572/1
f 2451/2451/1 2572/2572/1 2452/2452/1
f 2452/2452/1 2572/2572/1 2573/2573/1
f 2452/2452/1 2573/2573/1 2453/2453/1
f 2453/2453/1 2573/2573/1 2574/2574/1
f 2453/2453/1 2574/2574/1 2454/2454/1
f 2454/2454/1 2574/2574/1 2575/2575/1
f 2454/2454/1 2575/2575/1 2455/2455/1
f 2455/2455/1 2575/2575/1 2576/2576/1
f 2455/2455/1 2576/2576/1 2456/2456/1
f 2456/2456/1 2576/2576/1 2577/2577/1
f 2456/2456/1 2577/2577/1 2457/2457/1
f 2457/2457/1 2577/2577/1 2578/2578/1
f 2457/2457/1 2578/2578/1 2458/2458/1
f 2458/2458/1 2578/2578/1 2579/2579/1
f 2458/2458/1 2579/2579/1 2459/2459/1
f 2459/2459/1 2579/2579/1 2580/2580/1
f 2459/2459/1 2580/2580/1 2460/2460/1
f 2460/2460/1 2580/2580/1 2581/2581/1
f 2460/2460/1 2581/2581/1 2461/2461/1
f 2461/2461/1 2581/2581/1 2582/2582/1
f 2461/2461/1 2582/2582/1 2462/2462/1
f 2462/2462/1 2582/2582/1 2583/2583/1
f 2462/2462/1 2583/2583/1 2463/2463/1
f 2463/2463/1 2583/2583/1 2584/2584/1
f 2463/2463/1 2584/2584/1 2464/2464/1
f 2464/2464/1 2584/2584/1 2585/2585/1
f 2464/2464/1 2585/2585/1 2465/2465/1
f 2465/2465/1 2585/2585/1 2586/2586/1
f 2465/2465/1 2586/2586/1 2466/2466/1
f 2466/2466/1 2586/2586/1 2587/2587/1
f 2466/2466/1 2587/2587/1 2467/2467/1
f 2467/2467/1 2587/2587/1 2588/2588/1
f 2467/2467/1 2588/2588/1 2468/2468/1
f 2468/2468/1 2588/2588/1 2589/2589/1
f 2468/2468/1 2589/2589/1 2469/2469/1
f 2469/2469/1 2589/2589/1 2590/2590/1
f 2469/2469/1 2590/2590/1 2470/2470/1
f 2470/2470/1 2590/2590/1 2591/2591/1
f 2470/2470/1 2591/2591/1 2471/2471/1
f 2471/2471/1 2591/2591/1 2592/2592/1
f 2471/2471/1 2592/2592/1 2472/2472/1
f 2472/2472/1 2592/2592/1 2593/2593/1
f 2472/2472/1 2593/2593/1 2473/2473/1
f 2473/2473/1 2593/2593/1 2594/2594/1
f 2473/2473/1 2594/2594/1 2474/2474/1
f 2474/2474/1 2594/2594/1 2595/2595/1
f 2474/2474/1 2595/2595/1 2475/2475/1
f 2475/2475/1 2595/2595/1 2596/2596/1
f 2475/2475/1 2596/2596/1 2476/2476/1
f 2476/2476/1 2596/2596/1 2597/2597/1
f 2476/2476/1 2597/2597/1 2477/2477/1
f 2477/2477/1 2597/2597/1 2598/2598/1
f 2477/2477/1 2598/2598/1 2478/2478/1
f 2478/2478/1 2598/2598/1 2599/2599/1
f 2478/2478/1 2599/2599/1 2479/2479/1
f 2479/2479/1 2599/2599/1 2600/2600/1
f 2479/2479/1 2600/2600/1 2480/2480/1
f 2480/2480/1 2600/2600/1 2601/2601/1
f 2480/2480/1 2601/2601/1 2481/2481/1
f 2481/2481/1 2601/2601/1 2602/2602/1
f 2481/2481/1 2602/2602/1 2482/2482/1
f 2482/2482/1 2602/2602/1 2603/2603/1
f 2482/2482/1 2603/2603/1 2483/2483/1
f 2483/2483/1 2603/2603/1 2604/2604/1
f 2483/2483/1 2604/2604/1 2484/2484/1
f 2484/2484/1 2604/2604/1 2605/2605/1
f 2484/2484/1 2605/2605/1 2485/2485/1
f 2485/2485/1 2605/2605/1 2606/2606/1
f 2485/2485/1 2606/2606/1 2486/2486/1
f 2486/2486/1 2606/2606/1 2607/2607/1
f 2486/2486/1 2607/2607/1 2487/2487/1
f 2487/2487/1 2607/2607/1 2608/2608/1
f 2487/2487/1 2608/2608/1 2488/2488/1
f 2488/2488/1 2608/2608/1 2609/2609/1
f 2488/2488/1 2609/2609/1 2489/2489/1
f 2489/2489/1 2609/2609/1 2610/2610/1
f 2489/2489/1 2610/2610/1 2490/2490/1
f 2490/2490/1 2610/2610/1 2611/2611/1
f 2490/2490/1 2611/2611/1 2491/2491/1
f 2491/2491/1 2611/2611/1 2612/2612/1
f 2491/2491/1 2612/2612/1 2492/2492/1
f 2492/2492/1 2612/2612/1 2613/2613/1
f 2492/2492/1 2613/2613/1 2493/2493/1
f 2493/2493/1 2613/2613/1 2614/2614/1
f 2493/2493/1 2614/2614/1 2494/2494/1
f 2494/2494/1 2614/2614/1 2615/2615/1
f 2494/2494/1 2615/2615/1 2495/2495/1
f 2495/2495/1 2615/2615/1 2616/2616/1
f 2495/2495/1 2616/2616/1 2496/2496/1
f 2496/2496/1 2616/2616/1 2617/2617/1
f 2496/2496/1 2617/2617/1 2497/2497/1
f 2497/2497/1 2617/2617/1 2618/2618/1
f 2497/2497/1 2618/2618/1 2498/2498/1
f 2498/2498/1 2618/2618/1 2619/2619/1
f 2498/2498/1 2619/2619/1 2499/2499/1
f 2499/2499/1 2619/2619/1 2620/2620/1
f 2499/2499/1 2620/2620/1 2500/2500/1
f 2500/2500/1 2620/2620/1 2621/2621/1
f 2500/2500/1 2621/2621/1 2501/2501/1
f 2501/2501/1 2621/2621/1 2622/2622/1
f 2501/2501/1 2622/2622/1 2502/2502/1
f 2502/2502/1 2622/2622/1 2623/2623/1
f 2502/2502/1 2623/2623/1 2503/2503/1
f 2503/2503/1 2623/2623/1 2624/2624/1
f 2503/2503/1 2624/2624/1 2504/2504/1
f 2504/2504/1 2624/2624/1 2625/2625/1
f 2504/2504/1 2625/2625/1 2505/2505/1
f 2505/2505/1 2625/2625/1 2626/2626/1
f 2505/2505/1 2626/2626/1 2506/2506/1
f 2506/2506/1 2626/2626/1 2627/2627/1
f 2506/2506/1 2627/2627/1 2507/2507/1
f 2507/2507/1 2627/2627/1 2628/2628/1
f 2507/2507/1 2628/2628/1 2508/2508/1
f 2508/2508/1 2628/2628/1 2629/2629/1
f 2508/2508/1 2629/2629/1 2509/2509/1
f 2509/2509/1 2629/2629/1 2630/2630/1
f 2509/2509/1 2630/2630/1 2510/2510/1
f 2510/2510/1 2630/2630/1 2631/2631/1
f 2510/2510/1 2631/2631/1 2511/2511/1
f 2511/2511/1 2631/2631/1 2632/2632/1
f 2511/2511/1 2632/2632/1 2512/2512/1
f 2512/2512/1 2632/2632/1 2633/2633/1
f 2512/2512/1 2633/2633/1 2513/2513/1
f 2513/2513/1 2633/2633/1 2634/2634/1
f 2513/2513/1 2634/2634/1 2514/2514/1
f 2514/2514/1 2634/2634/1 2635/2635/1
f 2514/2514/1 2635/2635/1 2515/2515/1
f 2515/2515/1 2635/2635/1 2636/2636/1
f 2515/2515/1 2636/2636/1 2516/2516/1
f 2516/2516/1 2636/2636/1 2637/2637/1
f 2516/2516/1 2637/2637/1 2517/2517/1
f 2517/2517/1 2637/2637/1 2638/2638/1
f 2517/2517/1 2638/2638/1 2518/2518/1
f 2518/2518/1 2638/2638/1 2639/2639/1
f 2518/2518/1 2639/2639/1 2519/2519/1
f 2519/2519/1 2639/2639/1 2640/2640/1
f 2519/2519/1 2640/2640/1 2520/2520/1
f 2520/2520/1 2640/2640/1 2641/2641/1
f 2520/2520/1 2641/2641/1 2521/2521/1
f 2521/2521/1 2641/2641/1 2642/2642/1
f 2521/2521/1 2642/2642/1 2522/2522/1
f 2522/2522/1 2642/2642/1 2643/2643/1
f 2522/2522/1 2643/2643/1 2523/2523/1
f 2523/2523/1 2643/2643/1 2644/2644/1
f 2523/2523/1 2644/2644/1 2524/2524/1
f 2524/2524/1 2644/2644/1 2645/2645/1
f 2524/2524/1 2645/2645/1 2525/2525/1
f 2525/2525/1 2645/2645/1 2646/2646/1
f 2525/2525/1 2646/2646/1 2526/2526/1
f 2526/2526/1 2646/2646/1 2647/2647/1
f 2526/2526/1 2647/2647/1 2527/2527/1
f 2527/2527/1 2647/2647/1 2648/2648/1
f 2527/2527/1 2648/2648/1 2528/2528/1
f 2528/2528/1 2648/2648/1 2649/2649/1
f 2528/2528/1 2649/2649/1 2529/2529/1
f 2529/2529/1 2649/2649/1 2650/2650/1
f 2529/2529/1 2650/2650/1 2530/2530/1
f 2530/2530/1 2650/2650/1 2651/2651/1
f 2530/2530/1 2651/2651/1 2531/2531/1
f 2531/2531/1 2651/2651/1 2652/2652/1
f 2531/2531/1 2652/2652/1 2532/2532/1
f 2532/2532/1 2652/2652/1 2653/2653/1
f 2532/2532/1 2653/2653/1 2533/2533/1
f 2533/2533/1 2653/2653/1 2654/2654/1
f 2533/2533/1 2654/2654/1 2534/2534/1
f 2534/2534/1 2654/2654/1 2655/2655/1
f 2534/2534/1 2655/2655/1 2535/2535/1
f 2535/2535/1 2655/2655/1 2656/2656/1
f 2535/2535/1 2656/2656/1 2536/2536/1
f 2536/2536/1 2656/2656/1 2657/2657/1
f 2536/2536/1 2657/2657/1 2537/2537/1
f 2537/2537/1 2657/2657/1 2658/2658/1
f 2537/2537/1 2658/2658/1 2538/2538/1
f 2538/2538/1 2658/2658/1 2659/2659/1
f 2538/2538/1 2659/2659/1 2539/2539/1
f 2539/2539/1 2659/2659/1 2660/2660/1
f 2539/2539/1 2660/2660/1 2540/2540/1
f 2540/2540/1 2660/2660/1 2661/2661/1
f 2540/2540/1 2661/2661/1 2541/2541/1
f 2541/2541/1 2661/2661/1 2662/2662/1
f 2542/2542/1 2663/2663/1 2543/2543/1
f 2543/2543/1 2663/2663/1 2664/2664/1
f 2543/2543/1 2664/2664/1 2544/2544/1
f 2544/2544/1 2664/2664/1 2665/2665/1
f 2544/2544/1 2665/2665/1 2545/2545/1
f 2545/2545/1 2665/2665/1 2666/2666/1
f 2545/2545/1 2666/2666/1 2546/2546/1
f 2546/2546/1 2666/2666/1 2667/2667/1
f 2546/2546/1 2667/2667/1 2547/2547/1
f 2547/2547/1 2667/2667/1 2668/2668/1
f 2547/2547/1 2668/2668/1 2548/2548/1
f 2548/2548/1 2668/2668/1 2669/2669/1
f 2548/2548/1 2669/2669/1 2549/2549/1
f 2549/2549/1 2669/2669/1 2670/2670/1
f 2549/2549/1 2670/2670/1 2550/2550/1
f 2550/2550/1 2670/2670/1 2671/2671/1
f 2550/2550/1 2671/2671/1 2551/2551/1
f 2551/2551/1 2671/2671/1 2672/2672/1
f 2551/2551/1 2672/2672/1 2552/2552/1
f 2552/2552/1 2672/2672/1 2673/2673/1
f 2552/2552/1 2673/2673/1 2553/2553/1
f 2553/2553/1 2673/2673/1 2674/2674/1
f 2553/2553/1 2674/2674/1 2554/2554/1
f 2554/2554/1 2674/2674/1 2675/2675/1
f 2554/2554/1 2675/2675/1 2555/2555/1
f 2555/2555/1 2675/2675/1 2676/2676/1
f 2555/2555/1 2676/2676/1 2556/2556/1
f 2556/2556/1 2676/2676/1 2677/2677/1
f 2556/2556/1 2677/2677/1 2557/2557/1
f 2557/2557/1 2677/2677/1 2678/2678/1
f 2557/2557/1 2678/2678/1 2558/2558/1
f 2558/2558/1 2678/2678/1 2679/2679/1
f 2558/2558/1 2679/2679/1 2559/2559/1
f 2559/2559/1 2679/2679/1 2680/2680/1
f 2559/2559/1 2680/2680/1 2560/2560/1
f 2560/2560/1 2680/2680/1 2681/2681/1
f 2560/2560/1 2681/2681/1 2561/2561/1
f 2561/2561/1 2681/2681/1 2682/2682/1
f 2561/2561/1 2682/2682/1 2562/2562/1
f 2562/2562/1 2682/2682/1 2683/2683/1
f 2562/2562/1 2683/2683/1 2563/2563/1
f 2563/2563/1 2683/2683/1 2684/2684/1
f 2563/2563/1 2684/2684/1 2564/2564/1
f 2564/2564/1 2684/2684/1 2685/2685/1
f 2564/2564/1 2685/2685/1 2565/2565/1
f 2565/2565/1 2685/2685/1 2686/2686/1
f 2565/2565/1 2686/2686/1 2566/2566/1
f 2566/2566/1 2686/2686/1 2687/2687/1
f 2566/2566/1 2687/2687/1 2567/2567/1
f 2567/2567/1 2687/2687/1 2688/2688/1
f 2567/2567/1 2688/2688/1 2568/2568/1
f 2568/2568/1 2688/2688/1 2689/2689/1
f 2568/2568/1 2689/2689/1 2569/2569/1
f 2569/2569/1 2689/2689/1 2690/2690/1
f 2569/2569/1 2690/2690/1 2570/2570/1
f 2570/2570/1 2690/2690/1 2691/2691/1
f 2570/2570/1 2691/2691/1 2571/2571/1
f 2571/2571/1 2691/2691/1 2692/2692/1
f 2571/2571/1 2692/2692/1 2572/2572/1
f 2572/2572/1 2692/2692/1 2693/2693/1
f 2572/2572/1 2693/2693/1 2573/2573/1
f 2573/2573/1 2693/2693/1 2694/2694/1
f 2573/2573/1 2694/2694/1 2574/2574/1
f 2574/2574/1 2694/2694/1 2695/2695/1
f 2574/2574/1 2695/2695/1 2575/2575/1
f 2575/2575/1 2695/2695/1 2696/2696/1
f 2575/2575/1 2696/2696/1 2576/2576/1
f 2576/2576/1 2696/2696/1 2697/2697/1
f 2576/2576/1 2697/2697/1 2577/2577/1
f 2577/2577/1 2697/2697/1 2698/2698/1
f 2577/2577/1 2698/2698/1 2578/2578/1
f 2578/2578/1 2698/2698/1 2699/2699/1
f 2578/2578/1 2699/2699/1 2579/2579/1
f 2579/2579/1 2699/2699/1 2700/2700/1
f 2579/2579/1 2700/2700/1 2580/2580/1
f 2580/2580/1 2700/2700/1 2701/2701/1
f 2580/2580/1 2701/2701/1 2581/2581/1
f 2581/2581/1 2701/2701/1 2702/2702/1
f 2581/2581/1 2702/2702/1 2582/2582/1
f 2582/2582/1 2702/2702/1 2703/2703/1
f 2582/2582/1 2703/2703/1 2583/2583/1
f 2583/2583/1 2703/2703/1 2704/2704/1
f 2583/2583/1 2704/2704/1 2584/2584/1
f 2584/2584/1 2704/2704/1 2705/2705/1
f 2584/2584/1 2705/2705/1 2585/2585/1
f 2585/2585/1 2705/2705/1 2706/2706/1
f 2585/2585/1 2706/2706/1 2586/2586/1
f 2586/2586/1 2706/2706/1 2707/2707/1
f 2586/2586/1 2707/2707/1 2587/2587/1
f 2587/2587/1 2707/2707/1 2708/2708/1
f 2587/2587/1 2708/2708/1 2588/2588/1
f 2588/2588/1 2708/2708/1 2709/2709/1
f 2588/2588/1 2709/2709/1 2589/2589/1
f 2589/2589/1 2709/2709/1 2710/2710/1
f 2589/2589/1 2710/2710/1 2590/2590/1
f 2590/2590/1 2710/2710/1 2711/2711/1
f 2590/2590/1 2711/2711/1 2591/2591/1
f 2591/2591/1 2711/2711/1 2712/2712/1
f 2591/2591/1 2712/2712/1 2592/2592/1
f 2592/2592/1 2712/2712/1 2713/2713/1
f 2592/2592/1 2713/2713/1 2593/2593/1
f 2593/2593/1 2713/2713/1 2714/2714/1
f 2593/2593/1 2714/2714/1 2594/2594/1
f 2594/2594/1 2714/2714/1 2715/2715/1
f 2594/2594/1 2715/2715/1 2595/2595/1
f 2595/2595/1 2715/2715/1 2716/2716/1
f 2595/2595/1 2716/2716/1 2596/2596/1
f 2596/2596/1 2716/2716/1 2717/2717/1
f 2596/2596/1 2717/2717/1 2597/2597/1
f 2597/2597/1 2717/2717/1 2718/2718/1
f 2597/2597/1 2718/2718/1 2598/2598/1
f 2598/2598/1 2718/2718/1 2719/2719/1
f 2598/2598/1 2719/2719/1 2599/2599/1
f 2599/2599/1 2719/2719/1 2720/2720/1
f 2599/2599/1 2720/2720/1 2600/2600/1
f 2600/2600/1 2720/2720/1 2721/2721/1
f 2600/2600/1 2721/2721/1 2601/2601/1
f 2601/2601/1 2721/2721/1 2722/2722/1
f 2601/2601/1 2722/2722/1 2602/2602/1
f 2602/2602/1 2722/2722/1 2723/2723/1
f 2602/2602/1 2723/2723/1 2603/2603/1
f 2603/2603/1 2723/2723/1 2724/2724/1
f 2603/2603/1 2724/2724/1 2604/2604/1
f 2604/2604/1 2724/2724/1 2725/2725/1
f 2604/2604/1 2725/2725/1 2605/2605/1
f 2605/2605/1 2725/2725/1 2726/2726/1
f 2605/2605/1 2726/2726/1 2606/2606/1
f 2606/2606/1 2726/2726/1 2727/2727/1
f 2606/2606/1 2727/2727/1 2607/2607/1
f 2607/2607/1 2727/2727/1 2728/2728/1
f 2607/2607/1 2728/2728/1 2608/2608/1
f 2608/2608/1 2728/2728/1 2729/2729/1
f 2608/2608/1 2729/2729/1 2609/2609/1
f 2609/2609/1 2729/2729/1 2730/2730/1
f 2609/2609/1 2730/2730/1 2610/2610/1
f 2610/2610/1 2730/2730/1 2731/2731/1
f 2610/2610/1 2731/2731/1 2611/2611/1
f 2611/2611/1 2731/2731/1 2732/2732/1
f 2611/2611/1 2732/2732/1 2612/2612/1
f 2612/2612/1 2732/2732/1 2733/2733/1
f 2612/2612/1 2733/2733/1 2613/2613/1
f 2613/2613/1 2733/2733/1 2734/2734/1
f 2613/2613/1 2734/2734/1 2614/2614/1
f 2614/2614/1 2734/2734/1 2735/2735/1
f 2614/2614/1 2735/2735/1 2615/2615/1
f 2615/2615/1 2735/2735/1 2736/2736/1
f 2615/2615/1 2736/2736/1 2616/2616/1
f 2616/2616/1 2736/2736/1 2737/2737/1
f 2616/2616/1 2737/2737/1 2617/2617/1
f 2617/2617/1 2737/2737/1 2738/2738/1
f 2617/2617/1 2738/2738/1 2618/2618/1
f 2618/2618/1 2738/2738/1 2739/2739/1
f 2618/2618/1 2739/2739/1 2619/2619/1
f 2619/2619/1 2739/2739/1 2740/2740/1
f 2619/2619/1 2740/2740/1 2620/2620/1
f 2620/2620/1 2740/2740/1 2741/2741/1
f 2620/2620/1 2741/2741/1 2621/2621/1
f 2621/2621/1 2741/2741/1 2742/2742/1
f 2621/2621/1 2742/2742/1 2622/2622/1
f 2622/2622/1 2742/2742/1 2743/2743/1
f 2622/2622/1 2743/2743/1 2623/2623/1
f 2623/2623/1 2743/2743/1 2744/2744/1
f 2623/2623/1 2744/2744/1 2624/2624/1
f 2624/2624/1 2744/2744/1 2745/2745/1
f 2624/2624/1 2745/2745/1 2625/2625/1
f 2625/2625/1 2745/2745/1 2746/2746/1
f 2625/2625/1 2746/2746/1 2626/2626/1
f 2626/2626/1 2746/2746/1 2747/2747/1
f 2626/2626/1 2747/2747/1 2627/2627/1
f 2627/2627/1 2747/2747/1 2748/2748/1
f 2627/2627/1 2748/2748/1 2628/2628/1
f 2628/2628/1 2748/2748/1 2749/2749/1
f 2628/2628/1 2749/2749/1 2629/2629/1
f 2629/2629/1 2749/2749/1 2750/2750/1
f 2629/2629/1 2750/2750/1 2630/2630/1
f 2630/2630/1 2750/2750/1 2751/2751/1
f 2630/2630/1 2751/2751/1 2631/2631/1
f 2631/2631/1 2751/2751/1 2752/2752/1
f 2631/2631/1 2752/2752/1 2632/2632/1
f 2632/2632/1 2752/2752/1 2753/2753/1
f 2632/2632/1 2753/2753/1 2633/2633/1
f 2633/2633/1 2753/2753/1 2754/2754/1
f 2633/2633/1 2754/2754/1 2634/2634/1
f 2634/2634/1 2754/2754/1 2755/2755/1
f 2634/2634/1 2755/2755/1 2635/2635/1
f 2635/2635/1 2755/2755/1 2756/2756/1
f 2635/2635/1 2756/2756/1 2636/2636/1
f 2636/2636/1 2756/2756/1 2757/2757/1
f 2636/2636/1 2757/2757/1 2637/2637/1
f 2637/2637/1 2757/2757/1 2758/2758/1
f 2637/2637/1 2758/2758/1 2638/2638/1
f 2638/2638/1 2758/2758/1 2759/2759/1
f 2638/2638/1 2759/2759/1 2639/2639/1
f 2639/2639/1 2759/2759/1 2760/2760/1
f 2639/2639/1 2760/2760/1 2640/2640/1
f 2640/2640/1 2760/2760/1 2761/2761/1
f 2640/2640/1 2761/2761/1 2641/2641/1
f 2641/2641/1 2761/2761/1 2762/2762/1
f 2641/2641/1 2762/2762/1 2642/2642/1
f 2642/2642/1 2762/2762/1 2763/2763/1
f 2642/2642/1 2763/2763/1 2643/2643/1
f 2643/2643/1 2763/2763/1 2764/2764/1
f 2643/2643/1 2764/2764/1 2644/2644/1
f 2644/2644/1 2764/2764/1 2765/2765/1
f 2644/2644/1 2765/2765/1 2645/2645/1
f 2645/2645/1 2765/2765/1 2766/2766/1
f 2645/2645/1 2766/2766/1 2646/2646/1
f 2646/2646/1 2766/2766/1 2767/2767/1
f 2646/2646/1 2767/2767/1 2647/2647/1
f 2647/2647/1 2767/2767/1 2768/2768/1
f 2647/2647/1 2768/2768/1 2648/2648/1
f 2648/2648/1 2768/2768/1 2769/2769/1
f 2648/2648/1 2769/2769/1 2649/2649/1
f 2649/2649/1 2769/2769/1 2770/2770/1
f 2649/2649/1 2770/2770/1 2650/2650/1
f 2650/2650/1 2770/2770/1 2771/2771/1
f 2650/2650/1 2771/2771/1 2651/2651/1
f 2651/2651/1 2771/2771/1 2772/2772/1
f 2651/2651/1 2772/2772/1 2652/2652/1
f 2652/2652/1 2772/2772/1 2773/2773/1
f 2652/2652/1 2773/2773/1 2653/2653/1
f 2653/2653/1 2773/2773/1 2774/2774/1
f 2653/2653/1 2774/2774/1 2654/2654/1
f 2654/2654/1 2774/2774/1 2775/2775/1
f 2654/2654/1 2775/2775/1 2655/2655/1
f 2655/2655/1 2775/2775/1 2776/2776/1
f 2655/2655/1 2776/2776/1 2656/2656/1
f 2656/2656/1 2776/2776/1 2777/2777/1
f 2656/2656/1 2777/2777/1 2657/2657/1
f 2657/2657/1 2777/2777/1 2778/2778/1
f 2657/2657/1 2778/2778/1 2658/2658/1
f 2658/2658/1 2778/2778/1 2779/2779/1
f 2658/2658/1 2779/2779/1 2659/2659/1
f 2659/2659/1 2779/2779/1 2780/2780/1
f 2659/2659/1 2780/2780/1 2660/2660/1
f 2660/2660/1 2780/2780/1 2781/2781/1
f 2660/2660/1 2781/2781/1 2661/2661/1
f 2661/2661/1 2781/2781/1 2782/2782/1
f 2661/2661/1 2782/2782/1 2662/2662/1
f 2662/2662/1 2782/2782/1 2783/2783/1
f 2663/2663/1 2784/2784/1 2664/2664/1
f 2664/2664/1 2784/2784/1 2785/2785/1
f 2664/2664/1 2785/2785/1 2665/2665/1
f 2665/2665/1 2785/2785/1 2786/2786/1
f 2665/2665/1 2786/2786/1 2666/2666/1
f 2666/2666/1 2786/2786/1 2787/2787/1
f 2666/2666/1 2787/2787/1 2667/2667/1
f 2667/2667/1 2787/2787/1 2788/2788/1
f 2667/2667/1 2788/2788/1 2668/2668/1
f 2668/2668/1 2788/2788/1 2789/2789/1
f 2668/2668/1 2789/2789/1 2669/2669/1
f 2669/2669/1 2789/2789/1 2790/2790/1
f 2669/2669/1 2790/2790/1 2670/2670/1
f 2670/2670/1 2790/2790/1 2791/2791/1
f 2670/2670/1 2791/2791/1 2671/2671/1
f 2671/2671/1 2791/2791/1 2792/2792/1
f 2671/2671/1 2792/2792/1 2672/2672/1
f 2672/2672/1 2792/2792/1 2793/2793/1
f 2672/2672/1 2793/2793/1 2673/2673/1
f 2673/2673/1 2793/2793/1 2794/2794/1
f 2673/2673/1 2794/2794/1 2674/2674/1
f 2674/2674/1 2794/2794/1 2795/2795/1
f 2674/2674/1 2795/2795/1 2675/2675/1
f 2675/2675/1 2795/2795/1 2796/2796/1
f 2675/2675/1 2796/2796/1 2676/2676/1
f 2676/2676/1 2796/2796/1 2797/2797/1
f 2676/2676/1 2797/2797/1 2677/2677/1
f 2677/2677/1 2797/2797/1 2798/2798/1
f 2677/2677/1 2798/2798/1 2678/2678/1
f 2678/2678/1 2798/2798/1 2799/2799/1
f 2678/2678/1 2799/2799/1 2679/2679/1
f 2679/2679/1 2799/2799/1 2800/2800/1
f 2679/2679/1 2800/2800/1 2680/2680/1
f 2680/2680/1 2800/2800/1 2801/2801/1
f 2680/2680/1 2801/2801/1 2681/2681/1
f 2681/2681/1 2801/2801/1 2802/2802/1
f 2681/2681/1 2802/2802/1 2682/2682/1
f 2682/2682/1 2802/2802/1 2803/2803/1
f 2682/2682/1 2803/2803/1 2683/2683/1
f 2683/2683/1 2803/2803/1 2804/2804/1
f 2683/2683/1 2804/2804/1 2684/2684/1
f 2684/2684/1 2804/2804/1 2805/2805/1
f 2684/2684/1 2805/2805/1 2685/2685/1
f 2685/2685/1 2805/2805/1 2806/2806/1
f 2685/2685/1 2806/2806/1 2686/2686/1
f 2686/2686/1 2806/2806/1 2807/2807/1
f 2686/2686/1 2807/2807/1 2687/2687/1
f 2687/2687/1 2807/2807/1 2808/2808/1
f 2687/2687/1 2808/2808/1 2688/2688/1
f 2688/2688/1 2808/2808/1 2809/2809/1
f 2688/2688/1 2809/2809/1 2689/2689/1
f 2689/2689/1 2809/2809/1 2810/2810/1
f 2689/2689/1 2810/2810/1 2690/2690/1
f 2690/2690/1 2810/2810/1 2811/2811/1
f 2690/2690/1 2811/2811/1 2691/2691/1
f 2691/2691/1 2811/2811/1 2812/2812/1
f 2691/2691/1 2812/2812/1 2692/2692/1
f 2692/2692/1 2812/2812/1 2813/2813/1
f 2692/2692/1 2813/2813/1 2693/2693/1
f 2693/2693/1 2813/2813/1 2814/2814/1
f 2693/2693/1 2814/2814/1 2694/2694/1
f 2694/2694/1 2814/2814/1 2815/2815/1
f 2694/2694/1 2815/2815/1 2695/2695/1
f 2695/2695/1 2815/2815/1 2816/2816/1
f 2695/2695/1 2816/2816/1 2696/2696/1
f 2696/2696/1 2816/2816/1 2817/2817/1
f 2696/2696/1 2817/2817/1 2697/2697/1
f 2697/2697/1 2817/2817/1 2818/2818/1
f 2697/2697/1 2818/2818/1 2698/2698/1
f 2698/2698/1 2818/2818/1 2819/2819/1
f 2698/2698/1 2819/2819/1 2699/2699/1
f 2699/2699/1 2819/2819/1 2820/2820/1
f 2699/2699/1 2820/2820/1 2700/2700/1
f 2700/2700/1 2820/2820/1 2821/2821/1
f 2700/2700/1 2821/2821/1 2701/2701/1
f 2701/2701/1 2821/2821/1 2822/2822/1
f 2701/2701/1 2822/2822/1 2702/2702/1
f 2702/2702/1 2822/2822/1 2823/2823/1
f 2702/2702/1 2823/2823/1 2703/2703/1
f 2703/2703/1 2823/2823/1 2824/2824/1
f 2703/2703/1 2824/2824/1 2704/2704/1
f 2704/2704/1 2824/2824/1 2825/2825/1
f 2704/2704/1 2825/2825/1 2705/2705/1
f 2705/2705/1 2825/2825/1 2826/2826/1
f 2705/2705/1 2826/2826/1 2706/2706/1
f 2706/2706/1 2826/2826/1 2827/2827/1
f 2706/2706/1 2827/2827/1 2707/2707/1
f 2707/2707/1 2827/2827/1 2828/2828/1
f 2707/2707/1 2828/2828/1 2708/2708/1
f 2708/2708/1 2828/2828/1 2829/2829/1
f 2708/2708/1 2829/2829/1 2709/2709/1
f 2709/2709/1 2829/2829/1 2830/2830/1
f 2709/2709/1 2830/2830/1 2710/2710/1
f 2710/2710/1 2830/2830/1 2831/2831/1
f 2710/2710/1 2831/2831/1 2711/2711/1
f 2711/2711/1 2831/2831/1 2832/2832/1
f 2711/2711/1 2832/2832/1 2712/2712/1
f 2712/2712/1 2832/2832/1 2833/2833/1
f 2712/2712/1 2833/2833/1 2713/2713/1
f 2713/2713/1 2833/2833/1 2834/2834/1
f 2713/2713/1 2834/2834/1 2714/2714/1
f 2714/2714/1 2834/2834/1 2835/2835/1
f 2714/2714/1 2835/2835/1 2715/2715/1
f 2715/2715/1 2835/2835/1 2836/2836/1
f 2715/2715/1 2836/2836/1 2716/2716/1
f 2716/2716/1 2836/2836/1 2837/2837/1
f 2716/2716/1 2837/2837/1 2717/2717/1
f 2717/2717/1 2837/2837/1 2838/2838/1
f 2717/2717/1 2838/2838/1 2718/2718/1
f 2718/2718/1 2838/2838/1 2839/2839/1
f 2718/2718/1 2839/2839/1 2719/2719/1
f 2719/2719/1 2839/2839/1 2840/2840/1
f 2719/2719/1 2840/2840/1 2720/2720/1
f 2720/2720/1 2840/2840/1 2841/2841/1
f 2720/2720/1 2841/2841/1 2721/2721/1
f 2721/2721/1 2841/2841/1 2842/2842/1
f 2721/2721/1 2842/2842/1 2722/2722/1
f 2722/2722/1 2842/2842/1 2843/2843/1
f 2722/2722/1 2843/2843/1 2723/2723/1
f 2723/2723/1 2843/2843/1 2844/2844/1
f 2723/2723/1 2844/2844/1 2724/2724/1
f 2724/2724/1 2844/2844/1 2845/2845/1
f 2724/2724/1 2845/2845/1 2725/2725/1
f 2725/2725/1 2845/2845/1 2846/2846/1
f 2725/2725/1 2846/2846/1 2726/2726/1
f 2726/2726/1 2846/2846/1 2847/2847/1
f 2726/2726/1 2847/2847/1 2727/2727/1
f 2727/2727/1 2847/2847/1 2848/2848/1
f 2727/2727/1 2848/2848/1 2728/2728/1
f 2728/2728/1 2848/2848/1 2849/2849/1
f 2728/2728/1 2849/2849/1 2729/2729/1
f 2729/2729/1 2849/2849/1 2850/2850/1
f 2729/2729/1 2850/2850/1 2730/2730/1
f 2730/2730/1 2850/2850/1 2851/2851/1
f 2730/2730/1 2851/2851/1 2731/2731/1
f 2731/2731/1 2851/2851/1 2852/2852/1
f 2731/2731/1 2852/2852/1 2732/2732/1
f 2732/2732/1 2852/2852/1 2853/2853/1
f 2732/2732/1 2853/2853/1 2733/2733/1
f 2733/2733/1 2853/2853/1 2854/2854/1
f 2733/2733/1 2854/2854/1 2734/2734/1
f 2734/2734/1 2854/2854/1 2855/2855/1
f 2734/2734/1 2855/2855/1 2735/2735/1
f 2735/2735/1 2855/2855/1 2856/2856/1
f 2735/2735/1 2856/2856/1 2736/2736/1
f 2736/2736/1 2856/2856/1 2857/2857/1
f 2736/2736/1 2857/2857/1 2737/2737/1
f 2737/2737/1 2857/2857/1 2858/2858/1
f 2737/2737/1 2858/2858/1 2738/2738/1
f 2738/2738/1 2858/2858/1 2859/2859/1
f 2738/2738/1 2859/2859/1 2739/2739/1
f 2739/2739/1 2859/2859/1 2860/2860/1
f 2739/2739/1 2860/2860/1 2740/2740/1
f 2740/2740/1 2860/2860/1 2861/2861/1
f 2740/2740/1 2861/2861/1 2741/2741/1
f 2741/2741/1 2861/2861/1 2862/2862/1
f 2741/2741/1 2862/2862/1 2742/2742/1
f 2742/2742/1 2862/2862/1 2863/2863/1
f 2742/2742/1 2863/2863/1 2743/2743/1
f 2743/2743/1 2863/2863/1 2864/2864/1
f 2743/2743/1 2864/2864/1 2744/2744/1
f 2744/2744/1 2864/2864/1 2865/2865/1
f 2744/2744/1 2865/2865/1 2745/2745/1
f 2745/2745/1 2865/2865/1 2866/2866/1
f 2745/2745/1 2866/2866/1 2746/2746/1
f 2746/2746/1 2866/2866/1 2867/2867/1
f 2746/2746/1 2867/2867/1 2747/2747/1
f 2747/2747/1 2867/2867/1 2868/2868/1
f 2747/2747/1 2868/2868/1 2748/2748/1
f 2748/2748/1 2868/2868/1 2869/2869/1
f 2748/2748/1 2869/2869/1 2749/2749/1
f 2749/2749/1 2869/2869/1 2870/2870/1
f 2749/2749/1 2870/2870/1 2750/2750/1
f 2750/2750/1 2870/2870/1 2871/2871/1
f 2750/2750/1 2871/2871/1 2751/2751/1
f 2751/2751/1 2871/2871/1 2872/2872/1
f 2751/2751/1 2872/2872/1 2752/2752/1
f 2752/2752/1 2872/2872/1 2873/2873/1
f 2752/2752/1 2873/2873/1 2753/2753/1
f 2753/2753/1 2873/2873/1 2874/2874/1
f 2753/2753/1 2874/2874/1 2754/2754/1
f 2754/2754/1 2874/2874/1 2875/2875/1
f 2754/2754/1 2875/2875/1 2755/2755/1
f 2755/2755/1 2875/2875/1 2876/2876/1
f 2755/2755/1 2876/2876/1 2756/2756/1
f 2756/2756/1 2876/2876/1 2877/2877/1
f 2756/2756/1 2877/2877/1 2757/2757/1
f 2757/2757/1 2877/2877/1 2878/2878/1
f 2757/2757/1 2878/2878/1 2758/2758/1
f 2758/2758/1 2878/2878/1 2879/2879/1
f 2758/2758/1 2879/2879/1 2759/2759/1
f 2759/2759/1 2879/2879/1 2880/2880/1
f 2759/2759/1 2880/2880/1 2760/2760/1
f 2760/2760/1 2880/2880/1 2881/2881/1
f 2760/2760/1 2881/2881/1 2761/2761/1
f 2761/2761/1 2881/2881/1 2882/2882/1
f 2761/2761/1 2882/2882/1 2762/2762/1
f 2762/2762/1 2882/2882/1 2883/2883/1
f 2762/2762/1 2883/2883/1 2763/2763/1
f 2763/2763/1 2883/2883/1 2884/2884/1
f 2763/2763/1 2884/2884/1 2764/2764/1
f 2764/2764/1 2884/2884/1 2885/2885/1
f 2764/2764/1 2885/2885/1 2765/2765/1
f 2765/2765/1 2885/2885/1 2886/2886/1
f 2765/2765/1 2886/2886/1 2766/2766/1
f 2766/2766/1 2886/2886/1 2887/2887/1
f 2766/2766/1 2887/2887/1 2767/2767/1
f 2767/2767/1 2887/2887/1 2888/2888/1
f 2767/2767/1 2888/2888/1 2768/2768/1
f 2768/2768/1 2888/2888/1 2889/2889/1
f 2768/2768/1 2889/2889/1 2769/2769/1
f 2769/2769/1 2889/2889/1 2890/2890/1
f 2769/2769/1 2890/2890/1 2770/2770/1
f 2770/2770/1 2890/2890/1 2891/2891/1
f 2770/2770/1 2891/2891/1 2771/2771/1
f 2771/2771/1 2891/2891/1 2892/2892/1
f 2771/2771/1 2892/2892/1 2772/2772/1
f 2772/2772/1 2892/2892/1 2893/2893/1
f 2772/2772/1 2893/2893/1 2773/2773/1
f 2773/2773/1 2893/2893/1 2894/2894/1
f 2773/2773/1 2894/2894/1 2774/2774/1
f 2774/2774/1 2894/2894/1 2895/2895/1
f 2774/2774/1 2895/2895/1 2775/2775/1
f 2775/2775/1 2895/2895/1 2896/2896/1
f 2775/2775/1 2896/2896/1 2776/2776/1
f 2776/2776/1 2896/2896/1 2897/2897/1
f 2776/2776/1 2897/2897/1 2777/2777/1
f 2777/2777/1 2897/2897/1 2898/2898/1
f 2777/2777/1 2898/2898/1 2778/2778/1
f 2778/2778/1 2898/2898/1 2899/2899/1
f 2778/2778/1 2899/2899/1 2779/2779/1
f 2779/2779/1 2899/2899/1 2900/2900/1
f 2779/2779/1 2900/2900/1 2780/2780/1
f 2780/2780/1 2900/2900/1 2901/2901/1
f 2780/2780/1 2901/2901/1 2781/2781/1
f 2781/2781/1 2901/2901/1 2902/2902/1
f 2781/2781/1 2902/2902/1 2782/2782/1
f 2782/2782/1 2902/2902/1 2903/2903/1
f 2782/2782/1 2903/2903/1 2783/2783/1
f 2783/2783/1 2903/2903/1 2904/2904/1
f 2784/2784/1 2905/2905/1 2785/2785/1
f 2785/2785/1 2905/2905/1 2906/2906/1
f 2785/2785/1 2906/2906/1 2786/2786/1
f 2786/2786/1 2906/2906/1 2907/2907/1
f 2786/2786/1 2907/2907/1 2787/2787/1
f 2787/2787/1 2907/2907/1 2908/2908/1
f 2787/2787/1 2908/2908/1 2788/2788/1
f 2788/2788/1 2908/2908/1 2909/2909/1
f 2788/2788/1 2909/2909/1 2789/2789/1
f 2789/2789/1 2909/2909/1 2910/2910/1
f 2789/2789/1 2910/2910/1 2790/2790/1
f 2790/2790/1 2910/2910/1 2911/2911/1
f 2790/2790/1 2911/2911/1 2791/2791/1
f 2791/2791/1 2911/2911/1 2912/2912/1
f 2791/2791/1 2912/2912/1 2792/2792/1
f 2792/2792/1 2912/2912/1 2913/2913/1
f 2792/2792/1 2913/2913/1 2793/2793/1
f 2793/2793/1 2913/2913/1 2914/2914/1
f 2793/2793/1 2914/2914/1 2794/2794/1
f 2794/2794/1 2914/2914/1 2915/2915/1
f 2794/2794/1 2915/2915/1 2795/2795/1
f 2795/2795/1 2915/2915/1 2916/2916/1
f 2795/2795/1 2916/2916/1 2796/2796/1
f 2796/2796/1 2916/2916/1 2917/2917/1
f 2796/2796/1 2917/2917/1 2797/2797/1
f 2797/2797/1 2917/2917/1 2918/2918/1
f 2797/2797/1 2918/2918/1 2798/2798/1
f 2798/2798/1 2918/2918/1 2919/2919/1
f 2798/2798/1 2919/2919/1 2799/2799/1
f 2799/2799/1 2919/2919/1 2920/2920/1
f 2799/2799/1 2920/2920/1 2800/2800/1
f 2800/2800/1 2920/2920/1 2921/2921/1
f 2800/2800/1 2921/2921/1 2801/2801/1
f 2801/2801/1 2921/2921/1 2922/2922/1
f 2801/2801/1 2922/2922/1 2802/2802/1
f 2802/2802/1 2922/2922/1 2923/2923/1
f 2802/2802/1 2923/2923/1 2803/2803/1
f 2803/2803/1 2923/2923/1 2924/2924/1
f 2803/2803/1 2924/2924/1 2804/2804/1
f 2804/2804/1 2924/2924/1 2925/2925/1
f 2804/2804/1 2925/2925/1 2805/2805/1
f 2805/2805/1 2925/2925/1 2926/2926/1
f 2805/2805/1 2926/2926/1 2806/2806/1
f 2806/2806/1 2926/2926/1 2927/2927/1
f 2806/2806/1 2927/2927/1 2807/2807/1
f 2807/2807/1 2927/2927/1 2928/2928/1
f 2807/2807/1 2928/2928/1 2808/2808/1
f 2808/2808/1 2928/2928/1 2929/2929/1
f 2808/2808/1 2929/2929/1 2809/2809/1
f 2809/2809/1 2929/2929/1 2930/2930/1
f 2809/2809/1 2930/2930/1 2810/2810/1
f 2810/2810/1 2930/2930/1 2931/2931/1
f 2810/2810/1 2931/2931/1 2811/2811/1
f 2811/2811/1 2931/2931/1 2932/2932/1
f 2811/2811/1 2932/2932/1 2812/2812/1
f 2812/2812/1 2932/2932/1 2933/2933/1
f 2812/2812/1 2933/2933/1 2813/2813/1
f 2813/2813/1 2933/2933/1 2934/2934/1
f 2813/2813/1 2934/2934/1 2814/2814/1
f 2814/2814/1 2934/2934/1 2935/2935/1
f 2814/2814/1 2935/2935/1 2815/2815/1
f 2815/2815/1 2935/2935/1 2936/2936/1
f 2815/2815/1 2936/2936/1 2816/2816/1
f 2816/2816/1 2936/2936/1 2937/2937/1
f 2816/2816/1 2937/2937/1 2817/2817/1
f 2817/2817/1 2937/2937/1 2938/2938/1
f 2817/2817/1 2938/2938/1 2818/2818/1
f 2818/2818/1 2938/2938/1 2939/2939/1
f 2818/2818/1 2939/2939/1 2819/2819/1
f 2819/2819/1 2939/2939/1 2940/2940/1
f 2819/2819/1 2940/2940/1 2820/2820/1
f 2820/2820/1 2940/2940/1 2941/2941/1
f 2820/2820/1 2941/2941/1 2821/2821/1
f 2821/2821/1 2941/2941/1 2942/2942/1
f 2821/2821/1 2942/2942/1 2822/2822/1
f 2822/2822/1 2942/2942/1 2943/2943/1
f 2822/2822/1 2943/2943/1 2823/2823/1
f 2823/2823/1 2943/2943/1 2944/2944/1
f 2823/2823/1 2944/2944/1 2824/2824/1
f 2824/2824/1 2944/2944/1 2945/2945/1
f 2824/2824/1 2945/2945/1 2825/2825/1
f 2825/2825/1 2945/2945/1 2946/2946/1
f 2825/2825/1 2946/2946/1 2826/2826/1
f 2826/2826/1 2946/2946/1 2947/2947/1
f 2826/2826/1 2947/2947/1 2827/2827/1
f 2827/2827/1 2947/2947/1 2948/2948/1
f 2827/2827/1 2948/2948/1 2828/2828/1
f 2828/2828/1 2948/2948/1 2949/2949/1
f 2828/2828/1 2949/2949/1 2829/2829/1
f 2829/2829/1 2949/2949/1 2950/2950/1
f 2829/2829/1 2950/2950/1 2830/2830/1
f 2830/2830/1 2950/2950/1 2951/2951/1
f 2830/2830/1 2951/2951/1 2831/2831/1
f 2831/2831/1 2951/2951/1 2952/2952/1
f 2831/2831/1 2952/2952/1 2832/2832/1
f 2832/2832/1 2952/2952/1 2953/2953/1
f 2832/2832/1 2953/2953/1 2833/2833/1
f 2833/2833/1 2953/2953/1 2954/2954/1
f 2833/2833/1 2954/2954/1 2834/2834/1
f 2834/2834/1 2954/2954/1 2955/2955/1
f 2834/2834/1 2955/2955/1 2835/2835/1
f 2835/2835/1 2955/2955/1 2956/2956/1
f 2835/2835/1 2956/2956/1 2836/2836/1
f 2836/2836/1 2956/2956/1 2957/2957/1
f 2836/2836/1 2957/2957/1 2837/2837/1
f 2837/2837/1 2957/2957/1 2958/2958/1
f 2837/2837/1 2958/2958/1 2838/2838/1
f 2838/2838/1 2958/2958/1 2959/2959/1
f 2838/2838/1 2959/2959/1 2839/2839/1
f 2839/2839/1 2959/2959/1 2960/2960/1
f 2839/2839/1 2960/2960/1 2840/2840/1
f 2840/2840/1 2960/2960/1 2961/2961/1
f 2840/2840/1 2961/2961/1 2841/2841/1
f 2841/2841/1 2961/2961/1 2962/2962/1
f 2841/2841/1 2962/2962/1 2842/2842/1
f 2842/2842/1 2962/2962/1 2963/2963/1
f 2842/2842/1 2963/2963/1 2843/2843/1
f 2843/2843/1 2963/2963/1 2964/2964/1
f 2843/2843/1 2964/2964/1 2844/2844/1
f 2844/2844/1 2964/2964/1 2965/2965/1
f 2844/2844/1 2965/2965/1 2845/2845/1
f 2845/2845/1 2965/2965/1 2966/2966/1
f 2845/2845/1 2966/2966/1 2846/2846/1
f 2846/2846/1 2966/2966/1 2967/2967/1
f 2846/2846/1 2967/2967/1 2847/2847/1
f 2847/2847/1 2967/2967/1 2968/2968/1
f 2847/2847/1 2968/2968/1 2848/2848/1
f 2848/2848/1 2968/2968/1 2969/2969/1
f 2848/2848/1 2969/2969/1 2849/2849/1
f 2849/2849/1 2969/2969/1 2970/2970/1
f 2849/2849/1 2970/2970/1 2850/2850/1
f 2850/2850/1 2970/2970/1 2971/2971/1
f 2850/2850/1 2971/2971/1 2851/2851/1
f 2851/2851/1 2971/2971/1 2972/2972/1
f 2851/2851/1 2972/2972/1 2852/2852/1
f 2852/2852/1 2972/2972/1 2973/2973/1
f 2852/2852/1 2973/2973/1 2853/2853/1
f 2853/2853/1 2973/2973/1 2974/2974/1
f 2853/2853/1 2974/2974/1 2854/2854/1
f 2854/2854/1 2974/2974/1 2975/2975/1
f 2854/2854/1 2975/2975/1 2855/2855/1
f 2855/2855/1 2975/2975/1 2976/2976/1
f 2855/2855/1 2976/2976/1 2856/2856/1
f 2856/2856/1 2976/2976/1 2977/2977/1
f 2856/2856/1 2977/2977/1 2857/2857/1
f 2857/2857/1 2977/2977/1 2978/2978/1
f 2857/2857/1 2978/2978/1 2858/2858/1
f 2858/2858/1 2978/2978/1 2979/2979/1
f 2858/2858/1 2979/2979/1 2859/2859/1
f 2859/2859/1 2979/2979/1 2980/2980/1
f 2859/2859/1 2980/2980/1 2860/2860/1
f 2860/2860/1 2980/2980/1 2981/2981/1
f 2860/2860/1 2981/2981/1 2861/2861/1
f 2861/2861/1 2981/2981/1 2982/2982/1
f 2861/2861/1 2982/2982/1 2862/2862/1
f 2862/2862/1 2982/2982/1 2983/2983/1
f 2862/2862/1 2983/2983/1 2863/2863/1
f 2863/2863/1 2983/2983/1 2984/2984/1
f 2863/2863/1 2984/2984/1 2864/2864/1
f 2864/2864/1 2984/2984/1 2985/2985/1
f 2864/2864/1 2985/2985/1 2865/2865/1
f 2865/2865/1 2985/2985/1 2986/2986/1
f 2865/2865/1 2986/2986/1 2866/2866/1
f 2866/2866/1 2986/2986/1 2987/2987/1
f 2866/2866/1 2987/2987/1 2867/2867/1
f 2867/2867/1 2987/2987/1 2988/2988/1
f 2867/2867/1 2988/2988/1 2868/2868/1
f 2868/2868/1 2988/2988/1 2989/2989/1
f 2868/2868/1 2989/2989/1 2869/2869/1
f 2869/2869/1 2989/2989/1 2990/2990/1
f 2869/2869/1 2990/2990/1 2870/2870/1
f 2870/2870/1 2990/2990/1 2991/2991/1
f 2870/2870/1 2991/2991/1 2871/2871/1
f 2871/2871/1 2991/2991/1 2992/2992/1
f 2871/2871/1 2992/2992/1 2872/2872/1
f 2872/2872/1 2992/2992/1 2993/2993/1
f 2872/2872/1 2993/2993/1 2873/2873/1
f 2873/2873/1 2993/2993/1 2994/2994/1
f 2873/2873/1 2994/2994/1 2874/2874/1
f 2874/2874/1 2994/2994/1 2995/2995/1
f 2874/2874/1 2995/2995/1 2875/2875/1
f 2875/2875/1 2995/2995/1 2996/2996/1
f 2875/2875/1 2996/2996/1 2876/2876/1
f 2876/2876/1 2996/2996/1 2997/2997/1
f 2876/2876/1 2997/2997/1 2877/2877/1
f 2877/2877/1 2997/2997/1 2998/2998/1
f 2877/2877/1 2998/2998/1 2878/2878/1
f 2878/2878/1 2998/2998/1 2999/2999/1
f 2878/2878/1 2999/2999/1 2879/2879/1
f 2879/2879/1 2999/2999/1 3000/3000/1
f 2879/2879/1 3000/3000/1 2880/2880/1
f 2880/2880/1 3000/3000/1 3001/3001/1
f 2880/2880/1 3001/3001/1 2881/2881/1
f 2881/2881/1 3001/3001/1 3002/3002/1
f 2881/2881/1 3002/3002/1 2882/2882/1
f 2882/2882/1 3002/3002/1 3003/3003/1
f 2882/2882/1 3003/3003/1 2883/2883/1
f 2883/2883/1 3003/3003/1 3004/3004/1
f 2883/2883/1 3004/3004/1 2884/2884/1
f 2884/2884/1 3004/3004/1 3005/3005/1
f 2884/2884/1 3005/3005/1 2885/2885/1
f 2885/2885/1 3005/3005/1 3006/3006/1
f 2885/2885/1 3006/3006/1 2886/2886/1
f 2886/2886/1 3006/3006/1 3007/3007/1
f 2886/2886/1 3007/3007/1 2887/2887/1
f 2887/2887/1 3007/3007/1 3008/3008/1
f 2887/2887/1 3008/3008/1 2888/2888/1
f 2888/2888/1 3008/3008/1 3009/3009/1
f 2888/2888/1 3009/3009/1 2889/2889/1
f 2889/2889/1 3009/3009/1 3010/3010/1
f 2889/2889/1 3010/3010/1 2890/2890/1
f 2890/2890/1 3010/3010/1 3011/3011/1
f 2890/2890/1 3011/3011/1 2891/2891/1
f 2891/2891/1 3011/3011/1 3012/3012/1
f 2891/2891/1 3012/3012/1 2892/2892/1
f 2892/2892/1 3012/3012/1 3013/3013/1
f 2892/2892/1 3013/3013/1 2893/2893/1
f 2893/2893/1 3013/3013/1 3014/3014/1
f 2893/2893/1 3014/3014/1 2894/2894/1
f 2894/2894/1 3014/3014/1 3015/3015/1
f 2894/2894/1 3015/3015/1 2895/2895/1
f 2895/2895/1 3015/3015/1 3016/3016/1
f 2895/2895/1 3016/3016/1 2896/2896/1
f 2896/2896/1 3016/3016/1 3017/3017/1
f 2896/2896/1 3017/3017/1 2897/2897/1
f 2897/2897/1 3017/3017/1 3018/3018/1
f 2897/2897/1 3018/3018/1 2898/2898/1
f 2898/2898/1 3018/3018/1 3019/3019/1
f 2898/2898/1 3019/3019/1 2899/2899/1
f 2899/2899/1 3019/3019/1 3020/3020/1
f 2899/2899/1 3020/3020/1 2900/2900/1
f 2900/2900/1 3020/3020/1 3021/3021/1
f 2900/2900/1 3021/3021/1 2901/2901/1
f 2901/2901/1 3021/3021/1 3022/3022/1
f 2901/2901/1 3022/3022/1 2902/2902/1
f 2902/2902/1 3022/3022/1 3023/3023/1
f 2902/2902/1 3023/3023/1 2903/2903/1
f 2903/2903/1 3023/3023/1 3024/3024/1
f 2903/2903/1 3024/3024/1 2904/2904/1
f 2904/2904/1 3024/3024/1 3025/3025/1
f 2905/2905/1 3026/3026/1 2906/2906/1
f 2906/2906/1 3026/3026/1 3027/3027/1
f 2906/2906/1 3027/3027/1 2907/2907/1
f 2907/2907/1 3027/3027/1 3028/3028/1
f 2907/2907/1 3028/3028/1 2908/2908/1
f 2908/2908/1 3028/3028/1 3029/3029/1
f 2908/2908/1 3029/3029/1 2909/2909/1
f 2909/2909/1 3029/3029/1 3030/3030/1
f 2909/2909/1 3030/3030/1 2910/2910/1
f 2910/2910/1 3030/3030/1 3031/3031/1
f 2910/2910/1 3031/3031/1 2911/2911/1
f 2911/2911/1 3031/3031/1 3032/3032/1
f 2911/2911/1 3032/3032/1 2912/2912/1
f 2912/2912/1 3032/3032/1 3033/3033/1
f 2912/2912/1 3033/3033/1 2913/2913/1
f 2913/2913/1 3033/3033/1 3034/3034/1
f 2913/2913/1 3034/3034/1 2914/2914/1
f 2914/2914/1 3034/3034/1 3035/3035/1
f 2914/2914/1 3035/3035/1 2915/2915/1
f 2915/2915/1 3035/3035/1 3036/3036/1
f 2915/2915/1 3036/3036/1 2916/2916/1
f 2916/2916/1 3036/3036/1 3037/3037/1
f 2916/2916/1 3037/3037/1 2917/2917/1
f 2917/2917/1 3037/3037/1 3038/3038/1
f 2917/2917/1 3038/3038/1 2918/2918/1
f 2918/2918/1 3038/3038/1 3039/3039/1
f 2918/2918/1 3039/3039/1 2919/2919/1
f 2919/2919/1 3039/3039/1 3040/3040/1
f 2919/2919/1 3040/3040/1 2920/2920/1
f 2920/2920/1 3040/3040/1 3041/3041/1
f 2920/2920/1 3041/3041/1 2921/2921/1
f 2921/2921/1 3041/3041/1 3042/3042/1
f 2921/2921/1 3042/3042/1 2922/2922/1
f 2922/2922/1 3042/3042/1 3043/3043/1
f 2922/2922/1 3043/3043/1 2923/2923/1
f 2923/2923/1 3043/3043/1 3044/3044/1
f 2923/2923/1 3044/3044/1 2924/2924/1
f 2924/2924/1 3044/3044/1 3045/3045/1
f 2924/2924/1 3045/3045/1 2925/2925/1
f 2925/2925/1 3045/3045/1 3046/3046/1
f 2925/2925/1 3046/3046/1 2926/2926/1
f 2926/2926/1 3046/3046/1 3047/3047/1
f 2926/2926/1 3047/3047/1 2927/2927/1
f 2927/2927/1 3047/3047/1 3048/3048/1
f 2927/2927/1 3048/3048/1 2928/2928/1
f 2928/2928/1 3048/3048/1 3049/3049/1
f 2928/2928/1 3049/3049/1 2929/2929/1
f 2929/2929/1 3049/3049/1 3050/3050/1
f 2929/2929/1 3050/3050/1 2930/2930/1
f 2930/2930/1 3050/3050/1 3051/3051/1
f 2930/2930/1 3051/3051/1 2931/2931/1
f 2931/2931/1 3051/3051/1 3052/3052/1
f 2931/2931/1 3052/3052/1 2932/2932/1
f 2932/2932/1 3052/3052/1 3053/3053/1
f 2932/2932/1 3053/3053/1 2933/2933/1
f 2933/2933/1 3053/3053/1 3054/3054/1
f 2933/2933/1 3054/3054/1 2934/2934/1
f 2934/2934/1 3054/3054/1 3055/3055/1
f 2934/2934/1 3055/3055/1 2935/2935/1
f 2935/2935/1 3055/3055/1 3056/3056/1
f 2935/2935/1 3056/3056/1 2936/2936/1
f 2936/2936/1 3056/3056/1 3057/3057/1
f 2936/2936/1 3057/3057/1 2937/2937/1
f 2937/2937/1 3057/3057/1 3058/3058/1
f 2937/2937/1 3058/3058/1 2938/2938/1
f 2938/2938/1 3058/3058/1 3059/3059/1
f 2938/2938/1 3059/3059/1 2939/2939/1
f 2939/2939/1 3059/3059/1 3060/3060/1
f 2939/2939/1 3060/3060/1 2940/2940/1
f 2940/2940/1 3060/3060/1 3061/3061/1
f 2940/2940/1 3061/3061/1 2941/2941/1
f 2941/2941/1 3061/3061/1 3062/3062/1
f 2941/2941/1 3062/3062/1 2942/2942/1
f 2942/2942/1 3062/3062/1 3063/3063/1
f 2942/2942/1 3063/3063/1 2943/2943/1
f 2943/2943/1 3063/3063/1 3064/3064/1
f 2943/2943/1 3064/3064/1 2944/2944/1
f 2944/2944/1 3064/3064/1 3065/3065/1
f 2944/2944/1 3065/3065/1 2945/2945/1
f 2945/2945/1 3065/3065/1 3066/3066/1
f 2945/2945/1 3066/3066/1 2946/2946/1
f 2946/2946/1 3066/3066/1 3067/3067/1
f 2946/2946/1 3067/3067/1 2947/2947/1
f 2947/2947/1 3067/3067/1 3068/3068/1
f 2947/2947/1 3068/3068/1 2948/2948/1
f 2948/2948/1 3068/3068/1 3069/3069/1
f 2948/2948/1 3069/3069/1 2949/2949/1
f 2949/2949/1 3069/3069/1 3070/3070/1
f 2949/2949/1 3070/3070/1 2950/2950/1
f 2950/2950/1 3070/3070/1 3071/3071/1
f 2950/2950/1 3071/3071/1 2951/2951/1
f 2951/2951/1 3071/3071/1 3072/3072/1
f 2951/2951/1 3072/3072/1 2952/2952/1
f 2952/2952/1 3072/3072/1 3073/3073/1
f 2952/2952/1 3073/3073/1 2953/2953/1
f 2953/2953/1 3073/3073/1 3074/3074/1
f 2953/2953/1 3074/3074/1 2954/2954/1
f 2954/2954/1 3074/3074/1 3075/3075/1
f 2954/2954/1 3075/3075/1 2955/2955/1
f 2955/2955/1 3075/3075/1 3076/3076/1
f 2955/2955/1 3076/3076/1 2956/2956/1
f 2956/2956/1 3076/3076/1 3077/3077/1
f 2956/2956/1 3077/3077/1 2957/2957/1
f 2957/2957/1 3077/3077/1 3078/3078/1
f 2957/2957/1 3078/3078/1 2958/2958/1
f 2958/2958/1 3078/3078/1 3079/3079/1
f 2958/2958/1 3079/3079/1 2959/2959/1
f 2959/2959/1 3079/3079/1 3080/3080/1
f 2959/2959/1 3080/3080/1 2960/2960/1
f 2960/2960/1 3080/3080/1 3081/3081/1
f 2960/2960/1 3081/3081/1 2961/2961/1
f 2961/2961/1 3081/3081/1 3082/3082/1
f 2961/2961/1 3082/3082/1 2962/2962/1
f 2962/2962/1 3082/3082/1 3083/3083/1
f 2962/2962/1 3083/3083/1 2963/2963/1
f 2963/2963/1 3083/3083/1 3084/3084/1
f 2963/2963/1 3084/3084/1 2964/2964/1
f 2964/2964/1 3084/3084/1 3085/3085/1
f 2964/2964/1 3085/3085/1 2965/2965/1
f 2965/2965/1 3085/3085/1 3086/3086/1
f 2965/2965/1 3086/3086/1 2966/2966/1
f 2966/2966/1 3086/3086/1 3087/3087/1
f 2966/2966/1 3087/3087/1 2967/2967/1
f 2967/2967/1 3087/3087/1 3088/3088/1
f 2967/2967/1 3088/3088/1 2968/2968/1
f 2968/2968/1 3088/3088/1 3089/3089/1
f 2968/2968/1 3089/3089/1 2969/2969/1
f 2969/2969/1 3089/3089/1 3090/3090/1
f 2969/2969/1 3090/3090/1 2970/2970/1
f 2970/2970/1 3090/3090/1 3091/3091/1
f 2970/2970/1 3091/3091/1 2971/2971/1
f 2971/2971/1 3091/3091/1 3092/3092/1
f 2971/2971/1 3092/3092/1 2972/2972/1
f 2972/2972/1 3092/3092/1 3093/3093/1
f 2972/2972/1 3093/3093/1 2973/2973/1
f 2973/2973/1 3093/3093/1 3094/3094/1
f 2973/2973/1 3094/3094/1 2974/2974/1
f 2974/2974/1 3094/3094/1 3095/3095/1
f 2974/2974/1 3095/3095/1 2975/2975/1
f 2975/2975/1 3095/3095/1 3096/3096/1
f 2975/2975/1 3096/3096/1 2976/2976/1
f 2976/2976/1 3096/3096/1 3097/3097/1
f 2976/2976/1 3097/3097/1 2977/2977/1
f 2977/2977/1 3097/3097/1 3098/3098/1
f 2977/2977/1 3098/3098/1 2978/2978/1
f 2978/2978/1 3098/3098/1 3099/3099/1
f 2978/2978/1 3099/3099/1 2979/2979/1
f 2979/2979/1 3099/3099/1 3100/3100/1
f 2979/2979/1 3100/3100/1 2980/2980/1
f 2980/2980/1 3100/3100/1 3101/3101/1
f 2980/2980/1 3101/3101/1 2981/2981/1
f 2981/2981/1 3101/3101/1 3102/3102/1
f 2981/2981/1 3102/3102/1 2982/2982/1
f 2982/2982/1 3102/3102/1 3103/3103/1
f 2982/2982/1 3103/3103/1 2983/2983/1
f 2983/2983/1 3103/3103/1 3104/3104/1
f 2983/2983/1 3104/3104/1 2984/2984/1
f 2984/2984/1 3104/3104/1 3105/3105/1
f 2984/2984/1 3105/3105/1 2985/2985/1
f 2985/2985/1 3105/3105/1 3106/3106/1
f 2985/2985/1 3106/3106/1 2986/2986/1
f 2986/2986/1 3106/3106/1 3107/3107/1
f 2986/2986/1 3107/3107/1 2987/2987/1
f 2987/2987/1 3107/3107/1 3108/3108/1
f 2987/2987/1 3108/3108/1 2988/2988/1
f 2988/2988/1 3108/3108/1 3109/3109/1
f 2988/2988/1 3109/3109/1 2989/2989/1
f 2989/2989/1 3109/3109/1 3110/3110/1
f 2989/2989/1 3110/3110/1 2990/2990/1
f 2990/2990/1 3110/3110/1 3111/3111/1
f 2990/2990/1 3111/3111/1 2991/2991/1
f 2991/2991/1 3111/3111/1 3112/3112/1
f 2991/2991/1 3112/3112/1 2992/2992/1
f 2992/2992/1 3112/3112/1 3113/3113/1
f 2992/2992/1 3113/3113/1 2993/2993/1
f 2993/2993/1 3113/3113/1 3114/3114/1
f 2993/2993/1 3114/3114/1 2994/2994/1
f 2994/2994/1 3114/3114/1 3115/3115/1
f 2994/2994/1 3115/3115/1 2995/2995/1
f 2995/2995/1 3115/3115/1 3116/3116/1
f 2995/2995/1 3116/3116/1 2996/2996/1
f 2996/2996/1 3116/3116/1 3117/3117/1
f 2996/2996/1 3117/3117/1 2997/2997/1
f 2997/2997/1 3117/3117/1 3118/3118/1
f 2997/2997/1 3118/3118/1 2998/2998/1
f 2998/2998/1 3118/3118/1 3119/3119/1
f 2998/2998/1 3119/3119/1 2999/2999/1
f 2999/2999/1 3119/3119/1 3120/3120/1
f 2999/2999/1 3120/3120/1 3000/3000/1
f 3000/3000/1 3120/3120/1 3121/3121/1
f 3000/3000/1 3121/3121/1 3001/3001/1
f 3001/3001/1 3121/3121/1 3122/3122/1
f 3001/3001/1 3122/3122/1 3002/3002/1
f 3002/3002/1 3122/3122/1 3123/3123/1
f 3002/3002/1 3123/3123/1 3003/3003/1
f 3003/3003/1 3123/3123/1 3124/3124/1
f 3003/3003/1 3124/3124/1 3004/3004/1
f 3004/3004/1 3124/3124/1 3125/3125/1
f 3004/3004/1 3125/3125/1 3005/3005/1
f 3005/3005/1 3125/3125/1 3126/3126/1
f 3005/3005/1 3126/3126/1 3006/3006/1
f 3006/3006/1 3126/3126/1 3127/3127/1
f 3006/3006/1 3127/3127/1 3007/3007/1
f 3007/3007/1 3127/3127/1 3128/3128/1
f 3007/3007/1 3128/3128/1 3008/3008/1
f 3008/3008/1 3128/3128/1 3129/3129/1
f 3008/3008/1 3129/3129/1 3009/3009/1
f 3009/3009/1 3129/3129/1 3130/3130/1
f 3009/3009/1 3130/3130/1 3010/3010/1
f 3010/3010/1 3130/3130/1 3131/3131/1
f 3010/3010/1 3131/3131/1 3011/3011/1
f 3011/3011/1 3131/3131/1 3132/3132/1
f 3011/3011/1 3132/3132/1 3012/3012/1
f 3012/3012/1 3132/3132/1 3133/3133/1
f 3012/3012/1 3133/3133/1 3013/3013/1
f 3013/3013/1 3133/3133/1 3134/3134/1
f 3013/3013/1 3134/3134/1 3014/3014/1
f 3014/3014/1 3134/3134/1 3135/3135/1
f 3014/3014/1 3135/3135/1 3015/3015/1
f 3015/3015/1 3135/3135/1 3136/3136/1
f 3015/3015/1 3136/3136/1 3016/3016/1
f 3016/3016/1 3136/3136/1 3137/3137/1
f 3016/3016/1 3137/3137/1 3017/3017/1
f 3017/3017/1 3137/3137/1 3138/3138/1
f 3017/3017/1 3138/3138/1 3018/3018/1
f 3018/3018/1 3138/3138/1 3139/3139/1
f 3018/3018/1 3139/3139/1 3019/3019/1
f 3019/3019/1 3139/3139/1 3140/3140/1
f 3019/3019/1 3140/3140/1 3020/3020/1
f 3020/3020/1 3140/3140/1 3141/3141/1
f 3020/3020/1 3141/3141/1 3021/3021/1
f 3021/3021/1 3141/3141/1 3142/3142/1
f 3021/3021/1 3142/3142/1 3022/3022/1
f 3022/3022/1 3142/3142/1 3143/3143/1
f 3022/3022/1 3143/3143/1 3023/3023/1
f 3023/3023/1 3143/3143/1 3144/3144/1
f 3023/3023/1 3144/3144/1 3024/3024/1
f 3024/3024/1 3144/3144/1 3145/3145/1
f 3024/3024/1 3145/3145/1 3025/3025/1
f 3025/3025/1 3145/3145/1 3146/3146/1
f 3026/3026/1 3147/3147/1 3027/3027/1
f 3027/3027/1 3147/3147/1 3148/3148/1
f 3027/3027/1 3148/3148/1 3028/3028/1
f 3028/3028/1 3148/3148/1 3149/3149/1
f 3028/3028/1 3149/3149/1 3029/3029/1
f 3029/3029/1 3149/3149/1 3150/3150/1
f 3029/3029/1 3150/3150/1 3030/3030/1
f 3030/3030/1 3150/3150/1 3151/3151/1
f 3030/3030/1 3151/3151/1 3031/3031/1
f 3031/3031/1 3151/3151/1 3152/3152/1
f 3031/3031/1 3152/3152/1 3032/3032/1
f 3032/3032/1 3152/3152/1 3153/3153/1
f 3032/3032/1 3153/3153/1 3033/3033/1
f 3033/3033/1 3153/3153/1 3154/3154/1
f 3033/3033/1 3154/3154/1 3034/3034/1
f 3034/3034/1 3154/3154/1 3155/3155/1
f 3034/3034/1 3155/3155/1 3035/3035/1
f 3035/3035/1 3155/3155/1 3156/3156/1
f 3035/3035/1 3156/3156/1 3036/3036/1
f 3036/3036/1 3156/3156/1 3157/3157/1
f 3036/3036/1 3157/3157/1 3037/3037/1
f 3037/3037/1 3157/3157/1 3158/3158/1
f 3037/3037/1 3158/3158/1 3038/3038/1
f 3038/3038/1 3158/3158/1 3159/3159/1
f 3038/3038/1 3159/3159/1 3039/3039/1
f 3039/3039/1 3159/3159/1 3160/3160/1
f 3039/3039/1 3160/3160/1 3040/3040/1
f 3040/3040/1 3160/3160/1 3161/3161/1
f 3040/3040/1 3161/3161/1 3041/3041/1
f 3041/3041/1 3161/3161/1 3162/3162/1
f 3041/3041/1 3162/3162/1 3042/3042/1
f 3042/3042/1 3162/3162/1 3163/3163/1
f 3042/3042/1 3163/3163/1 3043/3043/1
f 3043/3043/1 3163/3163/1 3164/3164/1
f 3043/3043/1 3164/3164/1 3044/3044/1
f 3044/3044/1 3164/3164/1 3165/3165/1
f 3044/3044/1 3165/3165/1 3045/3045/1
f 3045/3045/1 3165/3165/1 3166/3166/1
f 3045/3045/1 3166/3166/1 3046/3046/1
f 3046/3046/1 3166/3166/1 3167/3167/1
f 3046/3046/1 3167/3167/1 3047/3047/1
f 3047/3047/1 3167/3167/1 3168/3168/1
f 3047/3047/1 3168/3168/1 3048/3048/1
f 3048/3048/1 3168/3168/1 3169/3169/1
f 3048/3048/1 3169/3169/1 3049/3049/1
f 3049/3049/1 3169/3169/1 3170/3170/1
f 3049/3049/1 3170/3170/1 3050/3050/1
f 3050/3050/1 3170/3170/1 3171/3171/1
f 3050/3050/1 3171/3171/1 3051/3051/1
f 3051/3051/1 3171/3171/1 3172/3172/1
f 3051/3051/1 3172/3172/1 3052/3052/1
f 3052/3052/1 3172/3172/1 3173/3173/1
f 3052/3052/1 3173/3173/1 3053/3053/1
f 3053/3053/1 3173/3173/1 3174/3174/1
f 3053/3053/1 3174/3174/1 3054/3054/1
f 3054/3054/1 3174/3174/1 3175/3175/1
f 3054/3054/1 3175/3175/1 3055/3055/1
f 3055/3055/1 3175/3175/1 3176/3176/1
f 3055/3055/1 3176/3176/1 3056/3056/1
f 3056/3056/1 3176/3176/1 3177/3177/1
f 3056/3056/1 3177/3177/1 3057/3057/1
f 3057/3057/1 3177/3177/1 3178/3178/1
f 3057/3057/1 3178/3178/1 3058/3058/1
f 3058/3058/1 3178/3178/1 3179/3179/1
f 3058/3058/1 3179/3179/1 3059/3059/1
f 3059/3059/1 3179/3179/1 3180/3180/1
f 3059/3059/1 3180/3180/1 3060/3060/1
f 3060/3060/1 3180/3180/1 3181/3181/1
f 3060/3060/1 3181/3181/1 3061/3061/1
f 3061/3061/1 3181/3181/1 3182/3182/1
f 3061/3061/1 3182/3182/1 3062/3062/1
f 3062/3062/1 3182/3182/1 3183/3183/1
f 3062/3062/1 3183/3183/1 3063/3063/1
f 3063/3063/1 3183/3183/1 3184/3184/1
f 3063/3063/1 3184/3184/1 3064/3064/1
f 3064/3064/1 3184/3184/1 3185/3185/1
f 3064/3064/1 3185/3185/1 3065/3065/1
f 3065/3065/1 3185/3185/1 3186/3186/1
f 3065/3065/1 3186/3186/1 3066/3066/1
f 3066/3066/1 3186/3186/1 3187/3187/1
f 3066/3066/1 3187/3187/1 3067/3067/1
f 3067/3067/1 3187/3187/1 3188/3188/1
f 3067/3067/1 3188/3188/1 3068/3068/1
f 3068/3068/1 3188/3188/1 3189/3189/1
f 3068/3068/1 3189/3189/1 3069/3069/1
f 3069/3069/1 3189/3189/1 3190/3190/1
f 3069/3069/1 3190/3190/1 3070/3070/1
f 3070/3070/1 3190/3190/1 3191/3191/1
f 3070/3070/1 3191/3191/1 3071/3071/1
f 3071/3071/1 3191/3191/1 3192/3192/1
f 3071/3071/1 3192/3192/1 3072/3072/1
f 3072/3072/1 3192/3192/1 3193/3193/1
f 3072/3072/1 3193/3193/1 3073/3073/1
f 3073/3073/1 3193/3193/1 3194/3194/1
f 3073/3073/1 3194/3194/1 3074/3074/1
f 3074/3074/1 3194/3194/1 3195/3195/1
f 3074/3074/1 3195/3195/1 3075/3075/1
f 3075/3075/1 3195/3195/1 3196/3196/1
f 3075/3075/1 3196/3196/1 3076/3076/1
f 3076/3076/1 3196/3196/1 3197/3197/1
f 3076/3076/1 3197/3197/1 3077/3077/1
f 3077/3077/1 3197/3197/1 3198/3198/1
f 3077/3077/1 3198/3198/1 3078/3078/1
f 3078/3078/1 3198/3198/1 3199/3199/1
f 3078/3078/1 3199/3199/1 3079/3079/1
f 3079/3079/1 3199/3199/1 3200/3200/1
f 3079/3079/1 3200/3200/1 3080/3080/1
f 3080/3080/1 3200/3200/1 3201/3201/1
f 3080/3080/1 3201/3201/1 3081/3081/1
f 3081/3081/1 3201/3201/1 3202/3202/1
f 3081/3081/1 3202/3202/1 3082/3082/1
f 3082/3082/1 3202/3202/1 3203/3203/1
f 3082/3082/1 3203/3203/1 3083/3083/1
f 3083/3083/1 3203/3203/1 3204/3204/1
f 3083/3083/1 3204/3204/1 3084/3084/1
f 3084/3084/1 3204/3204/1 3205/3205/1
f 3084/3084/1 3205/3205/1 3085/3085/1
f 3085/3085/1 3205/3205/1 3206/3206/1
f 3085/3085/1 3206/3206/1 3086/3086/1
f 3086/3086/1 3206/3206/1 3207/3207/1
f 3086/3086/1 3207/3207/1 3087/3087/1
f 3087/3087/1 3207/3207/1 3208/3208/1
f 3087/3087/1 3208/3208/1 3088/3088/1
f 3088/3088/1 3208/3208/1 3209/3209/1
f 3088/3088/1 3209/3209/1 3089/3089/1
f 3089/3089/1 3209/3209/1 3210/3210/1
f 3089/3089/1 3210/3210/1 3090/3090/1
f 3090/3090/1 3210/3210/1 3211/3211/1
f 3090/3090/1 3211/3211/1 3091/3091/1
f 3091/3091/1 3211/3211/1 3212/3212/1
f 3091/3091/1 3212/3212/1 3092/3092/1
f 3092/3092/1 3212/3212/1 3213/3213/1
f 3092/3092/1 3213/3213/1 3093/3093/1
f 3093/3093/1 3213/3213/1 3214/3214/1
f 3093/3093/1 3214/3214/1 3094/3094/1
f 3094/3094/1 3214/3214/1 3215/3215/1
f 3094/3094/1 3215/3215/1 3095/3095/1
f 3095/3095/1 3215/3215/1 3216/3216/1
f 3095/3095/1 3216/3216/1 3096/3096/1
f 3096/3096/1 3216/3216/1 3217/3217/1
f 3096/3096/1 3217/3217/1 3097/3097/1
f 3097/3097/1 3217/3217/1 3218/3218/1
f 3097/3097/1 3218/3218/1 3098/3098/1
f 3098/3098/1 3218/3218/1 3219/3219/1
f 3098/3098/1 3219/3219/1 3099/3099/1
f 3099/3099/1 3219/3219/1 3220/3220/1
f 3099/3099/1 3220/3220/1 3100/3100/1
f 3100/3100/1 3220/3220/1 3221/3221/1
f 3100/3100/1 3221/3221/1 3101/3101/1
f 3101/3101/1 3221/3221/1 3222/3222/1
f 3101/3101/1 3222/3222/1 3102/3102/1
f 3102/3102/1 3222/3222/1 3223/3223/1
f 3102/3102/1 3223/3223/1 3103/3103/1
f 3103/3103/1 3223/3223/1 3224/3224/1
f 3103/3103/1 3224/3224/1 3104/3104/1
f 3104/3104/1 3224/3224/1 3225/3225/1
f 3104/3104/1 3225/3225/1 3105/3105/1
f 3105/3105/1 3225/3225/1 3226/3226/1
f 3105/3105/1 3226/3226/1 3106/3106/1
f 3106/3106/1 3226/3226/1 3227/3227/1
f 3106/3106/1 3227/3227/1 3107/3107/1
f 3107/3107/1 3227/3227/1 3228/3228/1
f 3107/3107/1 3228/3228/1 3108/3108/1
f 3108/3108/1 3228/3228/1 3229/3229/1
f 3108/3108/1 3229/3229/1 3109/3109/1
f 3109/3109/1 3229/3229/1 3230/3230/1
f 3109/3109/1 3230/3230/1 3110/3110/1
f 3110/3110/1 3230/3230/1 3231/3231/1
f 3110/3110/1 3231/3231/1 3111/3111/1
f 3111/3111/1 3231/3231/1 3232/3232/1
f 3111/3111/1 3232/3232/1 3112/3112/1
f 3112/3112/1 3232/3232/1 3233/3233/1
f 3112/3112/1 3233/3233/1 3113/3113/1
f 3113/3113/1 3233/3233/1 3234/3234/1
f 3113/3113/1 3234/3234/1 3114/3114/1
f 3114/3114/1 3234/3234/1 3235/3235/1
f 3114/3114/1 3235/3235/1 3115/3115/1
f 3115/3115/1 3235/3235/1 3236/3236/1
f 3115/3115/1 3236/3236/1 3116/3116/1
f 3116/3116/1 3236/3236/1 3237/3237/1
f 3116/3116/1 3237/3237/1 3117/3117/1
f 3117/3117/1 3237/3237/1 3238/3238/1
f 3117/3117/1 3238/3238/1 3118/3118/1
f 3118/3118/1 3238/3238/1 3239/3239/1
f 3118/3118/1 3239/3239/1 3119/3119/1
f 3119/3119/1 3239/3239/1 3240/3240/1
f 3119/3119/1 3240/3240/1 3120/3120/1
f 3120/3120/1 3240/3240/1 3241/3241/1
f 3120/3120/1 3241/3241/1 3121/3121/1
f 3121/3121/1 3241/3241/1 3242/3242/1
f 3121/3121/1 3242/3242/1 3122/3122/1
f 3122/3122/1 3242/3242/1 3243/3243/1
f 3122/3122/1 3243/3243/1 3123/3123/1
f 3123/3123/1 3243/3243/1 3244/3244/1
f 3123/3123/1 3244/3244/1 3124/3124/1
f 3124/3124/1 3244/3244/1 3245/3245/1
f 3124/3124/1 3245/3245/1 3125/3125/1
f 3125/3125/1 3245/3245/1 3246/3246/1
f 3125/3125/1 3246/3246/1 3126/3126/1
f 3126/3126/1 3246/3246/1 3247/3247/1
f 3126/3126/1 3247/3247/1 3127/3127/1
f 3127/3127/1 3247/3247/1 3248/3248/1
f 3127/3127/1 3248/3248/1 3128/3128/1
f 3128/3128/1 3248/3248/1 3249/3249/1
f 3128/3128/1 3249/3249/1 3129/3129/1
f 3129/3129/1 3249/3249/1 3250/3250/1
f 3129/3129/1 3250/3250/1 3130/3130/1
f 3130/3130/1 3250/3250/1 3251/3251/1
f 3130/3130/1 3251/3251/1 3131/3131/1
f 3131/3131/1 3251/3251/1 3252/3252/1
f 3131/3131/1 3252/3252/1 3132/3132/1
f 3132/3132/1 3252/3252/1 3253/3253/1
f 3132/3132/1 3253/3253/1 3133/3133/1
f 3133/3133/1 3253/3253/1 3254/3254/1
f 3133/3133/1 3254/3254/1 3134/3134/1
f 3134/3134/1 3254/3254/1 3255/3255/1
f 3134/3134/1 3255/3255/1 3135/3135/1
f 3135/3135/1 3255/3255/1 3256/3256/1
f 3135/3135/1 3256/3256/1 3136/3136/1
f 3136/3136/1 3256/3256/1 3257/3257/1
f 3136/3136/1 3257/3257/1 3137/3137/1
f 3137/3137/1 3257/3257/1 3258/3258/1
f 3137/3137/1 3258/3258/1 3138/3138/1
f 3138/3138/1 3258/3258/1 3259/3259/1
f 3138/3138/1 3259/3259/1 3139/3139/1
f 3139/3139/1 3259/3259/1 3260/3260/1
f 3139/3139/1 3260/3260/1 3140/3140/1
f 3140/3140/1 3260/3260/1 3261/3261/1
f 3140/3140/1 3261/3261/1 3141/3141/1
f 3141/3141/1 3261/3261/1 3262/3262/1
f 3141/3141/1 3262/3262/1 3142/3142/1
f 3142/3142/1 3262/3262/1 3263/3263/1
f 3142/3142/1 3263/3263/1 3143/3143/1
f 3143/3143/1 3263/3263/1 3264/3264/1
f 3143/3143/1 3264/3264/1 3144/3144/1
f 3144/3144/1 3264/3264/1 3265/3265/1
f 3144/3144/1 3265/3265/1 3145/3145/1
f 3145/3145/1 3265/3265/1 3266/3266/1
f 3145/3145/1 3266/3266/1 3146/3146/1
f 3146/3146/1 3266/3266/1 3267/3267/1
f 3147/3147/1 3268/3268/1 3148/3148/1
f 3148/3148/1 3268/3268/1 3269/3269/1
f 3148/3148/1 3269/3269/1 3149/3149/1
f 3149/3149/1 3269/3269/1 3270/3270/1
f 3149/3149/1 3270/3270/1 3150/3150/1
f 3150/3150/1 3270/3270/1 3271/3271/1
f 3150/3150/1 3271/3271/1 3151/3151/1
f 3151/3151/1 3271/3271/1 3272/3272/1
f 3151/3151/1 3272/3272/1 3152/3152/1
f 3152/3152/1 3272/3272/1 3273/3273/1
f 3152/3152/1 3273/3273/1 3153/3153/1
f 3153/3153/1 3273/3273/1 3274/3274/1
f 3153/3153/1 3274/3274/1 3154/3154/1
f 3154/3154/1 3274/3274/1 3275/3275/1
f 3154/3154/1 3275/3275/1 3155/3155/1
f 3155/3155/1 3275/3275/1 3276/3276/1
f 3155/3155/1 3276/3276/1 3156/3156/1
f 3156/3156/1 3276/3276/1 3277/3277/1
f 3156/3156/1 3277/3277/1 3157/3157/1
f 3157/3157/1 3277/3277/1 3278/3278/1
f 3157/3157/1 3278/3278/1 3158/3158/1
f 3158/3158/1 3278/3278/1 3279/3279/1
f 3158/3158/1 3279/3279/1 3159/3159/1
f 3159/3159/1 3279/3279/1 3280/3280/1
f 3159/3159/1 3280/3280/1 3160/3160/1
f 3160/3160/1 3280/3280/1 3281/3281/1
f 3160/3160/1 3281/3281/1 3161/3161/1
f 3161/3161/1 3281/3281/1 3282/3282/1
f 3161/3161/1 3282/3282/1 3162/3162/1
f 3162/3162/1 3282/3282/1 3283/3283/1
f 3162/3162/1 3283/3283/1 3163/3163/1
f 3163/3163/1 3283/3283/1 3284/3284/1
f 3163/3163/1 3284/3284/1 3164/3164/1
f 3164/3164/1 3284/3284/1 3285/3285/1
f 3164/3164/1 3285/3285/1 3165/3165/1
f 3165/3165/1 3285/3285/1 3286/3286/1
f 3165/3165/1 3286/3286/1 3166/3166/1
f 3166/3166/1 3286/3286/1 3287/3287/1
f 3166/3166/1 3287/3287/1 3167/3167/1
f 3167/3167/1 3287/3287/1 3288/3288/1
f 3167/3167/1 3288/3288/1 3168/3168/1
f 3168/3168/1 3288/3288/1 3289/3289/1
f 3168/3168/1 3289/3289/1 3169/3169/1
f 3169/3169/1 3289/3289/1 3290/3290/1
f 3169/3169/1 3290/3290/1 3170/3170/1
f 3170/3170/1 3290/3290/1 3291/3291/1
f 3170/3170/1 3291/3291/1 3171/3171/1
f 3171/3171/1 3291/3291/1 3292/3292/1
f 3171/3171/1 3292/3292/1 3172/3172/1
f 3172/3172/1 3292/3292/1 3293/3293/1
f 3172/3172/1 3293/3293/1 3173/3173/1
f 3173/3173/1 3293/3293/1 3294/3294/1
f 3173/3173/1 3294/3294/1 3174/3174/1
f 3174/3174/1 3294/3294/1 3295/3295/1
f 3174/3174/1 3295/3295/1 3175/3175/1
f 3175/3175/1 3295/3295/1 3296/3296/1
f 3175/3175/1 3296/3296/1 3176/3176/1
f 3176/3176/1 3296/3296/1 3297/3297/1
f 3176/3176/1 3297/3297/1 3177/3177/1
f 3177/3177/1 3297/3297/1 3298/3298/1
f 3177/3177/1 3298/3298/1 3178/3178/1
f 3178/3178/1 3298/3298/1 3299/3299/1
f 3178/3178/1 3299/3299/1 3179/3179/1
f 3179/3179/1 3299/3299/1 3300/3300/1
f 3179/3179/1 3300/3300/1 3180/3180/1
f 3180/3180/1 3300/3300/1 3301/3301/1
f 3180/3180/1 3301/3301/1 3181/3181/1
f 3181/3181/1 3301/3301/1 3302/3302/1
f 3181/3181/1 3302/3302/1 3182/3182/1
f 3182/3182/1 3302/3302/1 3303/3303/1
f 3182/3182/1 3303/3303/1 3183/3183/1
f 3183/3183/1 3303/3303/1 3304/3304/1
f 3183/3183/1 3304/3304/1 3184/3184/1
f 3184/3184/1 3304/3304/1 3305/3305/1
f 3184/3184/1 3305/3305/1 3185/3185/1
f 3185/3185/1 3305/3305/1 3306/3306/1
f 3185/3185/1 3306/3306/1 3186/3186/1
f 3186/3186/1 3306/3306/1 3307/3307/1
f 3186/3186/1 3307/3307/1 3187/3187/1
f 3187/3187/1 3307/3307/1 3308/3308/1
f 3187/3187/1 3308/3308/1 3188/3188/1
f 3188/3188/1 3308/3308/1 3309/3309/1
f 3188/3188/1 3309/3309/1 3189/3189/1
f 3189/3189/1 3309/3309/1 3310/3310/1
f 3189/3189/1 3310/3310/1 3190/3190/1
f 3190/3190/1 3310/3310/1 3311/3311/1
f 3190/3190/1 3311/3311/1 3191/3191/1
f 3191/3191/1 3311/3311/1 3312/3312/1
f 3191/3191/1 3312/3312/1 3192/3192/1
f 3192/3192/1 3312/3312/1 3313/3313/1
f 3192/3192/1 3313/3313/1 3193/3193/1
f 3193/3193/1 3313/3313/1 3314/3314/1
f 3193/3193/1 3314/3314/1 3194/3194/1
f 3194/3194/1 3314/3314/1 3315/3315/1
f 3194/3194/1 3315/3315/1 3195/3195/1
f 3195/3195/1 3315/3315/1 3316/3316/1
f 3195/3195/1 3316/3316/1 3196/3196/1
f 3196/3196/1 3316/3316/1 3317/3317/1
f 3196/3196/1 3317/3317/1 3197/3197/1
f 3197/3197/1 3317/3317/1 3318/3318/1
f 3197/3197/1 3318/3318/1 3198/3198/1
f 3198/3198/1 3318/3318/1 3319/3319/1
f 3198/3198/1 3319/3319/1 3199/3199/1
f 3199/3199/1 3319/3319/1 3320/3320/1
f 3199/3199/1 3320/3320/1 3200/3200/1
f 3200/3200/1 3320/3320/1 3321/3321/1
f 3200/3200/1 3321/3321/1 3201/3201/1
f 3201/3201/1 3321/3321/1 3322/3322/1
f 3201/3201/1 3322/3322/1 3202/3202/1
f 3202/3202/1 3322/3322/1 3323/3323/1
f 3202/3202/1 3323/3323/1 3203/3203/1
f 3203/3203/1 3323/3323/1 3324/3324/1
f 3203/3203/1 3324/3324/1 3204/3204/1
f 3204/3204/1 3324/3324/1 3325/3325/1
f 3204/3204/1 3325/3325/1 3205/3205/1
f 3205/3205/1 3325/3325/1 3326/3326/1
f 3205/3205/1 3326/3326/1 3206/3206/1
f 3206/3206/1 3326/3326/1 3327/3327/1
f 3206/3206/1 3327/3327/1 3207/3207/1
f 3207/3207/1 3327/3327/1 3328/3328/1
f 3207/3207/1 3328/3328/1 3208/3208/1
f 3208/3208/1 3328/3328/1 3329/3329/1
f 3208/3208/1 3329/3329/1 3209/3209/1
f 3209/3209/1 3329/3329/1 3330/3330/1
f 3209/3209/1 3330/3330/1 3210/3210/1
f 3210/3210/1 3330/3330/1 3331/3331/1
f 3210/3210/1 3331/3331/1 3211/3211/1
f 3211/3211/1 3331/3331/1 3332/3332/1
f 3211/3211/1 3332/3332/1 3212/3212/1
f 3212/3212/1 3332/3332/1 3333/3333/1
f 3212/3212/1 3333/3333/1 3213/3213/1
f 3213/3213/1 3333/3333/1 3334/3334/1
f 3213/3213/1 3334/3334/1 3214/3214/1
f 3214/3214/1 3334/3334/1 3335/3335/1
f 3214/3214/1 3335/3335/1 3215/3215/1
f 3215/3215/1 3335/3335/1 3336/3336/1
f 3215/3215/1 3336/3336/1 3216/3216/1
f 3216/3216/1 3336/3336/1 3337/3337/1
f 3216/3216/1 3337/3337/1 3217/3217/1
f 3217/3217/1 3337/3337/1 3338/3338/1
f 3217/3217/1 3338/3338/1 3218/3218/1
f 3218/3218/1 3338/3338/1 3339/3339/1
f 3218/3218/1 3339/3339/1 3219/3219/1
f 3219/3219/1 3339/3339/1 3340/3340/1
f 3219/3219/1 3340/3340/1 3220/3220/1
f 3220/3220/1 3340/3340/1 3341/3341/1
f 3220/3220/1 3341/3341/1 3221/3221/1
f 3221/3221/1 3341/3341/1 3342/3342/1
f 3221/3221/1 3342/3342/1 3222/3222/1
f 3222/3222/1 3342/3342/1 3343/3343/1
f 3222/3222/1 3343/3343/1 3223/3223/1
f 3223/3223/1 3343/3343/1 3344/3344/1
f 3223/3223/1 3344/3344/1 3224/3224/1
f 3224/3224/1 3344/3344/1 3345/3345/1
f 3224/3224/1 3345/3345/1 3225/3225/1
f 3225/3225/1 3345/3345/1 3346/3346/1
f 3225/3225/1 3346/3346/1 3226/3226/1
f 3226/3226/1 3346/3346/1 3347/3347/1
f 3226/3226/1 3347/3347/1 3227/3227/1
f 3227/3227/1 3347/3347/1 3348/3348/1
f 3227/3227/1 3348/3348/1 3228/3228/1
f 3228/3228/1 3348/3348/1 3349/3349/1
f 3228/3228/1 3349/3349/1 3229/3229/1
f 3229/3229/1 3349/3349/1 3350/3350/1
f 3229/3229/1 3350/3350/1 3230/3230/1
f 3230/3230/1 3350/3350/1 3351/3351/1
f 3230/3230/1 3351/3351/1 3231/3231/1
f 3231/3231/1 3351/3351/1 3352/3352/1
f 3231/3231/1 3352/3352/1 3232/3232/1
f 3232/3232/1 3352/3352/1 3353/3353/1
f 3232/3232/1 3353/3353/1 3233/3233/1
f 3233/3233/1 3353/3353/1 3354/3354/1
f 3233/3233/1 3354/3354/1 3234/3234/1
f 3234/3234/1 3354/3354/1 3355/3355/1
f 3234/3234/1 3355/3355/1 3235/3235/1
f 3235/3235/1 3355/3355/1 3356/3356/1
f 3235/3235/1 3356/3356/1 3236/3236/1
f 3236/3236/1 3356/3356/1 3357/3357/1
f 3236/3236/1 3357/3357/1 3237/3237/1
f 3237/3237/1 3357/3357/1 3358/3358/1
f 3237/3237/1 3358/3358/1 3238/3238/1
f 3238/3238/1 3358/3358/1 3359/3359/1
f 3238/3238/1 3359/3359/1 3239/3239/1
f 3239/3239/1 3359/3359/1 3360/3360/1
f 3239/3239/1 3360/3360/1 3240/3240/1
f 3240/3240/1 3360/3360/1 3361/3361/1
f 3240/3240/1 3361/3361/1 3241/3241/1
f 3241/3241/1 3361/3361/1 3362/3362/1
f 3241/3241/1 3362/3362/1 3242/3242/1
f 3242/3242/1 3362/3362/1 3363/3363/1
f 3242/3242/1 3363/3363/1 3243/3243/1
f 3243/3243/1 3363/3363/1 3364/3364/1
f 3243/3243/1 3364/3364/1 3244/3244/1
f 3244/3244/1 3364/3364/1 3365/3365/1
f 3244/3244/1 3365/3365/1 3245/3245/1
f 3245/3245/1 3365/3365/1 3366/3366/1
f 3245/3245/1 3366/3366/1 3246/3246/1
f 3246/3246/1 3366/3366/1 3367/3367/1
f 3246/3246/1 3367/3367/1 3247/3247/1
f 3247/3247/1 3367/3367/1 3368/3368/1
f 3247/3247/1 3368/3368/1 3248/3248/1
f 3248/3248/1 3368/3368/1 3369/3369/1
f 3248/3248/1 3369/3369/1 3249/3249/1
f 3249/3249/1 3369/3369/1 3370/3370/1
f 3249/3249/1 3370/3370/1 3250/3250/1
f 3250/3250/1 3370/3370/1 3371/3371/1
f 3250/3250/1 3371/3371/1 3251/3251/1
f 3251/3251/1 3371/3371/1 3372/3372/1
f 3251/3251/1 3372/3372/1 3252/3252/1
f 3252/3252/1 3372/3372/1 3373/3373/1
f 3252/3252/1 3373/3373/1 3253/3253/1
f 3253/3253/1 3373/3373/1 3374/3374/1
f 3253/3253/1 3374/3374/1 3254/3254/1
f 3254/3254/1 3374/3374/1 3375/3375/1
f 3254/3254/1 3375/3375/1 3255/3255/1
f 3255/3255/1 3375/3375/1 3376/3376/1
f 3255/3255/1 3376/3376/1 3256/3256/1
f 3256/3256/1 3376/3376/1 3377/3377/1
f 3256/3256/1 3377/3377/1 3257/3257/1
f 3257/3257/1 3377/3377/1 3378/3378/1
f 3257/3257/1 3378/3378/1 3258/3258/1
f 3258/3258/1 3378/3378/1 3379/3379/1
f 3258/3258/1 3379/3379/1 3259/3259/1
f 3259/3259/1 3379/3379/1 3380/3380/1
f 3259/3259/1 3380/3380/1 3260/3260/1
f 3260/3260/1 3380/3380/1 3381/3381/1
f 3260/3260/1 3381/3381/1 3261/3261/1
f 3261/3261/1 3381/3381/1 3382/3382/1
f 3261/3261/1 3382/3382/1 3262/3262/1
f 3262/3262/1 3382/3382/1 3383/3383/1
f 3262/3262/1 3383/3383/1 3263/3263/1
f 3263/3263/1 3383/3383/1 3384/3384/1
f 3263/3263/1 3384/3384/1 3264/3264/1
f 3264/3264/1 3384/3384/1 3385/3385/1
f 3264/3264/1 3385/3385/1 3265/3265/1
f 3265/3265/1 3385/3385/1 3386/3386/1
f 3265/3265/1 3386/3386/1 3266/3266/1
f 3266/3266/1 3386/3386/1 3387/3387/1
f 3266/3266/1 3387/3387/1 3267/3267/1
f 3267/3267/1 3387/3387/1 3388/3388/1
f 3268/3268/1 3389/3389/1 3269/3269/1
f 3269/3269/1 3389/3389/1 3390/3390/1
f 3269/3269/1 3390/3390/1 3270/3270/1
f 3270/3270/1 3390/3390/1 3391/3391/1
f 3270/3270/1 3391/3391/1 3271/3271/1
f 3271/3271/1 3391/3391/1 3392/3392/1
f 3271/3271/1 3392/3392/1 3272/3272/1
f 3272/3272/1 3392/3392/1 3393/3393/1
f 3272/3272/1 3393/3393/1 3273/3273/1
f 3273/3273/1 3393/3393/1 3394/3394/1
f 3273/3273/1 3394/3394/1 3274/3274/1
f 3274/3274/1 3394/3394/1 3395/3395/1
f 3274/3274/1 3395/3395/1 3275/3275/1
f 3275/3275/1 3395/3395/1 3396/3396/1
f 3275/3275/1 3396/3396/1 3276/3276/1
f 3276/3276/1 3396/3396/1 3397/3397/1
f 3276/3276/1 3397/3397/1 3277/3277/1
f 3277/3277/1 3397/3397/1 3398/3398/1
f 3277/3277/1 3398/3398/1 3278/3278/1
f 3278/3278/1 3398/3398/1 3399/3399/1
f 3278/3278/1 3399/3399/1 3279/3279/1
f 3279/3279/1 3399/3399/1 3400/3400/1
f 3279/3279/1 3400/3400/1 3280/3280/1
f 3280/3280/1 3400/3400/1 3401/3401/1
f 3280/3280/1 3401/3401/1 3281/3281/1
f 3281/3281/1 3401/3401/1 3402/3402/1
f 3281/3281/1 3402/3402/1 3282/3282/1
f 3282/3282/1 3402/3402/1 3403/3403/1
f 3282/3282/1 3403/3403/1 3283/3283/1
f 3283/3283/1 3403/3403/1 3404/3404/1
f 3283/3283/1 3404/3404/1 3284/3284/1
f 3284/3284/1 3404/3404/1 3405/3405/1
f 3284/3284/1 3405/3405/1 3285/3285/1
f 3285/3285/1 3405/3405/1 3406/3406/1
f 3285/3285/1 3406/3406/1 3286/3286/1
f 3286/3286/1 3406/3406/1 3407/3407/1
f 3286/3286/1 3407/3407/1 3287/3287/1
f 3287/3287/1 3407/3407/1 3408/3408/1
f 3287/3287/1 3408/3408/1 3288/3288/1
f 3288/3288/1 3408/3408/1 3409/3409/1
f 3288/3288/1 3409/3409/1 3289/3289/1
f 3289/3289/1 3409/3409/1 3410/3410/1
f 3289/3289/1 3410/3410/1 3290/3290/1
f 3290/3290/1 3410/3410/1 3411/3411/1
f 3290/3290/1 3411/3411/1 3291/3291/1
f 3291/3291/1 3411/3411/1 3412/3412/1
f 3291/3291/1 3412/3412/1 3292/3292/1
f 3292/3292/1 3412/3412/1 3413/3413/1
f 3292/3292/1 3413/3413/1 3293/3293/1
f 3293/3293/1 3413/3413/1 3414/3414/1
f 3293/3293/1 3414/3414/1 3294/3294/1
f 3294/3294/1 3414/3414/1 3415/3415/1
f 3294/3294/1 3415/3415/1 3295/3295/1
f 3295/3295/1 3415/3415/1 3416/3416/1
f 3295/3295/1 3416/3416/1 3296/3296/1
f 3296/3296/1 3416/3416/1 3417/3417/1
f 3296/3296/1 3417/3417/1 3297/3297/1
f 3297/3297/1 3417/3417/1 3418/3418/1
f 3297/3297/1 3418/3418/1 3298/3298/1
f 3298/3298/1 3418/3418/1 3419/3419/1
f 3298/3298/1 3419/3419/1 3299/3299/1
f 3299/3299/1 3419/3419/1 3420/3420/1
f 3299/3299/1 3420/3420/1 3300/3300/1
f 3300/3300/1 3420/3420/1 3421/3421/1
f 3300/3300/1 3421/3421/1 3301/3301/1
f 3301/3301/1 3421/3421/1 3422/3422/1
f 3301/3301/1 3422/3422/1 3302/3302/1
f 3302/3302/1 3422/3422/1 3423/3423/1
f 3302/3302/1 3423/3423/1 3303/3303/1
f 3303/3303/1 3423/3423/1 3424/3424/1
f 3303/3303/1 3424/3424/1 3304/3304/1
f 3304/3304/1 3424/3424/1 3425/3425/1
f 3304/3304/1 3425/3425/1 3305/3305/1
f 3305/3305/1 3425/3425/1 3426/3426/1
f 3305/3305/1 3426/3426/1 3306/3306/1
f 3306/3306/1 3426/3426/1 3427/3427/1
f 3306/3306/1 3427/3427/1 3307/3307/1
f 3307/3307/1 3427/3427/1 3428/3428/1
f 3307/3307/1 3428/3428/1 3308/3308/1
f 3308/3308/1 3428/3428/1 3429/3429/1
f 3308/3308/1 3429/3429/1 3309/3309/1
f 3309/3309/1 3429/3429/1 3430/3430/1
f 3309/3309/1 3430/3430/1 3310/3310/1
f 3310/3310/1 3430/3430/1 3431/3431/1
f 3310/3310/1 3431/3431/1 3311/3311/1
f 3311/3311/1 3431/3431/1 3432/3432/1
f 3311/3311/1 3432/3432/1 3312/3312/1
f 3312/3312/1 3432/3432/1 3433/3433/1
f 3312/3312/1 3433/3433/1 3313/3313/1
f 3313/3313/1 3433/3433/1 3434/3434/1
f 3313/3313/1 3434/3434/1 3314/3314/1
f 3314/3314/1 3434/3434/1 3435/3435/1
f 3314/3314/1 3435/3435/1 3315/3315/1
f 3315/3315/1 3435/3435/1 3436/3436/1
f 3315/3315/1 3436/3436/1 3316/3316/1
f 3316/3316/1 3436/3436/1 3437/3437/1
f 3316/3316/1 3437/3437/1 3317/3317/1
f 3317/3317/1 3437/3437/1 3438/3438/1
f 3317/3317/1 3438/3438/1 3318/3318/1
f 3318/3318/1 3438/3438/1 3439/3439/1
f 3318/3318/1 3439/3439/1 3319/3319/1
f 3319/3319/1 3439/3439/1 3440/3440/1
f 3319/3319/1 3440/3440/1 3320/3320/1
f 3320/3320/1 3440/3440/1 3441/3441/1
f 3320/3320/1 3441/3441/1 3321/3321/1
f 3321/3321/1 3441/3441/1 3442/3442/1
f 3321/3321/1 3442/3442/1 3322/3322/1
f 3322/3322/1 3442/3442/1 3443/3443/1
f 3322/3322/1 3443/3443/1 3323/3323/1
f 3323/3323/1 3443/3443/1 3444/3444/1
f 3323/3323/1 3444/3444/1 3324/3324/1
f 3324/3324/1 3444/3444/1 3445/3445/1
f 3324/3324/1 3445/3445/1 3325/3325/1
f 3325/3325/1 3445/3445/1 3446/3446/1
f 3325/3325/1 3446/3446/1 3326/3326/1
f 3326/3326/1 3446/3446/1 3447/3447/1
f 3326/3326/1 3447/3447/1 3327/3327/1
f 3327/3327/1 3447/3447/1 3448/3448/1
f 3327/3327/1 3448/3448/1 3328/3328/1
f 3328/3328/1 3448/3448/1 3449/3449/1
f 3328/3328/1 3449/3449/1 3329/3329/1
f 3329/3329/1 3449/3449/1 3450/3450/1
f 3329/3329/1 3450/3450/1 3330/3330/1
f 3330/3330/1 3450/3450/1 3451/3451/1
f 3330/3330/1 3451/3451/1 3331/3331/1
f 3331/3331/1 3451/3451/1 3452/3452/1
f 3331/3331/1 3452/3452/1 3332/3332/1
f 3332/3332/1 3452/3452/1 3453/3453/1
f 3332/3332/1 3453/3453/1 3333/3333/1
f 3333/3333/1 3453/3453/1 3454/3454/1
f 3333/3333/1 3454/3454/1 3334/3334/1
f 3334/3334/1 3454/3454/1 3455/3455/1
f 3334/3334/1 3455/3455/1 3335/3335/1
f 3335/3335/1 3455/3455/1 3456/3456/1
f 3335/3335/1 3456/3456/1 3336/3336/1
f 3336/3336/1 3456/3456/1 3457/3457/1
f 3336/3336/1 3457/3457/1 3337/3337/1
f 3337/3337/1 3457/3457/1 3458/3458/1
f 3337/3337/1 3458/3458/1 3338/3338/1
f 3338/3338/1 3458/3458/1 3459/3459/1
f 3338/3338/1 3459/3459/1 3339/3339/1
f 3339/3339/1 3459/3459/1 3460/3460/1
f 3339/3339/1 3460/3460/1 3340/3340/1
f 3340/3340/1 3460/3460/1 3461/3461/1
f 3340/3340/1 3461/3461/1 3341/3341/1
f 3341/3341/1 3461/3461/1 3462/3462/1
f 3341/3341/1 3462/3462/1 3342/3342/1
f 3342/3342/1 3462/3462/1 3463/3463/1
f 3342/3342/1 3463/3463/1 3343/3343/1
f 3343/3343/1 3463/3463/1 3464/3464/1
f 3343/3343/1 3464/3464/1 3344/3344/1
f 3344/3344/1 3464/3464/1 3465/3465/1
f 3344/3344/1 3465/3465/1 3345/3345/1
f 3345/3345/1 3465/3465/1 3466/3466/1
f 3345/3345/1 3466/3466/1 3346/3346/1
f 3346/3346/1 3466/3466/1 3467/3467/1
f 3346/3346/1 3467/3467/1 3347/3347/1
f 3347/3347/1 3467/3467/1 3468/3468/1
f 3347/3347/1 3468/3468/1 3348/3348/1
f 3348/3348/1 3468/3468/1 3469/3469/1
f 3348/3348/1 3469/3469/1 3349/3349/1
f 3349/3349/1 3469/3469/1 3470/3470/1
f 3349/3349/1 3470/3470/1 3350/3350/1
f 3350/3350/1 3470/3470/1 3471/3471/1
f 3350/3350/1 3471/3471/1 3351/3351/1
f 3351/3351/1 3471/3471/1 3472/3472/1
f 3351/3351/1 3472/3472/1 3352/3352/1
f 3352/3352/1 3472/3472/1 3473/3473/1
f 3352/3352/1 3473/3473/1 3353/3353/1
f 3353/3353/1 3473/3473/1 3474/3474/1
f 3353/3353/1 3474/3474/1 3354/3354/1
f 3354/3354/1 3474/3474/1 3475/3475/1
f 3354/3354/1 3475/3475/1 3355/3355/1
f 3355/3355/1 3475/3475/1 3476/3476/1
f 3355/3355/1 3476/3476/1 3356/3356/1
f 3356/3356/1 3476/3476/1 3477/3477/1
f 3356/3356/1 3477/3477/1 3357/3357/1
f 3357/3357/1 3477/3477/1 3478/3478/1
f 3357/3357/1 3478/3478/1 3358/3358/1
f 3358/3358/1 3478/3478/1 3479/3479/1
f 3358/3358/1 3479/3479/1 3359/3359/1
f 3359/3359/1 3479/3479/1 3480/3480/1
f 3359/3359/1 3480/3480/1 3360/3360/1
f 3360/3360/1 3480/3480/1 3481/3481/1
f 3360/3360/1 3481/3481/1 3361/3361/1
f 3361/3361/1 3481/3481/1 3482/3482/1
f 3361/3361/1 3482/3482/1 3362/3362/1
f 3362/3362/1 3482/3482/1 3483/3483/1
f 3362/3362/1 3483/3483/1 3363/3363/1
f 3363/3363/1 3483/3483/1 3484/3484/1
f 3363/3363/1 3484/3484/1 3364/3364/1
f 3364/3364/1 3484/3484/1 3485/3485/1
f 3364/3364/1 3485/3485/1 3365/3365/1
f 3365/3365/1 3485/3485/1 3486/3486/1
f 3365/3365/1 3486/3486/1 3366/3366/1
f 3366/3366/1 3486/3486/1 3487/3487/1
f 3366/3366/1 3487/3487/1 3367/3367/1
f 3367/3367/1 3487/3487/1 3488/3488/1
f 3367/3367/1 3488/3488/1 3368/3368/1
f 3368/3368/1 3488/3488/1 3489/3489/1
f 3368/3368/1 3489/3489/1 3369/3369/1
f 3369/3369/1 3489/3489/1 3490/3490/1
f 3369/3369/1 3490/3490/1 3370/3370/1
f 3370/3370/1 3490/3490/1 3491/3491/1
f 3370/3370/1 3491/3491/1 3371/3371/1
f 3371/3371/1 3491/3491/1 3492/3492/1
f 3371/3371/1 3492/3492/1 3372/3372/1
f 3372/3372/1 3492/3492/1 3493/3493/1
f 3372/3372/1 3493/3493/1 3373/3373/1
f 3373/3373/1 3493/3493/1 3494/3494/1
f 3373/3373/1 3494/3494/1 3374/3374/1
f 3374/3374/1 3494/3494/1 3495/3495/1
f 3374/3374/1 3495/3495/1 3375/3375/1
f 3375/3375/1 3495/3495/1 3496/3496/1
f 3375/3375/1 3496/3496/1 3376/3376/1
f 3376/3376/1 3496/3496/1 3497/3497/1
f 3376/3376/1 3497/3497/1 3377/3377/1
f 3377/3377/1 3497/3497/1 3498/3498/1
f 3377/3377/1 3498/3498/1 3378/3378/1
f 3378/3378/1 3498/3498/1 3499/3499/1
f 3378/3378/1 3499/3499/1 3379/3379/1
f 3379/3379/1 3499/3499/1 3500/3500/1
f 3379/3379/1 3500/3500/1 3380/3380/1
f 3380/3380/1 3500/3500/1 3501/3501/1
f 3380/3380/1 3501/3501/1 3381/3381/1
f 3381/3381/1 3501/3501/1 3502/3502/1
f 3381/3381/1 3502/3502/1 3382/3382/1
f 3382/3382/1 3502/3502/1 3503/3503/1
f 3382/3382/1 3503/3503/1 3383/3383/1
f 3383/3383/1 3503/3503/1 3504/3504/1
f 3383/3383/1 3504/3504/1 3384/3384/1
f 3384/3384/1 3504/3504/1 3505/3505/1
f 3384/3384/1 3505/3505/1 3385/3385/1
f 3385/3385/1 3505/3505/1 3506/3506/1
f 3385/3385/1 3506/3506/1 3386/3386/1
f 3386/3386/1 3506/3506/1 3507/3507/1
f 3386/3386/1 3507/3507/1 3387/3387/1
f 3387/3387/1 3507/3507/1 3508/3508/1
f 3387/3387/1 3508/3508/1 3388/3388/1
f 3388/3388/1 3508/3508/1 3509/3509/1
